vehicle_id,title,description,availability,state_of_vehicle,price,url,image[0].url,vin,year,make,model,trim,body_style,mileage.value,mileage.unit,exterior_color,interior_color,transmission,drivetrain,fuel_type,address
1FDXE45S53HB01134,2003 Ford E-450SD BUS,"6.8L V10 Efi, 4-Wheel Anti-Lock Braking System, ABS brakes, Cloth Seat Trim, Front Cloth Headliner, Gvwr: 14,050 lb Payload Package #1, High Series Door Trim Panels, Interior Upgrade Package w/Vinyl Floor Covering, Power Door Locks/Windows, Vinyl Floor Covering. White 2003 Ford E-450SD Bus 27 Passenger Bus RWD 4-Speed Automatic with Overdrive 6.8L V10 Efi Odometer is 41799 miles below market average!",available,used,14998.00 USD,https://www.lewisfarmington.com/used/Ford/2003-Ford-E-450SD-6d4ecf63ac18488319dc72206dd2ce3e.htm,https://pictures.web.dealer.com/l/lewisfordfd/1072/5d281dc451bb39064b1e785b224c4b35x.jpg,1FDXE45S53HB01134,2003,Ford,E-450SD,BUS,TRUCK,49035,MI,White,RED,AUTOMATIC,RWD,GASOLINE,"{addr1: '323 E Main Street', city: 'Farmington', region: 'AR', postal_code: '72730', country: 'US'}"
4S4BTGUD4S3109936,2025 Subaru Outback Wilderness,"Certified. Priced below KBB Fair Purchase Price! 5YR/60,000 Mile Warranty, 1 Year Free Oil Changes, 1 Year Free Tire Rotation, Automatic temperature control, Front dual zone A/C, Power Moonroof, Power Moonroof & Navigation & Rab, Radio: Subaru 11.6"" Multimedia System w/Navigation, Reverse Automatic Braking (Rab) System. Magnetite Gray Metallic 2025 Subaru Outback Wilderness AWD Cvt Lineartronic 2.4L Dohc 21/26 City/Highway MPG Certification Program Details: Lewis Automotive Guarantee",available,used,32363.00 USD,https://www.thatguythatsellscars.com/inventory/2906428,https://pictures.web.dealer.com/l/lewischryslerdodgecllc/0922/60babb577bbf9ae385a544e98546bf34x.jpg,4S4BTGUD4S3109936,2025,Subaru,Outback,Wilderness,SUV,32575,MI,Magnetite Gray Metallic,Gray,AUTOMATIC,AWD,GASOLINE,"{addr1: '323 E Main Street', city: 'Farmington', region: 'AR', postal_code: '72730', country: 'US'}"
2C4RC1L74KR532860,2019 Chrysler Pacifica Hybrid Touring L,"Home OF The Lewis Guarantee This 2019 Chrysler Pacifica Hybrid Touring L delivers the versatility and efficiency families need. Finished in silver with a fuel-efficient hybrid powertrain, this minivan combines practical features with modern technology to make every drive comfortable and convenient. Key Features: - 1 Year Free Oil Changes - 1 Year Free Tire Rotation - 6-Month/6,000 Mile Warranty - Single Rear Overhead Dvd System - Uconnect 4 with 8.4"" Touchscreen - Apple CarPlay and Android Auto Integration - Heated Front Seats and Steering Wheel - ParkView Rear Back-Up Camera - Automatic Temperature Control with Front and Rear Climate Zones - Power Liftgate The 3.6L V6 engine paired with Cvt transmission and front-wheel drive delivers responsive performance while maintaining hybrid efficiency. Inside, you'll find comfortable seating for the entire family with split folding rear seats and a reclining third-row option, making it easy to configure cargo space when needed. The cabin features dual-zone automatic climate control, leather steering wheel, and comprehensive Bluetooth connectivity. Safety is paramount with dual front impact airbags, side impact airbags, knee airbags, overhead airbags, electronic stability control, and traction control to keep your family protected. Additional conveniences include keyless entry, power windows and door mirrors, fog lights, and an emergency communication system. Visit us today to experience this family-ready minivan firsthand and discover why the Pacifica Hybrid is the smart choice for modern families.",available,used,15868.00 USD,https://www.thatguythatsellscars.com/inventory/3028234,https://pictures.web.dealer.com/l/lewisfordfd/0875/4efacc937fbcdc87943a347e805751ffx.jpg,2C4RC1L74KR532860,2019,Chrysler,Pacifica Hybrid,Touring L,MINIVAN,103001,MI,Billet Silver Metallic Clearcoat,Black/Alloy,AUTOMATIC,FWD,HYBRID,"{addr1: '323 E Main Street', city: 'Farmington', region: 'AR', postal_code: '72730', country: 'US'}"
1FTFW1RJ9RFA43675,2024 Ford F-150 Raptor,"Take command of the open road in this exceptional 2024 Ford F-150 Raptor. Engineered to conquer the most rugged terrain, this off-road-ready truck delivers unparalleled capability and style. - Twin Panel Moonroof - Equipment Group 803A Raptor R including Raptor R Exterior Graphics, Raptor R Exterior Theme, Raptor R Unique Grille, Raptor R Unique Hood Vent, Code Orange Stitching, Raptor R Unique Wheels, and more Outfitted with a powerful 5.2L Supercharged V8 engine and 10-speed automatic transmission, the Raptor R offers thrilling performance both on and off the pavement. Its advanced 4WD system, Dual Valve Shocks, and 37-inch all-terrain tires ensure you'll confidently tackle any adventure. Inside, the Raptor R pampers you with premium features like Recaro front seats with code orange stitching, a heated steering wheel, and a state-of-the-art B&O audio system. The spacious cabin and versatile cargo bed make this truck as practical as it is exhilarating to drive. This 2024 Ford F-150 Raptor R is a true off-road icon, blending uncompromising capability with unmatched refinement. Experience the ultimate in truck performance and luxury. Schedule a test drive today.",available,used,108708.00 USD,https://www.thatguythatsellscars.com/inventory/2922497,https://pictures.web.dealer.com/l/lewisfordfd/1152/a86d05ae02c82eb842fd33ebece61f9dx.jpg,1FTFW1RJ9RFA43675,2024,Ford,F-150,Raptor,TRUCK,23429,MI,Gray Metallic,Black,AUTOMATIC,4X4,GASOLINE,"{addr1: '323 E Main Street', city: 'Farmington', region: 'AR', postal_code: '72730', country: 'US'}"
1C4SJVFP1RS127123,2024 Jeep Grand Wagoneer Series II,"Certified. Priced below KBB Fair Purchase Price! 5YR/60,000 Mile Warranty, 1 Year Free Oil Changes, 1 Year Free Tire Rotation, Locally Owned, 23 Speaker McIntosh Reference Audio System, Adjustable Roof Rail Crossbars, Black Roof, Cargo Cover, Front Passenger Interactive Display, Gloss Black Upper & Lower Dlo Molding, Navigation System, Obsidian Appearance Package, Piano Black Exterior Accents, Premium Tinted Glass, Quick Order Package 28T Obsidian, Rearview Autodim Digital Display Mirror, Ventilated Rear Seats, Wheels: 22"" x 9.0"" Tinted Polished w/Black Insert. Midnight Sky 2024 Jeep Grand Wagoneer Series II 4WD 8-Speed Automatic 3.0L I6 Odometer is 47679 miles below market average! Certification Program Details: Lewis Automotive Guarantee",available,used,56893.00 USD,https://www.thatguythatsellscars.com/inventory/2928388,https://pictures.web.dealer.com/l/lewischryslerdodgecllc/0459/a21c2965c65f03b1297b085bbcaa24e8x.jpg,1C4SJVFP1RS127123,2024,Jeep,Grand Wagoneer,Series II,SUV,17429,MI,Midnight Sky,Black,AUTOMATIC,4X4,GASOLINE,"{addr1: '323 E Main Street', city: 'Farmington', region: 'AR', postal_code: '72730', country: 'US'}"
2C3CDXCT5NH170328,2022 Dodge Charger R/T,"Home OF The Lewis Guarantee This 2022 Dodge Charger R/T delivers raw American muscle with serious style. The iconic orange exterior commands attention, while the legendary Hemi 5.7L V8 engine paired with an 8-Speed Automatic transmission puts pure performance at your fingertips. With rear-wheel drive and a 16/25 city/highway fuel economy rating, this is a car built for drivers who want genuine power and presence on the road. Key Features: - Hemi 5.7L V8 Multi Displacement Vvt Engine - 8-Speed Automatic Transmission, RWD - Blacktop Package with aggressive styling elements - Navigation & Travel Group with SiriusXM services - Uconnect 4C infotainment system with 8.4"" touchscreen - Apple CarPlay and Android Auto connectivity - Premium audio with SiriusXM satellite radio - 20"" Black Noise painted alloy wheels - ParkView rear backup camera - Sport steering wheel and performance seats This Charger has been meticulously maintained and shows 70,783 miles. The Blacktop Package adds distinctive black trim details, including the performance spoiler and Blacktop R/T badges, creating an aggressive, cohesive appearance. The interior features cloth performance seats, dual-zone automatic climate control, and a full suite of modern conveniences including HomeLink garage door transmitter and an overhead console for practical storage. This vehicle comes with 1 Year Free Oil Changes, 1 Year Free Tire Rotation, and a 3-Year/36,000 Mile Warranty to provide confidence in your ownership experience. We invite you to experience this outstanding Charger in person. Contact us today to schedule a test drive and discover why this R/T belongs in your garage.",available,used,29144.00 USD,https://www.thatguythatsellscars.com/inventory/3025701,https://pictures.web.dealer.com/l/lewisfordfd/1173/0bc7392c53964ad6f78061f5e4f51ee1x.jpg,2C3CDXCT5NH170328,2022,Dodge,Charger,R/T,SEDAN,70783,MI,Go Mango!,Black,AUTOMATIC,RWD,GASOLINE,"{addr1: '323 E Main Street', city: 'Farmington', region: 'AR', postal_code: '72730', country: 'US'}"
JTEKU5JR6P6173628,2023 Toyota 4Runner Limited,"Certified. 5YR/60,000 Mile Warranty, 1 Year Free Oil Changes, 1 Year Free Tire Rotation, Locally Owned, Well Maintained, 4WD, Redwood Leather, 15 Speakers, Automatic temperature control, Dual Zone Auto Climate Control, Front dual zone A/C, Garage Door Opener, Heated Outside Rear-View Mirrors, Limited Package, Memory seat, Moonroof w/Tilt Up & Slide, Navigation System, Panoramic Back Monitor, Radio: Premium Audio w/JBL, Silver Roof Rails. Magnetic Gray Metallic 2023 Toyota 4Runner Limited 4WD 5-Speed with Ect 4.0L V6 Dohc 24V Certification Program Details: Lewis Automotive Guarantee",available,used,44511.00 USD,https://www.thatguythatsellscars.com/inventory/2960362,https://pictures.web.dealer.com/l/lewischryslerdodgecllc/0822/0e6bc61ffb0ac23e21449f0d1c819eddx.jpg,JTEKU5JR6P6173628,2023,Toyota,4Runner,Limited,SUV,45354,MI,Magnetic Gray Metallic,Redwood,AUTOMATIC,4X4,GASOLINE,"{addr1: '323 E Main Street', city: 'Farmington', region: 'AR', postal_code: '72730', country: 'US'}"
1FTFW4L84SFA56234,2025 Ford F-150 Tremor,"Priced below KBB Fair Purchase Price! 5YR/60,000 Mile Warranty, Tremor, 4WD, Oxford White, Auto-dimming door mirrors, Internet access capable: FordPass Connect 5G, Navigation system: Connected Navigation, Steering wheel mounted audio controls. Oxford White 2025 Ford F-150 Tremor 4WD 10-Speed Automatic 3.5L V6 EcoBoost",available,used,55286.00 USD,https://www.thatguythatsellscars.com/inventory/2964342,https://pictures.web.dealer.com/l/lewisfordfd/1735/b4c7258c5f0734b5624ca5ed389b648ax.jpg,1FTFW4L84SFA56234,2025,Ford,F-150,Tremor,TRUCK,22450,MI,Oxford White,Black,AUTOMATIC,4X4,GASOLINE,"{addr1: '323 E Main Street', city: 'Farmington', region: 'AR', postal_code: '72730', country: 'US'}"
1FTEW3LP1RFA61639,2024 Ford F-150 XLT,"5YR/60,000 Mile Warranty, Xlt, 4WD, Carbonized Gray Metallic, Chrome wheels, Heated Front Seats, Navigation system: Connected Navigation, Power-Sliding Rear Window, Remote keyless entry, Steering wheel mounted audio controls. Carbonized Gray Metallic 2024 Ford F-150 Xlt 4WD 10-Speed Automatic 2.7L V6 EcoBoost",available,used,39673.00 USD,https://www.thatguythatsellscars.com/inventory/2964341,https://pictures.web.dealer.com/l/lewisfordfd/1587/ae669e2002834167215d8529c33273d2x.jpg,1FTEW3LP1RFA61639,2024,Ford,F-150,XLT,TRUCK,48654,MI,Carbonized Gray Metallic,Black W/Medium Dark Slate,AUTOMATIC,4X4,GASOLINE,"{addr1: '323 E Main Street', city: 'Farmington', region: 'AR', postal_code: '72730', country: 'US'}"
1C4SJVBP0TS155654,2026 Jeep Grand Wagoneer Limited Altitude,"Certified. Priced below KBB Fair Purchase Price! 5YR/60,000 Mile Warranty, 1 Year Free Oil Changes, 1 Year Free Tire Rotation, Locally Owned, Well Maintained, One Owner, 19 Speaker McIntosh Audio System, 3 Panel Sunroof, Altitude Appearance Package, Black Exterior Accents, Cargo Cover, Interior Rear Facing Camera, Luxury Front and Rear Floor Mats, Navigation System, Power Deployable Running Boards, Premium Group II, Quick Order Package 29X Altitude, Reversible Carpet/Vinyl Cargo Mat, Titanium Daylight Opening Upper, Titanium Upper Grille Applique, Wheels: 20"" x 9"" Aluminum Painted. Silver Zynith 2026 Jeep Grand Wagoneer Limited Altitude 4WD 8-Speed Automatic 3.0L I6 Odometer is 2909 miles below market average! Certification Program Details: Lewis Automotive Guarantee",available,used,63188.00 USD,https://www.thatguythatsellscars.com/inventory/2965810,https://pictures.web.dealer.com/l/lewischryslerdodgecllc/1518/9a674b4679d06edd2905d0150783efbfx.jpg,1C4SJVBP0TS155654,2026,Jeep,Grand Wagoneer,Limited Altitude,SUV,5070,MI,Silver Zynith,Black,AUTOMATIC,4X4,GASOLINE,"{addr1: '323 E Main Street', city: 'Farmington', region: 'AR', postal_code: '72730', country: 'US'}"
1FM5K8HC2RGA15404,2024 Ford Explorer Platinum,"Priced below KBB Fair Purchase Price! 5YR/60,000 Mile Warranty, 1 Year Free Oil Changes, 1 Year Free Tire Rotation, Locally Owned, Well Maintained, New Tires, One Owner, 4WD, Class IV Trailer Tow Package, Equipment Group 601A, Navigation System. Black Metallic 2024 Ford Explorer Platinum 4WD 10-Speed Automatic 3.0L EcoBoost V6",available,used,36110.00 USD,https://www.thatguythatsellscars.com/inventory/2965812,https://pictures.web.dealer.com/l/lewischryslerdodgecllc/1339/a81b95aedf428fcc0c4fee7ff9172d71x.jpg,1FM5K8HC2RGA15404,2024,Ford,Explorer,Platinum,SUV,45522,MI,Black Metallic,Ebony,AUTOMATIC,4X4,GASOLINE,"{addr1: '323 E Main Street', city: 'Farmington', region: 'AR', postal_code: '72730', country: 'US'}"
WVWSA7CDXSW250956,2025 Volkswagen Golf GTI 2.0T SE,"The 2025 Volkswagen Golf Gti 2.0T SE is a thrilling performance hatchback that blends style, power, and practicality. This meticulously maintained example features a striking Black exterior and a host of premium amenities to enhance your driving experience. - 1 Year Free Oil Changes - 1 Year Free Tire Rotation - 5YR/60,000 Mile Warranty - Locally Owned The Golf GTI's turbocharged 2.0L Tsi engine is mated to a lightning-fast 7-Speed Dsg Automatic transmission, delivering an exhilarating 24 city / 32 highway MPG. Slip behind the wheel and you'll be captivated by the responsive handling, precise steering, and engaging driving dynamics that have made the Gti a beloved icon. Inside, you'll find a wealth of premium features, including: - harman/kardonÂ® Premium Audio System - 12.9"" Touchscreen Navigation - Panoramic Sunroof - Heated Front Seats and Steering Wheel - Leather-Wrapped Steering Wheel - Power Driver's Seat - And much more This 2025 Volkswagen Golf Gti 2.0T SE is a true driver's car, blending thrilling performance with everyday practicality. Visit our showroom today to experience the joy of ownership.",available,used,32452.00 USD,https://www.thatguythatsellscars.com/inventory/2968304,https://pictures.web.dealer.com/l/lewisfordfd/0842/73c600b96a72605dd7ca7b7a0a56c94cx.jpg,WVWSA7CDXSW250956,2025,Volkswagen,Golf GTI,2.0T SE,HATCHBACK,10837,MI,Mythos Black Metallic,Soul Black,AUTOMATIC,FWD,GASOLINE,"{addr1: '323 E Main Street', city: 'Farmington', region: 'AR', postal_code: '72730', country: 'US'}"
1GTUUHEL5RZ109571,2024 GMC Sierra 1500 Denali Ultimate,"Certified. Priced below KBB Fair Purchase Price! 3YR/36,000 Mile Warranty, 1 Year Free Oil Changes, 1 Year Free Tire Rotation, Locally Owned, Well Maintained, One Owner, 10-Speed Automatic, 4WD, Alpine Umber Leather, 120-Volt Bed Mounted Power Outlet, 120-Volt Interior Power Outlet, 2 Charge/Data USB Ports Inside Center Console, 2 Type-C Charge-Only Rear USB Ports, 2 USB Ports, Auto-Locking Rear Differential, Bed View Camera, Bose Premium Series w/12-Speaker System, Chrome Recovery Hooks, Color-Keyed Carpeting Floor Covering, Deep-Tinted Glass, Electric Rear-Window Defogger, Floor-Mounted Center Console, Front Rain-Sensing Wipers, Gmc Connected Access Capable, HD Surround Vision, Heated 2nd Row Outboard Seats, Heated Driver & Front Outboard Passenger Seating, Heavy-Duty Air Filter, Hill Descent Control, Hitch Guidance, Hitch View, In-Vehicle Trailering System App, Integrated Trailer Brake Controller, Keyless Open & Start, LED Cargo Area Lighting, Multicolor 15"" Diagonal Head-Up Display, MultiPro Tailgate Audio System by Kicker (Lpo), Navigation System, OnStar & Gmc Connected Services Capable, Perimeter Lighting, Power Door Locks, Power Front Passenger Windows w/Express Up/Down, Power Front Windows w/Driver Express Up/Down, Power Rake & Telescoping Steering Column, Power Rear Windows w/Express Down, Power Sliding Rear Window w/Rear Defogger, Power Sunroof, Preferred Equipment Group 5SB, Push Button Start, Rear Cross Traffic Braking, Rear Pedestrian Detection, Rear Wheelhouse Liners, Remote Vehicle Starter System, SiriusXM w/360L, Spray-On Pickup Bedliner w/Denali Logo, Steering Wheel Audio Controls, Theft Deterrent System (Unauthorized Entry), Trailer Camera Provisions, Trailer Side Blind Zone Alert, Trailer Tire Pressure Monitor System, Trailering Package, Ultrasonic Front & Rear Park Assist, Universal Home Remote, Vader Chrome Header w/Signature Denali Grille, Ventilated Driver & Front Passenger Seats, Wi-Fi Hotspot Capable, Wireless Charging. White Frost Tricoat 2024 Gmc Sierra 1500 Denali Ultimate 4WD 10-Speed Automatic EcoTec3 6.2L V8 Certification Program Details: Lewis Automotive Guarantee",available,used,50959.00 USD,https://www.thatguythatsellscars.com/inventory/2968291,https://pictures.web.dealer.com/l/lewischryslerdodgecllc/1446/f2cbb90d02adbabfc1d79dd0f2df526dx.jpg,1GTUUHEL5RZ109571,2024,GMC,Sierra 1500,Denali Ultimate,TRUCK,53171,MI,White Frost Tricoat,Alpine Umber,AUTOMATIC,4X4,GASOLINE,"{addr1: '323 E Main Street', city: 'Farmington', region: 'AR', postal_code: '72730', country: 'US'}"
1GC4YUEY4RF104744,2024 Chevrolet Silverado 3500HD LTZ,"Priced below KBB Fair Purchase Price! 3YR/36,000 Mile Warranty, 1 Year Free Oil Changes, 1 Year Free Tire Rotation, Locally Owned, 10-Speed Automatic, 4WD, Black Leather. Black 2024 Chevrolet Silverado 3500HD Ltz 4WD 10-Speed Automatic Duramax 6.6L V8 Turbodiesel",available,used,52373.00 USD,https://www.thatguythatsellscars.com/inventory/2969758,https://pictures.web.dealer.com/l/lewisfordfd/0397/c59a05bfe8e92b59fd1f1df57d7887efx.jpg,1GC4YUEY4RF104744,2024,Chevrolet,Silverado 3500HD,LTZ,TRUCK,85673,MI,Black,Black,AUTOMATIC,4X4,DIESEL,"{addr1: '323 E Main Street', city: 'Farmington', region: 'AR', postal_code: '72730', country: 'US'}"
1GCPDDEKXPZ255443,2023 Chevrolet Silverado 1500 LT,"Home OF The Lewis Guarantee - 1 Year Free Oil Changes - 1 Year Free Tire Rotation - 5Yr/60,000 Mile Warranty - Work Truck Package with skid plates and heavy-duty air filter - Fleet Safety Package with Rear Park Assist, Lane Change Alert with Side Blind Zone Alert, Rear Cross Traffic Alert-Braking, and Perimeter Lighting - Convenience Package II with Universal Home Remote, rear sliding power window, Hitch Guidance with Hitch View, Trailer brake controller, and Trailering App - Chevrolet Infotainment 3 Premium System with Apple CarPlay and Android Auto - SiriusXM with 360L - Remote Vehicle Starter System - Dual-Zone Automatic Climate Control with heated steering wheel - 10-Way Power Driver Seat with Lumbar and heated front seats - Automatic Emergency Braking and Lane Keep Assist with Lane Departure Warning - HD Rear Vision Camera - 265/70R17 All-Terrain Blackwall Tires This 2023 Chevrolet Silverado 1500 LT delivers the capability and comfort you need in a dependable work truck. Finished in white with a 2.7L Turbo engine paired to an 8-Speed Automatic transmission and 4WD, it achieves 18 MPG city and 21 MPG highway, offering practical efficiency for both job sites and daily driving. The Work Truck Package provides essential durability with skid plates and a heavy-duty air filter, while the Fleet Safety Package adds modern protection through rear park assist, lane change alert with side blind zone alert, rear cross traffic alert-braking, and perimeter lighting. The Convenience Package II enhances functionality with hitch guidance featuring hitch view, a trailer brake controller, and the Trailering App for confident towing operations. Inside, the Chevrolet Infotainment 3 Premium System keeps you connected with Apple CarPlay, Android Auto, and SiriusXM with 360L. Dual-zone automatic climate control maintains comfort, while the 10-way power driver seat with lumbar support and heated front seats provide support during long workdays. The remote vehicle starter system allows you to warm up the truck before starting your day. Safety features include automatic emergency braking, lane keep assist with lane departure warning, HD rear vision camera, and a full suite of airbags. The truck rides on 265/70R17 all-terrain blackwall tires, providing traction across varied terrain. We back this truck with our Lewis Guarantee: 1 year of free oil changes, 1 year of free tire rotation, and a 5-year, 60,000-mile warranty. Visit our showroom to experience this capable Silverado 1500 LT firsthand and discuss how it can serve your needs.",available,used,34562.00 USD,https://www.thatguythatsellscars.com/inventory/2998494,https://pictures.web.dealer.com/l/lewisfordfd/0947/8fd32a1471312f5e84d997a3a5d6c9d4x.jpg,1GCPDDEKXPZ255443,2023,Chevrolet,Silverado 1500,LT,TRUCK,32422,MI,Summit White,Jet Black,AUTOMATIC,4X4,GASOLINE,"{addr1: '323 E Main Street', city: 'Farmington', region: 'AR', postal_code: '72730', country: 'US'}"
1C6SRFFP2SN625907,2025 Ram 1500 Big Horn/Lone Star,"This stunning 2025 Ram 1500 Big Horn/Lone Star in striking red delivers the capability and comfort you expect from a premium truck, complete with locally owned, one-owner history and meticulous maintenance backing its reliability. - 3.0L I-6 Twin Turbocharged Hurricane Engine with 4WD - Uconnect 5 Navigation System with 12"" Touchscreen Display - Apple CarPlay and Google Android Auto Integration - SiriusXM with 360L and Connected Travel & Traffic Services - Heated Front Seats and Heated Steering Wheel - 9 Amplified Speakers with Subwoofer - Power Adjust 8-Way Driver Seat with 2-Way Lumbar Support - Deluxe Cloth Bucket Seats with Full Length Floor Console - Auto Power-Folding Mirrors with Accent Color Details - Night Edition Package with 20"" Aluminum Wheels and Black Interior Accents - Rear Power Sliding Window and Remote Tailgate Release - Dual Zone Climate Control with Rear Window Defroster - 115V Auxiliary Power Outlets (Front and Rear) with 400W Inverter - ParkView Rear Back-Up Camera - Mopar Black Tubular Side Steps This truck combines thoughtful engineering with everyday practicality. The twin-turbocharged engine delivers strong performance while the advanced Uconnect 5 system keeps you connected with seamless smartphone integration, navigation, and premium audio entertainment throughout your drives. The Night Edition styling adds distinctive character with black headlamp bezels, accent-color details, and a commanding appearance. Inside, the well-appointed cabin features heated front seats and steering wheel for comfort in colder months, while the power-adjustable driver seat with lumbar support and dual-zone climate control ensure every journey feels refined. The full-length console provides substantial storage, and the rear power sliding window adds versatility for your cargo needs. This vehicle arrives to you as a certified unit, providing you with confidence in its condition and dependability. The comprehensive 5-year/60,000-mile warranty protects your investment, and the complimentary one-year oil change and tire rotation service reduces your ownership costs from day one. The 3.0L engine achieves 17 city and 24 highway MPG, balancing performance with efficiency. The 33-gallon fuel tank extends your range, while the Trailer Brake Control system demonstrates the truck's capability for serious work. Your ownership experience begins with genuine dealership support and the peace of mind that comes with a well-maintained, single-owner truck ready for whatever comes next. Visit us to experience this Big Horn/Lone Star firsthand and discover why this truck is the right choice for your needs.",available,used,38627.00 USD,https://www.thatguythatsellscars.com/inventory/2976910,https://pictures.web.dealer.com/l/lewischryslerdodgecllc/1366/1a985e5da6a28b263b6171273bbc47d7x.jpg,1C6SRFFP2SN625907,2025,Ram,1500,Big Horn/Lone Star,TRUCK,28014,MI,Flame Red Clearcoat,Black,AUTOMATIC,4X4,GASOLINE,"{addr1: '323 E Main Street', city: 'Farmington', region: 'AR', postal_code: '72730', country: 'US'}"
1C4SJVAT3PS542073,2023 Jeep Wagoneer Base,"Certified. 3YR/36,000 Mile Warranty, 1 Year Free Oil Changes, 1 Year Free Tire Rotation, Locally Owned, One Owner, 3 Panel Sunroof, Adjustable Roof Rail Crossbars, Cargo Cover, Navigation System, Premium Group I, Reversible Carpet/Vinyl Cargo Mat, Wheels: 20"" x 9.0"" Premium 2 Aluminum. Diamond Black Crystal Pearlcoat 2023 Jeep Wagoneer Base 4WD 8-Speed Automatic 5.7L V8 Certification Program Details: Lewis Automotive Guarantee",available,used,36358.00 USD,https://www.thatguythatsellscars.com/inventory/2974086,https://pictures.web.dealer.com/l/lewischryslerdodgecllc/0740/783136478a606d01dc2fad079492d65cx.jpg,1C4SJVAT3PS542073,2023,Jeep,Wagoneer,Base,SUV,81603,MI,Diamond Black Crystal Pearlcoat,Black,AUTOMATIC,4X4,GASOLINE,"{addr1: '323 E Main Street', city: 'Farmington', region: 'AR', postal_code: '72730', country: 'US'}"
1FAGP8UH5R5113134,2024 Ford Mustang Ecoboost Premium,"""Home OF The Lewis Guarantee"" Discover the thrilling performance and refined style of the 2024 Ford Mustang EcoBoost Premium. This exceptional sports car is packed with an array of premium features that elevate the driving experience. - 1 Year Free Oil Changes - 1 Year Free Tire Rotation - 3YR/36,000 Mile Warranty - Mini Spare Wheel & Tire Slip behind the wheel and unleash the power of the EcoBoost 2.3L I4 GTDi Dohc Turbocharged Vct engine, paired with a smooth-shifting 10-Speed Automatic transmission. With an impressive EPA-estimated 22 city/33 highway MPG, this Mustang delivers exhilarating performance without sacrificing efficiency. Indulge in the premium cabin, featuring ActiveX Bucket Seats, a Leather Steering Wheel, and a Heated Steering Wheel for maximum comfort. Stay connected with the Sync 4.0 Qnx infotainment system, complete with 9 Speakers, SiriusXM with 360L, and Steering Wheel Mounted Audio Controls. Enhance your driving experience with the Exterior Parking Camera Rear, Rear Parking Sensors, and Climate Controlled Heated/Cooled Front Seats. The Security Package provides added peace of mind with features like the Active Anti-Theft System and 911 Assist. Elevate your driving passion with the 2024 Ford Mustang EcoBoost Premium. Experience the perfect blend of power, technology, and refinement. Visit our showroom today and let us put you behind the wheel of this exceptional sports car.",available,used,26038.00 USD,https://www.thatguythatsellscars.com/inventory/2976920,https://pictures.web.dealer.com/l/lewisfordfd/1216/21870f494d2d01a69a4461f804af68acx.jpg,1FAGP8UH5R5113134,2024,Ford,Mustang,Ecoboost Premium,CONVERTIBLE,53795,MI,Gray Metallic,Space Gray,AUTOMATIC,RWD,GASOLINE,"{addr1: '323 E Main Street', city: 'Farmington', region: 'AR', postal_code: '72730', country: 'US'}"
1FTER4FH9MLD91699,2021 Ford Ranger XLT,"Home OF The Lewis Guarantee This 2021 Ford Ranger Xlt is a rugged and capable pickup that's ready to take on any adventure. Equipped with the powerful EcoBoost 2.3L I4 engine and 4WD, this Ranger delivers impressive performance both on and off the road. - 1 Year Free Oil Changes - 1 Year Free Tire Rotation - 3YR/36,000 Mile Warranty - Leather-Wrapped Steering Wheel - 110V AC Power Outlet - 2 USBs located in the rear of the center console - Auto-Dimming Rearview Mirror - Remote Start - Trailer Tow Package - Securicode Keyless-Entry Keypad - Technology Package with Forward Sensing System, Adaptive Cruise Control, and Navigation - Tough Bed Spray-In Bedliner - Tremor Off-Road Package with Off-Road Tuned Suspension, Trail Control, and Electronic-Locking Rear Differential - Hard Folding Tonneau Box Cover With its rugged good looks, premium features, and exceptional capability, this 2021 Ford Ranger Xlt is the perfect choice for drivers seeking a versatile and capable pickup. Visit us today to experience it for yourself.",available,used,26194.00 USD,https://www.thatguythatsellscars.com/inventory/2979052,https://pictures.web.dealer.com/l/lewisfordfd/0445/597834ddbfacf7aa6d5c284ed1818070x.jpg,1FTER4FH9MLD91699,2021,Ford,Ranger,XLT,TRUCK,85998,MI,Oxford White,Ebony,AUTOMATIC,4X4,GASOLINE,"{addr1: '323 E Main Street', city: 'Farmington', region: 'AR', postal_code: '72730', country: 'US'}"
5J8TC2H72ML004011,2021 Acura RDX Advance Package,"""Home OF The Lewis Guarantee"" This 2021 Acura Rdx SH-AWD is a well-equipped luxury crossover that offers a premium driving experience. With its sleek exterior design, spacious interior, and advanced technology features, this Rdx is the perfect blend of style, comfort, and capability. - 1 Year Free Oil Changes - 1 Year Free Tire Rotation - 3YR/36,000 Mile Warranty The Rdx boasts a powerful 2.0L 16V Dohc engine paired with a smooth-shifting 10-speed automatic transmission and Acura's Super Handling All-Wheel Drive (SH-AWD) system. This provides responsive acceleration and confident handling, whether you're navigating city streets or tackling winding roads. Inside, the RDX's cabin is appointed with high-quality materials and features a wealth of premium amenities. The Acura/ELS Studio 3D Premium Audio System delivers an immersive listening experience, while the Acura Navigation System with 3D View helps you navigate with ease. Heated and ventilated front seats, a heated steering wheel, and a power liftgate add to the RDX's exceptional level of comfort and convenience. Safety is also a top priority, with features like the Lane Keeping Assist System, Adaptive Cruise Control, and a suite of airbags to help protect you and your passengers. The RDX's impressive safety ratings and advanced driver-assistance technologies provide added peace of mind on the road. With its exceptional performance, premium features, and sleek design, this 2021 Acura Rdx SH-AWD is a must-see. We invite you to experience the exceptional quality and craftsmanship of this luxury crossover for yourself. Visit our showroom today and let us help you find the perfect Rdx to fit your lifestyle.",available,used,26439.00 USD,https://www.thatguythatsellscars.com/inventory/2984319,https://pictures.web.dealer.com/l/lewisfordfd/0843/f98fbb274275c1025d162114a2f1b263x.jpg,5J8TC2H72ML004011,2021,Acura,RDX,Advance Package,SUV,86445,MI,Silver,Graystone,AUTOMATIC,AWD,GASOLINE,"{addr1: '323 E Main Street', city: 'Farmington', region: 'AR', postal_code: '72730', country: 'US'}"
1GTU9DEL9LZ311475,2020 GMC Sierra 1500 SLT,"Home OF The Lewis Guarantee This 2020 Gmc Sierra 1500 Slt is a powerful and capable full-size pickup that's ready to take on any challenge. Equipped with a potent 6.2L V8 EcoTec3 engine and 4-wheel drive, it delivers impressive performance and off-road prowess. - 1 Year Free Oil Changes - 1 Year Free Tire Rotation - 3YR/36,000 Mile Warranty - Carbon Black Metallic exterior - Black interior - 20"" Polished aluminum wheels - Spray-on bedliner - Chrome assist steps - Trailer tire pressure monitor system - X31 Off-Road Package with skid plates, hill descent control, and all-terrain tires Inside, you'll find a wealth of premium features, including a Bose 7-speaker sound system, wireless charging, heated and ventilated front seats, and a host of advanced safety technologies like forward collision alert, lane keep assist, and rear cross-traffic alert. Whether you're hauling heavy loads, towing a trailer, or tackling rugged terrain, this Sierra 1500 Slt is up for the task. Experience the power and capability for yourself - schedule a test drive today and discover why the Gmc Sierra is the ultimate full-size pickup.",available,used,35350.00 USD,https://www.thatguythatsellscars.com/inventory/2984318,https://pictures.web.dealer.com/l/lewisfordfd/0315/ce8f46badb97e3d0abd08c996f11d5d5x.jpg,1GTU9DEL9LZ311475,2020,GMC,Sierra 1500,SLT,TRUCK,84610,MI,Carbon Black Metallic,Dark Walnut/Slate,AUTOMATIC,4X4,GASOLINE,"{addr1: '323 E Main Street', city: 'Farmington', region: 'AR', postal_code: '72730', country: 'US'}"
1C4HJXEM1PW568575,2023 Jeep Wrangler Sahara,"This 2023 Jeep Wrangler Sahara in Black represents a thoughtfully maintained vehicle ready to serve you with capability and confidence on any terrain. - 3.0L V6 Turbodiesel with 8-Speed Automatic transmission - Cold Weather Group with heated steering wheel, remote start, and heated front seats - Trailer Tow & Aux Switch Group with Class II receiver hitch and 700 Amp battery - Body Color 3-Piece Hard Top with rear window defroster and wiper - Premium McKinley trimmed leather seats with wrapped details - Navigation System with Uconnect 4C and 8.4"" display - 18"" Tech Gray machined wheels with 255/70R18 all-terrain tires - Jeep Trail Rated Kit for off-road capability - Apple CarPlay and Android Auto connectivity - Mopar hardtop headliner and all-weather floor mats - Heavy Duty Suspension with gas shocks - Anti-Spin Differential Rear Axle - ParkView rear back-up camera - SiriusXM satellite radio and Guardian emergency communication This Wrangler delivers strong fuel economy with 22 city and 29 highway MPG, making it practical for both daily commuting and weekend adventures. The turbodiesel engine provides robust torque while the 8-speed automatic transmission with Selec-Speed Control gives you refined power delivery and better efficiency than traditional options. The Premium McKinley trimmed seats with leather-wrapped details, premium wrapped instrument panel bezels, and leather-wrapped parking brake handle and shift knob create an interior environment that balances ruggedness with refinement. The Cold Weather Group ensures comfort during winter months with heated front seats, a heated steering wheel, and remote start capability. The Trailer Tow & Aux Switch Group provides the infrastructure for towing, including the Class II receiver hitch, upgraded electrical system with a 240 Amp alternator and 700 Amp maintenance-free battery, and 7 and 4 pin wiring harnesses for flexible towing configurations. This vehicle comes certified and carries a 3-year, 36,000-mile warranty, providing you with peace of mind as you take ownership. Additionally, you'll receive one year of complimentary oil changes and tire rotations, demonstrating our commitment to your ownership experience. As a locally owned, one-owner vehicle that has been well maintained throughout its history, this Wrangler represents a solid investment. The combination of the hard top, rear window defroster, and rear wiper provides year-round capability and visibility. The Jeep Trail Rated Kit ensures this vehicle is equipped to handle diverse driving conditions, while the Heavy Duty Suspension with gas shocks and Anti-Spin Differential Rear Axle deliver the control and traction you need when the road gets challenging. The navigation system and Uconnect 4C infotainment with an 8.4-inch display integrate seamlessly with your smartphone through Apple CarPlay and Android Auto, keeping you connected and informed. The SiriusXM satellite radio system expands your entertainment options throughout your journeys, and the Guardian emergency communication system provides an additional layer of safety and support. We invite you to experience this 2023 Jeep Wrangler Sahara in person and discover how its blend of capability, comfort, and practical features can enhance your driving life.",available,used,25326.00 USD,https://www.thatguythatsellscars.com/inventory/2986576,https://pictures.web.dealer.com/l/lewischryslerdodgecllc/1293/00a87130cdeb2a1b9d71361c9686615ax.jpg,1C4HJXEM1PW568575,2023,Jeep,Wrangler,Sahara,SUV,84852,MI,Black Clearcoat,Black,AUTOMATIC,4X4,DIESEL,"{addr1: '323 E Main Street', city: 'Farmington', region: 'AR', postal_code: '72730', country: 'US'}"
1C6SRFFT6MN779973,2021 Ram 1500 Big Horn/Lone Star,"This 2021 Ram 1500 Big Horn/Lone Star delivers the capability and comfort you expect from a full-size truck, finished in a sharp gray exterior that commands attention on any road. - 1 Year Free Oil Changes - 1 Year Free Tire Rotation - 6-Month/6,000-Mile Warranty - Hemi 5.7L V8 Multi Displacement Vvt Engine - 4WD with 8-Speed Automatic Transmission - Uconnect 12 Navigation with 12"" Touchscreen Display - Apple CarPlay and Google Android Auto - SiriusXM Satellite Radio with 5-Year Travel Link Service - Heated Front Seats and Heated Steering Wheel - Power 8-Way Driver Seat with Power 4-Way Lumbar Adjust - ParkSense Front/Rear Park Assist with Stop - Rear Power Sliding Window - Sport Appearance Package with Body Color Bumpers - 20"" Aluminum Chrome Clad Wheels - Class IV Receiver Hitch This truck combines practical work capability with everyday comfort. The Hemi 5.7L V8 engine with eTorque technology and Multi Displacement System delivers the performance you need while managing fuel efficiency, achieving 15 mpg in the city and 21 mpg on the highway. Four-wheel drive gives you confidence in all driving conditions, and the 8-speed automatic transmission ensures smooth power delivery whether you're hauling or cruising. Inside, the deluxe cloth bucket seats provide excellent support, enhanced by the power-adjustable driver seat with lumbar support. The full-length floor console offers practical storage, while the 7.0"" Tft cluster display keeps important information at your fingertips. Climate control features dual-zone air conditioning, heated front seats, and a heated steering wheel for year-round comfort. Technology integration is seamless with the Uconnect 12 system featuring a 12"" touchscreen, Gps navigation, and Apple CarPlay and Google Android Auto compatibility. SiriusXM satellite radio keeps you entertained, and the 4G Lte Wi-Fi hotspot keeps passengers connected. The system includes five years of SiriusXM Travel Link and Traffic services. This vehicle is certified and comes backed by our confidence. You'll receive one year of free oil changes and tire rotations, plus a 6-month/6,000-mile warranty to protect your investment. The truck has been well maintained as a one-owner vehicle, giving you peace of mind with every drive. The Big Horn/Lone Star trim includes the Big Horn Level 2 Equipment Group and Sport Appearance Package, featuring body color bumpers, power-folding mirrors with memory, rear window defroster, ParkSense parking assist, and a rear power sliding window. Exterior mirrors feature memory settings and courtesy lamps, while power adjustable pedals ensure your ideal driving position. When you're ready to experience the capability and comfort this truck offers, we invite you to schedule a visit to see it in person and take it for a test drive.",available,used,27638.00 USD,https://www.thatguythatsellscars.com/inventory/2985739,https://pictures.web.dealer.com/l/lewischryslerdodgecllc/0545/21fe15f0f8e5de0724c3853bf71406e3x.jpg,1C6SRFFT6MN779973,2021,Ram,1500,Big Horn/Lone Star,TRUCK,105912,MI,Steel Metallic,Black,AUTOMATIC,4X4,GASOLINE,"{addr1: '323 E Main Street', city: 'Farmington', region: 'AR', postal_code: '72730', country: 'US'}"
1FTEW2LP9RKD65271,2024 Ford F-150 STX,"Home OF The Lewis Guarantee This 2024 Ford F-150 Stx delivers capability and style in a silver package ready for work or weekend adventure. Powered by a 2.7L V6 EcoBoost engine with 10-speed automatic transmission and 4WD, this truck combines fuel efficiency with the power you need. With just over 23,000 miles, this F-150 Stx represents an excellent value in the midsize truck segment, achieving 18 city and 23 highway MPG. The Stx Black Appearance Package gives this truck a distinctive, aggressive look that stands out on the road. Key features include: - Sync 4 with Enhanced Voice Recognition and Connected Navigation - 20"" Dark Gray Machined Aluminum and Gloss Black Wheels - 6"" Black Running Boards with Black Exterior Badging - Heated Power Door Mirrors - Front Fog Lights and Auto High-Beam Headlights - Remote Keyless Entry and Steering Wheel Audio Controls - Sport Cloth Front Bucket Seats with Center Armrest - Electronic Stability Control and Traction Control with Brake Assist - SiriusXM 360L Radio with 6 Speakers This F-150 Stx is built to impress with comprehensive safety features, modern technology, and premium comfort appointments. The truck comes equipped with dual front impact and side impact airbags, 4-wheel disc brakes with ABS, and Sync 4 911 Assist for added peace of mind on every journey. We're offering 1 year of free oil changes, 1 year of free tire rotation, and a 5-year/60,000-mile warranty to back your investment. Visit us today to experience this outstanding F-150 Stx and discover why it's the truck for your needs.",available,used,36438.00 USD,https://www.thatguythatsellscars.com/inventory/3031817,https://pictures.web.dealer.com/l/lewisfordfd/0421/e2d983bdd30722158a87ea370a08c832x.jpg,1FTEW2LP9RKD65271,2024,Ford,F-150,STX,TRUCK,23971,MI,Iconic Silver Metallic,Black,AUTOMATIC,4X4,GASOLINE,"{addr1: '323 E Main Street', city: 'Farmington', region: 'AR', postal_code: '72730', country: 'US'}"
1FTFW1E8XPKG11388,2023 Ford F-150 XLT,"Home OF The Lewis Guarantee - 3.5L V6 EcoBoost engine with 10-speed automatic transmission and 4WD - Equipment Group 302A High with chrome appearance package - Sync 4 with 12"" touchscreen, Apple CarPlay, and Android Auto - Trailer Tow Package with integrated trailer brake controller and Pro Trailer Backup Assist - 360-degree camera system with trailer reverse guidance - 10-way power driver and passenger seats with power lumbar support - Remote start system with remote tailgate release - Dual zone automatic temperature control - Class IV trailer hitch receiver - Bright polished step bars and chrome door handles - Intelligent access with push button start - LED sideview mirror spotlights - 8"" productivity screen in instrument cluster - Onboard 400W outlet in truck bed This 2023 Ford F-150 Xlt delivers the capability and features you need for work or weekend adventures. The 3.5L V6 EcoBoost engine paired with the 10-speed automatic transmission provides efficient power while the 4WD system ensures traction in demanding conditions. With an EPA-estimated 18 city and 23 highway MPG, this truck balances performance with fuel economy. The Xlt trim comes well-equipped with modern technology that keeps you connected and informed. The Sync 4 system features a responsive 12"" touchscreen with Apple CarPlay and Android Auto compatibility, allowing you to integrate your smartphone seamlessly. Enhanced voice recognition gives you hands-free control, and the 8"" productivity screen in the instrument cluster displays critical vehicle information at a glance. If towing is part of your plan, this truck is ready. The Trailer Tow Package includes an integrated trailer brake controller, Pro Trailer Backup Assist, and Pro Trailer Hitch Assist to make maneuvering easier. The 360-degree camera system provides trailer reverse guidance for added confidence when backing up. The Class IV trailer hitch receiver is rated to handle substantial loads. Comfort and convenience are prioritized with 10-way power adjustable front seats featuring manual lumbar support on both driver and passenger sides. Dual zone automatic temperature control ensures everyone stays comfortable, while the remote start system lets you warm up or cool down the cabin before you arrive. Intelligent access with push button start and a SecuriCode keypad add modern security and convenience. The exterior reflects the Xlt Chrome Appearance Package with chrome door and tailgate handles, bright polished step bars, and 18"" chrome-like wheels. LED sideview mirror spotlights provide enhanced visibility and security around the truck. The white exterior finish presents a clean, professional appearance. This F-150 Xlt includes a 5-year, 60,000-mile warranty, one year of free oil changes, and one year of free tire rotation, giving you peace of mind as you enjoy your new truck. Visit our showroom to experience this capable pickup firsthand.",available,used,39815.00 USD,https://www.thatguythatsellscars.com/inventory/2989372,https://pictures.web.dealer.com/l/lewisfordfd/0011/dee7a78d5808c036cc376cef5add9d39x.jpg,1FTFW1E8XPKG11388,2023,Ford,F-150,XLT,TRUCK,37740,MI,Oxford White,Black W/Medium Dark Slate,AUTOMATIC,4X4,GASOLINE,"{addr1: '323 E Main Street', city: 'Farmington', region: 'AR', postal_code: '72730', country: 'US'}"
1C4SJVBP3RS174496,2024 Jeep Wagoneer Series II,"This 2024 Jeep Wagoneer Series II in striking Velvet Red Pearlcoat offers a commanding presence on the road with the capability and refined comfort expected from a premium three-row Suv. - 1 Year Free Oil Changes - 1 Year Free Tire Rotation - 3 Year/36,000 Mile Warranty - Uconnect 5 Navigation with 10.1"" Display - 10-Speaker Audio System with SiriusXM 360L - Apple CarPlay and Android Auto Integration - Heated and Ventilated Front Seats - Heated Rear Seats - Heated Steering Wheel - Leather Trimmed Bucket Seats - Power Liftgate - 20"" Premium Aluminum Wheels - Rear Parking Camera - Dual Zone Climate Control with Rear Air Conditioning - Emergency Communication System (Wagoneer Connect) The 3.0L inline six-cylinder engine paired with an 8-speed automatic transmission delivers consistent power, achieving 16 city and 23 highway MPG. Four-wheel drive capability ensures confident handling across various road conditions, while the auto-leveling suspension and four-wheel independent suspension provide a smooth, controlled ride. The three-row seating arrangement accommodates up to seven passengers, with split-folding rear seats and a reclining third row for flexibility in passenger and cargo configuration. Inside, this Wagoneer emphasizes luxury with genuine wood trim on the dashboard, console, and door panels. Memory seating functions for the driver's position, heated and ventilated front seats, and comprehensive climate zones including front dual-zone and rear dual-zone automatic temperature control create a comfortable environment for all occupants. The Uconnect 5 navigation system with a 10.1-inch display integrates Apple CarPlay and Android Auto, making connectivity seamless for your devices. This vehicle has been certified, meaning it has passed a comprehensive multi-point inspection and meets manufacturer standards for quality and performance. As a one-owner vehicle, it carries a clear ownership history and comes backed by the included three-year/36,000-mile warranty, along with complimentary oil changes and tire rotations for one year from purchase. Safety features include dual front impact airbags, dual front side-impact airbags, knee airbags, and overhead airbags positioned throughout the cabin. Electronic stability control, traction control, anti-lock brakes with brake assist, and a low-tire-pressure warning system work together to support confident, secure driving. The rear parking camera provides visibility when reversing into tight spaces. Practical features enhance everyday convenience, from rain-sensing wipers and speed-sensitive steering to remote keyless entry, power windows, and a garage door transmitter. The overhead console, multiple storage compartments, and premium 20-inch aluminum wheels complete the well-appointed package. We invite you to schedule a time to see this 2024 Jeep Wagoneer Series II in person and take it for a test drive to experience the comfort, capability, and refinement it offers.",available,used,35838.00 USD,https://www.thatguythatsellscars.com/inventory/2989390,https://pictures.web.dealer.com/l/lewischryslerdodgecllc/0982/8166a44bd9a40109a2039d960c41cbaax.jpg,1C4SJVBP3RS174496,2024,Jeep,Wagoneer,Series II,SUV,75515,MI,Velvet Red Pearlcoat,Black,AUTOMATIC,4X4,GASOLINE,"{addr1: '323 E Main Street', city: 'Farmington', region: 'AR', postal_code: '72730', country: 'US'}"
5N1DR3BA7RC291666,2024 Nissan Pathfinder SV,"This 2024 Nissan Pathfinder SV in gray offers a commanding presence on the road with the capability and comfort you need for family adventures and daily driving. - 1 Year Free Oil Changes - 1 Year Free Tire Rotation - 3-Year/36,000-Mile Warranty - One Owner Vehicle - 3rd Row Seating with Reclining Bench Seat - Heated Front Bucket Seats - Split Folding Rear Seat for Flexible Cargo Space - NissanConnect with Apple CarPlay and Android Auto - Rear Parking Sensors - Automatic Temperature Control with Front and Rear Zones - SiriusXM Radio - Power Driver Seat with Telescoping Steering Wheel - All-Wheel Independent Suspension - 18-Inch Painted Alloy Wheels This vehicle has been certified and inspected to meet our rigorous standards for quality and reliability. As a Nissan-certified vehicle, it comes backed with confidence, giving you peace of mind as you take ownership of this capable three-row Suv. The Pathfinder SV delivers practical comfort with heated front seats and an intuitive cabin layout designed for family living. The power driver seat and telescoping steering wheel make it simple to find your ideal driving position, while the leather steering wheel adds a refined touch to the driving experience. Climate control extends throughout the cabin with automatic temperature management and rear air conditioning, ensuring passenger comfort on every journey. Performance and efficiency work together with the proven 3.5L V6 engine and 9-speed automatic transmission, delivering 20 city and 27 highway mpg. The front-wheel-drive configuration provides responsive handling while the four-wheel independent suspension absorbs road conditions with stability and comfort. Safety is built into every aspect of this Pathfinder. Multiple airbags, electronic stability control, traction control, and rear parking sensors work together to help protect you and your passengers. The brake assist system and four-wheel disc brakes provide confident stopping power. We invite you to visit our showroom and experience this well-maintained Pathfinder for yourself. Our team is ready to answer your questions and help you discover why this vehicle is the right choice for your family's next chapter.",available,used,25719.00 USD,https://www.thatguythatsellscars.com/inventory/2989386,https://pictures.web.dealer.com/l/lewischryslerdodgecllc/0076/01c338a0085484e9ffdd77349ba413a4x.jpg,5N1DR3BA7RC291666,2024,Nissan,Pathfinder,SV,SUV,57292,MI,Gun Metallic,Charcoal,AUTOMATIC,FWD,GASOLINE,"{addr1: '323 E Main Street', city: 'Farmington', region: 'AR', postal_code: '72730', country: 'US'}"
3VW6T7AU7LM010096,2020 Volkswagen Golf GTI 2.0T SE,"Home OF The Lewis Guarantee - 1 Year Free Oil Changes - 1 Year Free Tire Rotation - 3Yr/36,000 Mile Warranty - Frameless Auto-Dimming Rearview Mirror with Compass and HomeLink Garage Door Opener - Monster Mats with Logo and Heavy Duty Trunk Liner with VW CarGo Blocks - 2.0L Tsi Dohc Engine with 7-Speed Dsg Automatic Transmission - VW App-Connect with Apple CarPlay, Android Auto & MirrorLink - Power Moonroof - Heated Front Top Sport Seats with Leather Seating Surfaces - 18"" 5-Spoke 2-Tone Machined Alloy Wheels - Exterior Parking Camera with Rear View - Forward Collision Warning with Autonomous Emergency Braking - Active Blind Spot Monitor - Discover Media 8"" Touchscreen Navigation System - SiriusXM AM/FM Radio This 2020 Volkswagen Golf Gti 2.0T SE delivers the performance and versatility drivers expect from the Gti nameplate. With 78,594 miles on the odometer, this white sedan has been well-maintained and represents an excellent value in the performance compact segment. The 2.0L turbocharged engine paired with the responsive 7-Speed Dsg automatic transmission provides spirited acceleration and efficient fuel economy, achieving 24 mpg city and 32 mpg highway. Inside, you'll find a driver-focused cockpit designed for engagement. The heated sport seats with leather surfaces offer comfort and support, while the sport steering wheel and telescoping column allow you to dial in your perfect driving position. The power moonroof adds an open-air element to your commute or weekend drive, and the Discover Media navigation system with an 8-inch touchscreen keeps you connected and on course. Safety remains a priority with this Gti. Forward collision warning with autonomous emergency braking provides an extra layer of protection, while active blind spot monitoring alerts you to vehicles in your peripheral vision. The four-wheel independent suspension and speed-sensing steering create a composed ride that handles both city streets and highway stretches with confidence. The practical touches that make daily driving easier are here as well. The rear parking camera displays your surroundings when backing up, while rain-sensing wipers automatically adjust to changing weather. VW App-Connect with Apple CarPlay, Android Auto, and MirrorLink integration ensures your smartphone integrates seamlessly with the vehicle's infotainment system. Ownership benefits are included to support your investment. You'll receive one year of free oil changes and tire rotations, backed by a three-year, 36,000-mile warranty that provides peace of mind. Additionally, the Monster Mats and heavy-duty trunk liner with VW CarGo blocks protect your interior while maximizing cargo versatility. We invite you to schedule a test drive and experience this Gti for yourself. Our team is ready to discuss the vehicle's features, answer your questions, and help you understand why this model remains a top choice among performance-minded drivers.",available,used,20096.00 USD,https://www.thatguythatsellscars.com/inventory/2990017,https://pictures.web.dealer.com/l/lewisfordfd/0830/439736793a907cdf5fccc4b663857bcdx.jpg,3VW6T7AU7LM010096,2020,Volkswagen,Golf GTI,2.0T SE,HATCHBACK,78205,MI,White Silver,Titan Black,AUTOMATIC,FWD,GASOLINE,"{addr1: '323 E Main Street', city: 'Farmington', region: 'AR', postal_code: '72730', country: 'US'}"
LRBFZSR42PD198860,2023 Buick Envision Avenir,"Home OF The Lewis Guarantee - 1 Year Free Oil Changes - 1 Year Free Tire Rotation - 5Yr/60,000 Mile Warranty - Bose Premium 9-Speaker Audio System - SiriusXM Radio with HD Radio - Buick Infotainment System with Navigation - Wireless Apple CarPlay and Android Auto - Heads-Up Display - Heated and Ventilated Front Seats - Heated Steering Wheel - Power Moonroof - 20"" Aluminum Wheels with Avenir Pearl Nickel Finish - Lane Keep Assist with Lane Departure Warning - Forward Collision Alert and Front Pedestrian Braking - Exterior Parking Camera with Rear View This 2023 Buick Envision Avenir in stunning White Frost Tricoat delivers the premium driving experience you're looking for. With its turbocharged 2.0L engine and all-wheel drive, this crossover provides responsive performance and confidence on any road. The nine-speed automatic transmission ensures smooth, efficient operation whether you're navigating city streets or cruising the highway. The Avenir trim represents Buick's commitment to luxury and refinement. Inside, perforated leather-appointed seat trim creates an inviting atmosphere, while your heated and ventilated front seats keep you comfortable in any season. The heated steering wheel adds another layer of convenience during cold weather drives. An available power moonroof floods the cabin with natural light, making every journey feel more open and spacious. Technology seamlessly integrates into your daily routine through the intuitive Buick Infotainment System with full navigation. Wireless Apple CarPlay and Android Auto connectivity keep your smartphone's features right at your fingertips. The premium Bose audio system with nine speakers and SiriusXM radio ensures your favorite music and content sound their best during every drive. Safety remains a top priority with this Envision. Lane Keep Assist and Lane Departure Warning actively help you maintain your intended path. Forward Collision Alert and Front Pedestrian Braking provide additional peace of mind. The four-wheel independent suspension combined with electronic stability control and traction control work together to keep you secure in various driving conditions. The Avenir's thoughtful design details reflect attention to quality throughout. Automatic high-beam headlights with IntelliBeam technology adjust to conditions, while heated power mirrors and a rear window wiper enhance visibility. The power liftgate provides convenient access to the cargo area, and the split-folding rear seat offers flexibility for passengers and cargo alike. We stand behind this Envision with a five-year, 60,000-mile warranty and complimentary oil changes and tire rotations for your first year of ownership. This White Frost Tricoat beauty is ready to deliver the comfort, capability, and confidence you deserve. Visit our showroom today to experience the Buick Envision Avenir and discover why it's the right choice for your next vehicle.",available,used,32270.00 USD,https://www.thatguythatsellscars.com/inventory/3025702,https://pictures.web.dealer.com/l/lewisfordfd/1674/374f2f195ab7b523779293fe881c5656x.jpg,LRBFZSR42PD198860,2023,Buick,Envision,Avenir,SUV,20080,MI,White Frost Tricoat,Whisper Beige,AUTOMATIC,AWD,GASOLINE,"{addr1: '323 E Main Street', city: 'Farmington', region: 'AR', postal_code: '72730', country: 'US'}"
3GCUDHEL8NG661267,2022 Chevrolet Silverado 1500 ZR2,"This 2022 Chevrolet Silverado 1500 ZR2 in striking Blue delivers the capability and sophistication you're looking for in a premium truck. With a locally owned history and comprehensive warranty protection, this is a vehicle built to serve you well for years to come. - 1 Year Free Oil Changes - 1 Year Free Tire Rotation - 3 Year/36,000 Mile Warranty - EcoTec3 6.2L V8 Engine with 10-Speed Automatic - ZR2 Suspension Package - Power Sunroof - Technology Package with 15"" Head-Up Display and Rear Camera Mirror - Adaptive Cruise Control with Lane Keep Assist - Heated and Ventilated Leather Front Seats with 10-Way Power Adjustment - Premium Bose 7-Speaker Sound System with SiriusXM 360L - Wireless Phone Projection and Apple CarPlay/Android Auto - Chevytec Spray-On Black Bedliner - Trailering Package with Integrated Trailer Brake Controller - All-Weather Floor Liners and Underseat Storage - LED Fog Lamps and Bed Cargo Lighting The ZR2 Suspension Package elevates this truck's performance capabilities, providing enhanced handling and stability whether you're tackling demanding terrain or managing highway driving. The 6.2L V8 engine delivers substantial power paired with responsive 10-speed automatic transmission, achieving 14 miles per gallon in the city and 17 miles per gallon on the highway. The 4WD system ensures confident traction in varied driving conditions. This Silverado is loaded with technology designed to make your drives smoother and safer. The 15-inch head-up display keeps important information in your line of sight, while the rear camera mirror and surround vision system provide comprehensive awareness around the truck. Features like automatic emergency braking, forward collision alert, and lane keep assist with departure warning work to keep you protected. The integrated trailering app and hitch guidance system simplify towing operations, while the automatic trailer brake controller delivers confident braking power when needed. This vehicle has earned Chevrolet certification, meaning it has undergone a comprehensive multi-point inspection and meets rigorous quality standards. You'll receive the 3-year, 36,000-mile powertrain warranty coverage, along with complimentary oil changes and tire rotations for one year. Our confidence in this truck's condition is reflected in this certification, giving you added peace of mind as you consider adding it to your collection. The Silverado 1500 ZR2 combines luxury and function with genuine truck capability. With power steering adjustment, heated steering wheel, and genuine leather trim throughout, your daily drive becomes more enjoyable. The power tailgate, bed-mounted power outlet, and spray-on bedliner address practical truck ownership needs. Whether you need a capable work vehicle or a sophisticated daily driver that turns heads, this truck is ready to meet those demands. We invite you to schedule a time to see and test drive this 2022 Chevrolet Silverado 1500 ZR2. Our team is here to answer all your questions and help you experience what this premium truck has to offer firsthand.",available,used,45145.00 USD,https://www.thatguythatsellscars.com/inventory/2990559,https://pictures.web.dealer.com/l/lewischryslerdodgecllc/0904/6a2fd958da63a7435c0c6cf76013bc49x.jpg,3GCUDHEL8NG661267,2022,Chevrolet,Silverado 1500,ZR2,TRUCK,57928,MI,Glacier Blue Metallic,Jet Black/Graystone,AUTOMATIC,4X4,GASOLINE,"{addr1: '323 E Main Street', city: 'Farmington', region: 'AR', postal_code: '72730', country: 'US'}"
1FT8W3DT3TED35008,2026 Ford F-350SD Platinum,"Home OF The Lewis Guarantee This 2026 Ford F-350SD Platinum Drw in White delivers serious hauling capability with the proven Power Stroke 6.7L V8 Diesel Turbocharged engine and 10-Speed Automatic transmission. With 4WD and dual rear wheels, this super duty truck is built for the toughest jobs. At just 17,534 miles, this Platinum-trimmed powerhouse is practically new and ready to work. Key Features: - 5th Wheel/Gooseneck Hitch Prep Package - Tough Bed Spray-in Bedliner - SecuriCode Keyless Entry Keypad (driver's side) - Sync 4 with 12"" Center Display - B&O Unleashed Sound System by Bang & Olufsen - Heated and Ventilated Front Seats - Auto High-beam Headlights with Fog Lights - Connected Navigation System - Dual Zone Automatic Temperature Control - Memory Driver Seat with Adjustable Pedals This truck arrives with comprehensive protection: one year of complimentary oil changes, one year of free tire rotations, and a five-year/60,000-mile warranty to give you peace of mind. The Platinum interior combines luxury with functionality, featuring heated steering wheel, power-adjustable seats with memory settings, and premium B&O audio throughout. The F-350SD is engineered for serious work and serious comfort. From the spacious heated rear seats to the integrated navigation and 5G modem connectivity, every detail supports both productivity and convenience on the road. Visit us today to experience this near-new Platinum Drw and discover why it's the right choice for your hauling needs.",available,used,91912.00 USD,https://www.lewisfarmington.com/used/Ford/2026-Ford-F-350SD-5e9d774eac182381677b0ba966c72f5f.htm,https://pictures.web.dealer.com/l/lewisfordfd/1273/61385e2e3287b7359621be3b40f99d90x.jpg,1FT8W3DT3TED35008,2026,Ford,F-350SD,Platinum,TRUCK,17589,MI,White Metallic,Black Onyx/Platinum Blue,AUTOMATIC,4X4,DIESEL,"{addr1: '323 E Main Street', city: 'Farmington', region: 'AR', postal_code: '72730', country: 'US'}"
1C6SRFJT0PN653488,2023 Ram 1500 Laramie,"Certified. Priced below KBB Fair Purchase Price! 5YR/60,000 Mile Warranty, 1 Year Free Oil Changes, 1 Year Free Tire Rotation, Locally Owned, Well Maintained, #1 Seat Foam Cushion, 12"" Touchscreen Display, 2nd Row In Floor Storage Bins, 4G Lte Wi-Fi Hot Spot, Apple CarPlay, Apple CarPlay/Android Auto, Auto High Beam Headlamp Control, Black Interior Accents, Blind Spot & Cross Path Detection, Body Color Exterior Mirrors, Body Color Front Bumper, Body Color Premium Power Mirrors, Body Color Rear Bumper w/Step Pads, Connected Travel & Traffic Services, Connectivity - US/Canada, Disassociated Touchscreen Display, Electric Shift-On-Demand Transfer Case, Foam Bottle Insert (Door Trim Panel), For Details, Visit DriveUconnect.com, For More Info, Call 800-643-2112, Front Door Accent Lighting, Front LED Fog Lamps, Global Telematics Box Module (Tbm), Google Android Auto, Gps Antenna Input, Gps Navigation, Grille Surround 3 Body Color Tex 2 Black, HD Radio, Integrated Center Stack Radio, Integrated Voice Command w/Bluetooth, Laramie Level 1 Equipment Group, LED Reflector Headlamps, Navigation System, ParkSense Front/Rear Park Assist w/Stop, Radio: Uconnect 5 Nav w/12.0"" Display, Rain Sensitive Windshield Wipers, Ram Grille Badge - Chrome, Rear Door Accent Lighting, Rear Power Sliding Window, Rear Window Defroster, Remote Tailgate Release, SiriusXM Radio Service, SiriusXM w/360L, Sport Appearance Package, Sport Decal, Sport Performance Hood, USB Host Flip, Wheels: 20"" x 9"" Premium Painted w/Inserts. Bright White Clearcoat 2023 Ram 1500 Laramie 4WD 8-Speed Automatic Hemi 5.7L V8 Multi Displacement Vvt eTorque Odometer is 32431 miles below market average! Certification Program Details: Lewis Automotive Guarantee",available,used,43121.00 USD,https://www.thatguythatsellscars.com/inventory/2990564,https://pictures.web.dealer.com/l/lewischryslerdodgecllc/1544/352984ebdfd1ac53472a62524db18282x.jpg,1C6SRFJT0PN653488,2023,Ram,1500,Laramie,TRUCK,23130,MI,Bright White Clearcoat,Black,AUTOMATIC,4X4,GASOLINE,"{addr1: '323 E Main Street', city: 'Farmington', region: 'AR', postal_code: '72730', country: 'US'}"
1C6RREFP7TN183992,2026 Ram 1500 Big Horn/Lone Star,"Meet the 2026 Ram 1500 Big Horn/Lone Star, a truck built to handle your demands while delivering the comfort and technology you deserve. - 3.0L I-6 Twin Turbocharged Engine with 8-Speed Automatic Transmission - Uconnect 5 Navigation with 12.0"" Touchscreen Display - SiriusXM with 360L and Connected Travel & Traffic Services - 9 Amplified Speakers with Subwoofer - Apple CarPlay and Android Auto Integration - Heated Front Seats and Heated Steering Wheel - Gps Navigation with Voice Command - Rear Power Sliding Window - Configurable Drive Mode - Auto Power-Folding Mirrors with Heating Elements - 400W Inverter with 115V Auxiliary Power Outlets - 20"" Chrome Clad Aluminum Wheels - Trailer Brake Control - Remote Tailgate Release This Big Horn/Lone Star model comes equipped with the Big Horn Level 2 Equipment Group, offering premium features that enhance both capability and everyday convenience. The spacious interior features deluxe cloth bucket seats with power adjustment for the driver and heating for the front row, ensuring comfort on long drives. The truck's premium overhead console and full-length floor console provide smart storage solutions, while the rear 60/40 folding seat and underseat storage compartments maximize versatility. The 12.0"" touchscreen display connects seamlessly with your devices through Apple CarPlay and Android Auto, while the 9-speaker audio system with subwoofer delivers quality sound whether you're listening to SiriusXM or your favorite media. Black exterior paint highlights the truck's commanding presence, complemented by 20"" chrome-clad aluminum wheels and body color fender flares. The truck delivers 18 city and 25 highway MPG, balancing the power you need with reasonable fuel efficiency. LED lighting throughoutâ""from the dome lamp to the footwell lightsâ""adds modern sophistication while improving visibility. This vehicle is certified and comes with one year of free oil changes and one year of free tire rotation, reflecting its quality condition. You can drive with confidence knowing this locally-owned, one-owner truck is backed by a 5-year/60,000-mile warranty. The Ram 1500 Big Horn/Lone Star represents thoughtful truck ownership, combining capable engineering with genuine creature comforts. Its low mileage reflects careful ownership, and its comprehensive feature set eliminates the need for costly upgrades. We invite you to experience this truck in person and see how it meets your needs.",available,used,42997.00 USD,https://www.thatguythatsellscars.com/inventory/2992016,https://pictures.web.dealer.com/l/lewischryslerdodgecllc/1414/4f299cbc85ca816d2312548ae0c27459x.jpg,1C6RREFP7TN183992,2026,Ram,1500,Big Horn/Lone Star,TRUCK,3141,MI,Diamond Black Crystal Pearlcoat,Black,AUTOMATIC,RWD,GASOLINE,"{addr1: '323 E Main Street', city: 'Farmington', region: 'AR', postal_code: '72730', country: 'US'}"
1FA6P8CF8L5191152,2020 Ford Mustang GT,"Home OF The Lewis Guarantee This 2020 Ford Mustang GT in Black represents the iconic American performance vehicle, combining classic styling with genuine driving capability. With 34,554 miles on the odometer, this Mustang GT is ready to deliver the performance and presence you expect from this legendary nameplate. - 5.0L V8 Ti-VCT Engine - 10-Speed Automatic Transmission with SelectShift and Steering Wheel Paddle Shifters - Active Valve Performance Exhaust - 3.15 Limited Slip Rear Axle Ratio - Remote Start System - Rear-View Camera - 18"" Machined-Face Aluminum Wheels - Power Driver and Passenger Seats - Leather-Wrapped Shift Knob - Electronic Stability Control and Traction Control - Front and Rear Anti-Roll Bars - Four-Wheel Independent Suspension - Dual Front Impact and Side Impact Airbags - Speed-Sensing Steering Under the hood, the 5.0L V8 Ti-VCT engine delivers the performance Mustang owners demand. The 10-speed automatic transmission features SelectShift technology and paddle shifters mounted on the steering wheel, giving you control over gear selection. The active valve performance exhaust system enhances both sound and character while the 3.15 limited slip rear axle ratio ensures confident handling and power delivery. The exterior presents a clean, finished appearance with body-color bumpers, a spoiler, and the distinctive 18-inch machined-face aluminum wheels. Front fog lights combine with fully automatic headlights and delay-off functionality for visibility in various conditions. The rear-view camera assists with parking awareness, while the auto-dimming rear-view mirror reduces glare during night driving. Inside, the cabin features front bucket seats with power adjustment for both driver and passenger. The leather-wrapped shift knob and steering wheel-mounted audio controls provide convenient access to audio and cruise control functions. Climate control, AM/FM stereo with radio data system, and an overhead console with a compass and trip computer round out the comfort features. Remote keyless entry and the security system provide convenient access and peace of mind. The suspension system includes four-wheel independent design with front and rear anti-roll bars, complemented by speed-sensing steering that adjusts to your driving conditions. Electronic stability control, traction control, and brake assist work together for confident driving in various conditions. Four-wheel disc brakes with ABS provide reliable stopping power, while the comprehensive airbag system includes dual front impact, dual front side impact, and knee airbags. We back this Mustang GT with our Lewis Guarantee, which includes a 5-year/60,000-mile warranty, one year of free oil changes, and one year of free tire rotations. This combination of legendary American performance and our complete coverage gives you confidence in your purchase.",available,used,31868.00 USD,https://www.thatguythatsellscars.com/inventory/2994044,https://pictures.web.dealer.com/l/lewisfordfd/0216/9d50de63d466a7985acc61ce5f88d669x.jpg,1FA6P8CF8L5191152,2020,Ford,Mustang,GT,COUPE,34670,MI,Shadow Black,Ebony,AUTOMATIC,RWD,GASOLINE,"{addr1: '323 E Main Street', city: 'Farmington', region: 'AR', postal_code: '72730', country: 'US'}"
3KPF54AD7RE830502,2024 Kia Forte GT-Line,"Home OF The Lewis Guarantee - 1 Year Free Oil Changes - 1 Year Free Tire Rotation - 5YR/60,000 Mile Warranty - 10.25"" Display Audio with Apple CarPlay & Android Auto - SiriusXM Radio - Automatic Temperature Control with Front Dual Zone A/C - Navigation System - Leather Steering Wheel and Shift Knob - Sport Steering Wheel - Auto High-beam Headlights with Delay-off Feature - Front Fog Lights - Exterior Parking Camera Rear - 17"" Alloy Wheels - Electronic Stability Control and Traction Control - 4-Wheel Disc Brakes with ABS This 2024 Kia Forte GT-Line in Gray combines practical performance with refined styling. The 2.0L I4 engine delivers dependable power while the Cvt transmission provides smooth acceleration and highway efficiency. With 28 city MPG and 39 highway MPG, this sedan balances everyday economy with spirited driving dynamics. The interior reflects thoughtful design with leather-appointed steering wheel and shift knob, complemented by sport-tuned steering for responsive handling. The dual zone automatic temperature control ensures driver and passenger comfort across all seasons, while the front dual zone A/C puts climate management at your fingertips. Rear window defroster and heated door mirrors address practical winter needs. Technology is seamlessly integrated throughout. The 10.25"" Display Audio system pairs with Apple CarPlay and Android Auto for seamless smartphone integration, while the Navigation System and SiriusXM radio keep you connected and entertained. Steering wheel-mounted audio controls allow you to manage functions without taking your hands off the wheel. Safety features include dual front impact airbags, dual front side impact airbags, and overhead airbags for comprehensive passenger protection. Electronic Stability Control, Traction Control, and 4-Wheel Disc Brakes with ABS provide confident stopping and handling in varied driving conditions. The low tire pressure warning system and security system add additional layers of protection. The Forte GT-Line offers practical daily utility with split folding rear seats and rear seat center armrest, making it simple to reconfigure cargo space as needed. Front bucket seats with front center armrest provide comfortable seating for long drives, while the trip computer and tachometer keep you informed of performance metrics. We stand behind this vehicle with our included 1 Year Free Oil Changes and 1 Year Free Tire Rotation program, plus a comprehensive 5YR/60,000 Mile Warranty. Schedule your test drive today to experience the Forte GT-Line's blend of efficiency, technology, and everyday reliability.",available,used,20909.00 USD,https://www.thatguythatsellscars.com/inventory/3006066,https://pictures.web.dealer.com/l/lewisfordfd/0603/10c9eedb426e1e423ce5de560f293cd5x.jpg,3KPF54AD7RE830502,2024,Kia,Forte,GT-Line,SEDAN,32792,MI,Gravity Gray,Black,AUTOMATIC,FWD,GASOLINE,"{addr1: '323 E Main Street', city: 'Farmington', region: 'AR', postal_code: '72730', country: 'US'}"
5XYP5DGC0RG491023,2024 Kia Telluride SX X-Line,"This 2024 Kia Telluride SX X-Line in Gray represents a thoughtfully equipped three-row Suv designed for families and adventurers who value comfort, capability, and reliability. - 1 Year Free Oil Changes - 1 Year Free Tire Rotation - 5Yr/60,000 Mile Warranty - Navigation System - Apple CarPlay & Android Auto - Harman Kardon Audio System with 10 Speakers - Heated & Ventilated Front Bucket Seats - Power Moonroof - Smart Key with Push Button and Remote Start - Automatic Temperature Control with Front Dual Zone A/C - Heated Steering Wheel - Emergency Communication System: 911 Connect - Rear Parking Camera - Power Liftgate - All-Wheel Drive The Telluride SX X-Line delivers practical three-row seating with split-folding capability and a reclining third row, accommodating seven passengers with flexibility for cargo when needed. The heated and ventilated front bucket seats provide year-round comfort, while the heated steering wheel adds another layer of convenience during colder months. Power adjustment and memory functions on the driver's seat let you find your ideal position quickly. Inside, the Harman Kardon audio system with ten speakers produces clear, balanced sound throughout the cabin. Apple CarPlay and Android Auto connectivity keep you seamlessly linked to your smartphone, while the Navigation System guides you confidently to any destination. The power moonroof floods the interior with natural light, enhancing the sense of space and openness that the Telluride is known for. This vehicle arrives to you as a certified pre-owned Telluride, backed by comprehensive protection that includes a 5-year/60,000-mile warranty. The included 1-year free oil changes and tire rotation service help you maintain peak performance and reliability while minimizing ownership costs in the critical first year. Mechanically, the 3.8L V6 Dohc engine paired with an 8-speed automatic transmission and all-wheel drive provides confident power delivery and traction in varied driving conditions. The independent four-wheel suspension, electronic stability control, and speed-sensing steering create a composed, controlled driving experience. Fuel efficiency reaches 18 city/24 highway MPG, balancing performance with practical consumption for family trips and daily commuting. Safety technology includes dual front impact airbags, front side impact airbags, knee airbags, and rear side impact airbags positioned throughout the cabin. The rear parking camera assists during docking maneuvers, while the 911 Connect system provides emergency communication support when needed. Four-wheel disc brakes with ABS ensure responsive stopping power in all conditions. The Gray exterior with body-color bumpers and roof rack rails presents a refined, capable appearance. Heated power door mirrors with turn signal indicators, auto high-beam headlights with delay-off function, and front fog lights enhance visibility and safety during challenging weather or low-light driving. We invite you to visit and experience this 2024 Kia Telluride SX X-Line firsthand. Our team is ready to answer your questions and discuss how this capable, well-appointed Suv fits your family's needs.",available,used,38982.00 USD,https://www.thatguythatsellscars.com/inventory/2993462,https://pictures.web.dealer.com/l/lewischryslerdodgecllc/1775/a7e35e867ef9ca7767cc005cc93f0803x.jpg,5XYP5DGC0RG491023,2024,Kia,Telluride,SX X-Line,SUV,39551,MI,Wolf Gray,Black,AUTOMATIC,AWD,GASOLINE,"{addr1: '323 E Main Street', city: 'Farmington', region: 'AR', postal_code: '72730', country: 'US'}"
1C6SRFHM0LN223162,2020 Ram 1500 Limited,"Home OF The Lewis Guarantee - Off Road Group with all-terrain tires, extra heavy-duty shock absorbers, and hill descent control - 3.0L EcoDiesel V6 Turbocharged engine delivering 21 city / 29 highway MPG - 4WD with E-Locker rear axle and 3.92 rear axle ratio - Uconnect 12 with navigation, Apple CarPlay, and Android Auto - SiriusXM 360L satellite radio with emergency communication - Premium leather-trimmed bucket seats with heating and ventilation - Heated steering wheel and automatic temperature control - ParkView rear backup camera and parking assistance - Trailer brake control for confident towing - 20-inch polished alloy wheels with all-terrain tires - Skid plates protecting steering gear, transfer case, front suspension, and fuel tank - Full-size spare tire and 33-gallon fuel tank - Premium audio system with 10 speakers and steering wheel controls - Rearview camera and electronic stability control for enhanced safety This 2020 Ram 1500 Limited combines capable performance with refined comfort. The EcoDiesel engine provides strong efficiency without compromising power, while the off-road group preparation means this truck is ready for both everyday driving and more demanding terrain. The 4WD system with electronic locking rear axle gives you confidence on any surface. Inside, you'll find genuine wood appointments throughout the cabin, complementing the premium leather seats that offer both heating and ventilation. The Uconnect navigation system keeps you connected, and dual-zone automatic temperature control ensures comfort for everyone aboard. Whether you're adjusting the heated steering wheel or accessing storage in the center armrest, every detail supports your driving experience. The truck's construction includes comprehensive skid plate protection, from the transfer case to the fuel tank, safeguarding critical components. The all-terrain tires mounted on 20-inch polished wheels provide both capability and visual presence. With trailer brake control and the truck's substantial 33-gallon fuel tank, you have the tools for serious hauling and travel. As a Limited trim, this Ram 1500 offers substantial value with factory warranty coverage. The dealership backs this vehicle with one year of complimentary oil changes and tire rotations, plus a six-month/6,000-mile warranty for additional peace of mind. This combination of capability, comfort, and support makes this truck a strong choice for buyers who demand performance without compromise.",available,used,30241.00 USD,https://www.thatguythatsellscars.com/inventory/2992792,https://pictures.web.dealer.com/l/lewisfordfd/0061/f2e977db6f03198687bb74c8bc0a1548x.jpg,1C6SRFHM0LN223162,2020,Ram,1500,Limited,TRUCK,104829,MI,Granite Crystal Metallic Clearcoat,Black,AUTOMATIC,4X4,DIESEL,"{addr1: '323 E Main Street', city: 'Farmington', region: 'AR', postal_code: '72730', country: 'US'}"
1FTFW1E84PFA98776,2023 Ford F-150 Lariat,"This 2023 Ford F-150 Lariat in white delivers the capability and refinement you need for work or weekend adventures. - 3.5L V6 EcoBoost engine with 10-speed automatic transmission - Ford Co-Pilot360 Assist 2.0 advanced driver assistance - Max Trailer Tow Package with integrated trailer brake controller - Extended Range 36-gallon fuel tank - Intelligent Adaptive Cruise Control with Stop & Go - 360-degree camera system with trailer reverse guidance - Connected Built-In Navigation with FordPass integration - LED projector headlamps with dynamic bending capability - 20"" chrome-like Pvd wheels with all-terrain tires - 2nd row heated seats and wireless charging pad - Power tilt/telescoping steering column with memory - B&O Sound System by Bang & Olufsen with SiriusXM - Electronic locking differential with 3.55 axle ratio - Heated steering wheel and power driver seat - Sync 4 with emergency assist connectivity This F-150 Lariat achieves 18 city and 23 highway MPG, balancing performance with efficiency. The 3.5L EcoBoost provides strong pulling power while the extended 36-gallon fuel tank extends your range between fill-ups. Whether you're managing a job site or towing a trailer, this truck handles the workload with confidence. The Lariat trim emphasizes comfort and technology throughout the cabin. Leather-trimmed bucket seats with heating and ventilation keep you comfortable on long drives, while the power passenger seat and heated second row ensure everyone travels in style. The wireless charging pad and multiple USB connections keep your devices ready for navigation or communication. For safety and convenience, Ford Co-Pilot360 Assist 2.0 combines rain-sensing wipers, evasive steering assist, intersection assist, and speed sign recognition to help you stay aware on every drive. The LED projector headlamps with dynamic bending illuminate curves ahead, while the 360-degree camera and trailer backup assist make maneuvering straightforward. The Max Trailer Tow Package makes this truck equally at home on the road and on the job. The integrated trailer brake controller, Pro Trailer Backup Assist, and Class IV receiver add capability, while the 3.55 electronic locking differential provides traction when you need it most. This locally owned F-150 has been well maintained and comes backed by a 5-year, 60,000-mile warranty. You also receive one year of free oil changes and tire rotations, keeping your truck in peak condition. Visit our showroom to experience the capability and comfort this Lariat offers firsthand.",available,used,46337.00 USD,https://www.thatguythatsellscars.com/inventory/2994043,https://pictures.web.dealer.com/l/lewischryslerdodgecllc/0798/f4c19f472f5cf093f73fdea5009daedax.jpg,1FTFW1E84PFA98776,2023,Ford,F-150,Lariat,TRUCK,37560,MI,White Metallic,Black,AUTOMATIC,4X4,GASOLINE,"{addr1: '323 E Main Street', city: 'Farmington', region: 'AR', postal_code: '72730', country: 'US'}"
1FTFW4L87SFB33758,2025 Ford F-150 Tremor,"Home OF The Lewis Guarantee - Tow/Haul Package with Integrated Trailer Brake Controller - 3.5L V6 EcoBoost Engine with 10-Speed Automatic and 4WD - Sync 4 with Enhanced Voice Recognition and Connected Navigation - B&O Sound System by Bang & Olufsen with SiriusXM - Heated Front Seats with Power Driver and Passenger Controls - Electronic Locking Rear Differential with 3.73 Axle Ratio - 18"" Alloy Wheels with Dark Matte Finish - Front Dual Zone Automatic Climate Control - Auto High-Beam Headlights with Front Fog Lights - Remote Keyless Entry and Security System - Steering Wheel Mounted Audio Controls - Power Adjustable Pedals and Telescoping Steering Wheel - FordPass Connect 5G Internet Access - Dual Front and Side Impact Airbags with Overhead Airbags - Sync 4 911 Assist Emergency Communication System The 2025 Ford F-150 Tremor in Antimatter Blue Metallic represents a capable truck built for work and adventure. This 4WD model delivers a strong balance of power and efficiency with its 3.5L V6 EcoBoost engine, returning 18 city and 23 highway miles per gallon. The Tow/Haul Package with integrated trailer brake controller ensures confident handling of demanding loads, while the electronic locking rear differential with 3.73 axle ratio provides the traction you need in varied conditions. Inside, the Tremor offers premium comfort and connectivity. The Sync 4 system with enhanced voice recognition puts navigation, entertainment, and vehicle controls at your command. The B&O Sound System by Bang & Olufsen delivers quality audio, while dual-zone automatic climate control and heated front power seats ensure comfort on every journey. Thoughtful features like steering wheel-mounted audio controls, adjustable pedals, and a power driver seat make long drives easier. Safety is woven throughout the truck's design. Dual front and side impact airbags, overhead airbags, and a comprehensive electronic stability system work together to protect you and your passengers. The Sync 4 911 Assist emergency communication feature connects you to help when you need it most. Four-wheel disc brakes with ABS and traction control provide stopping power you can trust. This truck is equipped for owners who value both capability and reassurance. We're backing this F-150 Tremor with a 5-year, 60,000-mile warranty, plus one year of free oil changes and tire rotationsâ""a show of confidence in quality and our commitment to your satisfaction. The 2025 Ford F-150 Tremor is ready to serve as your capable partner, whether for work, weekend escapes, or daily driving. Visit our showroom to experience this truck firsthand and discover why it's the right choice for your needs.",available,used,55565.00 USD,https://www.thatguythatsellscars.com/inventory/2994052,https://pictures.web.dealer.com/l/lewisfordfd/1353/e0a08642ed5fdf81f30c48a1ccae2a00x.jpg,1FTFW4L87SFB33758,2025,Ford,F-150,Tremor,TRUCK,15146,MI,Blue Metallic,Black,AUTOMATIC,4X4,GASOLINE,"{addr1: '323 E Main Street', city: 'Farmington', region: 'AR', postal_code: '72730', country: 'US'}"
1FTEW2LP3SKD63845,2025 Ford F-150 STX,"This 2025 Ford F-150 Stx in white represents the work truck capability and everyday practicality you need for the road ahead. - 2.7L V6 EcoBoost with 10-Speed Automatic and 4WD - Equipment Group 200A Mid with zone lighting - 20"" Dark Gray Machined Aluminum Wheels with 275/60R20 All-Terrain Tires - LED Fog Lamps with LED Cornering Lamps - Electronic Locking Differential with 3.73 Axle Ratio - Gvwr: 6,650 lbs Payload Capacity - Sync 4 with Enhanced Voice Recognition and FordPass Connect 5G - SiriusXM 360L Satellite Radio - Rear Parking Sensors - Auto High-Beam Headlights with Delay-Off Feature - Heated Power Door Mirrors - Rear Window Defroster - Rear Step Bumper - Remote Keyless Entry - Split Folding Rear Seat This truck delivers an estimated 18 mpg in the city and 24 mpg on the highway, balancing power with efficiency for your daily commute and weekend projects. The 2.7L EcoBoost engine provides the performance you expect from an F-150 while the 10-speed automatic transmission ensures smooth power delivery across all driving conditions. Four-wheel drive offers enhanced traction and control in varied weather and terrain. The Stx trim combines functionality with modern convenience features. Sync 4 infotainment keeps you connected through voice recognition and smartphone integration, while SiriusXM 360L satellite radio brings entertainment on every drive. Rear parking sensors and auto high-beam headlights add confidence during parking and nighttime driving. The 20-inch machined aluminum wheels wrapped in all-terrain tires project capability while the LED fog and cornering lamps enhance visibility in challenging conditions. This F-150 Stx is certified as a locally owned, one-owner truck that has been well maintained throughout its ownership. The vehicle comes with a 5-year, 60,000-mile warranty providing you with added peace of mind. To demonstrate our confidence in this truck's condition, we're including one year of complimentary oil changes and one year of free tire rotations with your purchase. With its proven 4WD system, electronic locking differential, and substantial payload capacity, this truck handles demanding work with efficiency and reliability. The independent front suspension absorbs road imperfections while the four-wheel disc brakes with ABS deliver responsive stopping power. Whether you're hauling materials, towing a trailer, or simply navigating daily responsibilities, this F-150 Stx is built to perform. We invite you to experience this 2025 Ford F-150 Stx in person at our showroom, where you can explore its features and discuss how it fits your needs.",available,used,37270.00 USD,https://www.thatguythatsellscars.com/inventory/2994583,https://pictures.web.dealer.com/l/lewischryslerdodgecllc/0528/1a2f37227bdf79e840925ea7683358d2x.jpg,1FTEW2LP3SKD63845,2025,Ford,F-150,STX,TRUCK,47545,MI,White Metallic,Black,AUTOMATIC,4X4,GASOLINE,"{addr1: '323 E Main Street', city: 'Farmington', region: 'AR', postal_code: '72730', country: 'US'}"
2T3H1RFV8MW136143,2021 Toyota RAV4 LE,"This 2021 Toyota RAV4 LE in black delivers the reliability and practicality you need for everyday driving, combined with the quality craftsmanship Toyota is known for delivering. - 1 year of complimentary oil changes - 1 year of complimentary tire rotations - 6-month/6,000-mile warranty - Remote keyless entry - Apple CarPlay and Android Auto compatibility - Rear exterior parking camera - Auto high-beam headlights - Electronic stability control and traction control - Four-wheel independent suspension with speed-sensing steering - SiriusXM satellite radio with AM/FM stereo - Steering wheel-mounted audio controls - Telescoping and tilt steering wheel - Dual front and side impact airbags with knee and overhead airbags - Split folding rear seat for flexible cargo space The RAV4 LE provides strong fuel efficiency with an EPA-estimated 27 city and 35 highway miles per gallon, helping you maximize value at the pump. Its 2.5L 4-cylinder engine paired with an 8-speed automatic transmission delivers responsive performance while maintaining efficiency. The front-wheel drive configuration provides excellent traction and handling in various driving conditions. Safety is paramount with this model. The RAV4 LE includes a comprehensive suite of protective features: anti-lock brakes, electronic stability control, traction control, and a full array of airbags positioned throughout the cabin. The rear exterior parking camera assists with visibility during reversing maneuvers, while low tire pressure monitoring keeps you informed of your vehicle's condition. This vehicle carries Toyota's certified pre-owned distinction, which means it has undergone rigorous inspection and meets stringent quality standards. You can drive with confidence knowing this RAV4 LE has been thoroughly evaluated and approved by Toyota professionals. The comfortable interior accommodates five passengers with front bucket seats and a rear seat center armrest. The split folding rear seat expands cargo versatility for hauling larger items when needed. Climate control keeps the cabin comfortable year-round with air conditioning and rear window defroster functionality. The driver-focused controls include remote keyless entry, power windows, power steering, speed control, and illuminated entry for convenient operation. We invite you to visit our showroom to experience this dependable RAV4 LE firsthand and discover how it can meet your transportation needs.",available,used,20861.00 USD,https://www.thatguythatsellscars.com/inventory/2997078,https://pictures.web.dealer.com/l/lewischryslerdodgecllc/0447/9cb83d30423ccd909a68be9ee6ebf37ex.jpg,2T3H1RFV8MW136143,2021,Toyota,RAV4,LE,SUV,105518,MI,Midnight Black Metallic,Black,AUTOMATIC,FWD,GASOLINE,"{addr1: '323 E Main Street', city: 'Farmington', region: 'AR', postal_code: '72730', country: 'US'}"
1C4JJXSJ2NW158490,2022 Jeep Wrangler Unlimited Rubicon 392,"This 2022 Jeep Wrangler Unlimited Rubicon 392 represents a remarkable opportunity to own one of the most capable and distinctive vehicles on the road today. - Srt Hemi 6.4L V8 engine with 8-speed automatic transmission - 4WD with Rubicon 392 suspension for serious off-road capability - Convertible hardtop design with Corning Gorilla Glass - Trailer tow package with Class II receiver hitch and wiring harness - Navigation system with Uconnect 4C and 8.4"" touchscreen display - Apple CarPlay and Android Auto smartphone integration - Heated leather steering wheel and leather-trimmed bucket seats - Front dual-zone automatic climate control - ParkView rear backup camera with integrated security features - SiriusXM satellite radio and emergency communication system - 17"" beadlock-capable alloy wheels - Mopar hardtop headliner and all-weather floor mats - Auto high-beam headlights with fog lights and heated mirrors - Dual front airbags, electronic stability control, and traction control With just 48,495 miles, this vehicle has been locally owned and meticulously maintained by one dedicated owner. The attention to detail is evident throughout, from the pristine black exterior with clearcoat finish to the well-preserved interior appointments. You'll appreciate the quality construction and care that has been invested in keeping this Wrangler in excellent condition. This vehicle arrives certified and ready for your confidence. You'll receive a comprehensive 5-year, 60,000-mile warranty along with one year of complimentary oil changes and tire rotations, demonstrating our commitment to your ownership satisfaction and long-term vehicle reliability. The 2022 Wrangler Unlimited Rubicon 392 delivers genuine capability whether you're navigating city streets or tackling challenging terrain. The Srt Hemi V8 powerplant, combined with the advanced suspension geometry and multi-mode traction systems, provides the performance and control you expect from a Rubicon-trimmed vehicle. Fuel economy registers at 13 MPG city and 17 MPG highway, transparent figures that help you plan your fuel expenditures realistically. Beyond raw capability, this Wrangler offers the lifestyle flexibility that owners value. The convertible hardtop transforms your driving experience while maintaining structural integrity and weather protection. Advanced connectivity features keep you linked to your world, while premium comfort appointmentsâ""heated seats, dual-zone climate control, and a leather-trimmed interiorâ""make every journey more enjoyable. We invite you to schedule a personal viewing of this outstanding 2022 Wrangler Unlimited Rubicon 392. Our team is prepared to answer your questions thoroughly and arrange a test drive that demonstrates why this vehicle deserves a place in your garage.",available,used,52594.00 USD,https://www.thatguythatsellscars.com/inventory/2997930,https://pictures.web.dealer.com/l/lewischryslerdodgecllc/1194/d5d21c374709c94c06f87f0a1f4fdcb7x.jpg,1C4JJXSJ2NW158490,2022,Jeep,Wrangler,Unlimited Rubicon 392,SUV,48495,MI,Black Clearcoat,Black,AUTOMATIC,4X4,GASOLINE,"{addr1: '323 E Main Street', city: 'Farmington', region: 'AR', postal_code: '72730', country: 'US'}"
3C6UR5CL4RG309559,2024 Ram 2500 Tradesman,"This 2024 Ram 2500 Tradesman in gray delivers the capability and durability you need for serious work and towing demands. - Cummins 6.7L I-6 Turbodiesel engine with selective catalytic reduction and dual 730-amp batteries - 5th wheel/gooseneck towing prep group for versatile trailer hookup options - Trailer brake control with trailer light check for confident towing management - Uconnect 5 infotainment system with 8.4"" touchscreen, Apple CarPlay, and Google Android Auto - SiriusXM satellite radio with emergency communication capabilities - Chrome appearance group featuring bright bumpers, chrome grille surround, and 18"" chrome clad steel wheels - Rear power sliding window and rear folding seat for enhanced functionality - Rear-view camera with center stop lamp integration for enhanced visibility - Power heated folding mirrors with supplemental signals and courtesy lamps - Diesel exhaust brake and heavy-duty engine cooling for reliable performance - Anti-spin differential rear axle for improved traction control - Electronic stability control and traction control for safe operation in varying conditions - Dual front impact airbags and overhead airbags for occupant protection - Mopar front and rear rubber floor mats for cab protection The Tradesman trim provides straightforward, no-nonsense capability built around the legendary Cummins diesel platform. The 6-speed automatic transmission pairs seamlessly with the turbocharged I-6, delivering the torque and reliability that Ram 2500 drivers expect. Heavy-duty engine cooling and a diesel exhaust brake ensure this truck handles demanding work environments without compromise. The thoughtfully equipped cab combines comfort with practicality. The 40/20/40 cloth bench seat offers flexibility for multiple passengers or gear storage, while manual four-way driver and passenger seat adjustments let you find the right driving position. Front armrests with cupholders, a tilt steering wheel, and overhead storage keep essentials within reach. The chrome appearance package elevates the truck's visual presence with bright bumpers, a chrome grille surround, and chrome headlamp bezels. Eighteen-inch chrome clad steel wheels mount LT275/70R18E all-season tires, balancing durability with appearance. Matte black mesh detailing adds contemporary styling that photographs well and ages gracefully. When it comes to towing, this truck is prepared for the job. The 5th wheel/gooseneck towing prep group provides the foundation you need, while trailer brake control and trailer light check functionality give you command over your load. Diesel exhaust braking reduces strain on your service brakes during long descents, extending brake life and improving control. The Uconnect 5 system with its 8.4"" touchscreen keeps you connected with Apple CarPlay and Google Android Auto integration. SiriusXM satellite radio eliminates dead spots and signal loss, ensuring uninterrupted entertainment during long hauls. The system's voice command integration lets you manage calls and navigation without taking your hands off the wheel. This Ram 2500 Tradesman represents capable, honest truck engineering designed for owners who value reliability and performance. Contact us today to schedule a test drive and experience the capability this diesel-powered workhorse provides.",available,used,39565.00 USD,https://www.thatguythatsellscars.com/inventory/2997929,https://pictures.web.dealer.com/l/lewischryslerdodgecllc/1075/a2938d5a7eaba86b24fa5a866ca83edbx.jpg,3C6UR5CL4RG309559,2024,Ram,2500,Tradesman,TRUCK,81592,MI,Granite Crystal Metallic Clearcoat,Black,AUTOMATIC,4X4,DIESEL,"{addr1: '323 E Main Street', city: 'Farmington', region: 'AR', postal_code: '72730', country: 'US'}"
5XYK6CDF5RG193440,2024 Kia Sportage X-Line,"Home OF The Lewis Guarantee - 1 Year Free Oil Changes - 1 Year Free Tire Rotations - 5-Year/60,000-Mile Warranty - Smart Power Liftgate - LED Interior Lighting - Panoramic Sunroof - Heated Front Bucket Seats - Apple CarPlay & Android Auto - Navigation System - All-Wheel Drive - 19"" Gloss Black Alloy Wheels - Automatic Temperature Control with Dual Front Zone - Electronic Stability Control and Traction Control - Premium Leatherette Seat Trim This 2024 Kia Sportage X-Line presents the perfect balance of capability and comfort for drivers who want a dependable Suv without compromise. With an EPA-estimated 23 city and 26 highway MPG, you'll enjoy efficient fuel economy for both daily commuting and longer trips. The All-Wheel Drive system provides confidence in varied driving conditions while the refined I4 engine delivers responsive performance paired with an 8-speed automatic transmission. The X-Line Premium Package elevates your daily drive with features designed for convenience and style. The smart power liftgate opens and closes at the touch of a button, making cargo loading effortless whether your hands are full. Panoramic sunroof flooding the cabin with natural light creates an open, airy atmosphere that makes every journey feel special. LED interior lighting throughout the cabin adds a modern touch while the heated front bucket seats keep you comfortable during cold weather months. Technology integration keeps you connected on the road with Apple CarPlay and Android Auto compatibility, allowing seamless access to your favorite apps and navigation right from the touchscreen. The integrated navigation system helps you reach your destination with confidence. SiriusXM satellite radio provides entertainment options wherever your travels take you. Steering wheel-mounted audio controls let you adjust settings without taking your eyes off the road. Safety features provide peace of mind for you and your passengers. This Sportage includes multiple airbags positioned strategically throughout the cabin, electronic stability control, and traction control to help maintain vehicle control in challenging conditions. Four-wheel disc brakes with ABS ensure reliable stopping power, while speed-sensing steering adapts to your driving speed for enhanced control. The exterior reflects the X-Line's confident design with 19-inch gloss black alloy wheels mounted on rain-sensing wipers that automatically adjust to weather conditions. Body-color bumpers and heated door mirrors complete the polished appearance. Inside, premium leatherette seat trim pairs with the sage green interior color package for a sophisticated cabin environment. We back your purchase with genuine confidence through our Lewis Guarantee maintenance program. Your complimentary oil changes and tire rotations for one year help you maintain this vehicle properly, while the 5-year/60,000-mile warranty provides comprehensive coverage for your investment. Visit our showroom and discover why the 2024 Kia Sportage X-Line is the right choice for discerning drivers who demand quality and value.",available,used,26225.00 USD,https://www.thatguythatsellscars.com/inventory/2997936,https://pictures.web.dealer.com/l/lewisfordfd/1515/b3409e948fc9dd2ba48ee09164bbf415x.jpg,5XYK6CDF5RG193440,2024,Kia,Sportage,X-Line,SUV,48888,MI,Ebony Black,Black,AUTOMATIC,AWD,GASOLINE,"{addr1: '323 E Main Street', city: 'Farmington', region: 'AR', postal_code: '72730', country: 'US'}"
4S3BWAN61N3011346,2022 Subaru Legacy Limited,"Home OF The Lewis Guarantee This 2022 Subaru Legacy Limited delivers refined performance and everyday practicality in a sophisticated blue sedan. With a 2.5L 4-cylinder engine paired with a Lineartronic Cvt transmission, it achieves an impressive 27 city and 35 highway mpg while providing the security of standard all-wheel drive. At just over 30,000 miles, this well-maintained vehicle offers exceptional value with proven Subaru reliability. - 1 Year Free Oil Changes - 1 Year Free Tire Rotation - 5-Year/60,000-Mile Warranty - Moonroof & Navigation System - Heated Steering Wheel - DriverFocus Driver Monitoring System - Premium Harman/Kardon Audio with SiriusXM - Leather Seating with Heated Front and Rear Seats - All-Wheel Drive with Electronic Stability Control - Subaru Starlink with Apple CarPlay and Android Auto The leather interior, heated front bucket seats, and available heated rear seating create a comfortable environment year-round. Equipped with the Subaru Starlink 11.6"" multimedia navigation system, wireless smartphone integration, and a premium 12-speaker harman/kardon sound system, this Legacy keeps you connected and entertained. Safety features include dual front impact airbags, electronic stability control, and a backup camera for confident driving. Schedule your test drive today and experience the quality and dependability this Legacy Limited offers.",available,used,25189.00 USD,https://www.lewisfarmington.com/used/Subaru/2022-Subaru-Legacy-dea77b11ac1822ed3b294cb0f519c849.htm,https://pictures.web.dealer.com/l/lewisfordfd/1715/b2738771344bcea18ee47f1b72731b24x.jpg,4S3BWAN61N3011346,2022,Subaru,Legacy,Limited,SEDAN,30473,MI,Abyss Blue Pearl,Black,AUTOMATIC,AWD,GASOLINE,"{addr1: '323 E Main Street', city: 'Farmington', region: 'AR', postal_code: '72730', country: 'US'}"
2C3CDZBT5PH681036,2023 Dodge Challenger R/T,"Certified. Priced below KBB Fair Purchase Price! 5YR/60,000 Mile Warranty, 1 Year Free Oil Changes, 1 Year Free Tire Rotation, Well Maintained, One Owner, 1-Yr SiriusXM Guardian Trial, 18 Speakers Premium Audio System, 276 Watt Amplifier, 4G Lte Wi-Fi Hot Spot, 8.4"" Touchscreen Display, Apple CarPlay, Black Fuel Filler Door, Black Grille w/Bezel, Black Satin Painted Hood, Black-Edged Premium Floormats, Blind Spot & Cross Path Detection, Body Color Exterior Mirrors, Challenger Script Grille Badge, Compass Gauge, Deluxe Security Alarm, Dodge Performance Pages, Door Trim Panel w/Ambient Lighting, Exterior Mirrors w/Heating Element, For Details, Visit DriveUconnect.com, For More Info, Call 800-643-2112, Front Fog Lamps, Gloss Black I/P Cluster Trim Rings, Google Android Auto, Gps Antenna Input, Gps Navigation, harman/kardon Audio Group w/Subwoofer, harman/kardon GreenEdge Amp, HD Radio, Heated Front Seats, Heated Steering Wheel, High-Intensity Discharge Headlamps, Illuminated Air-Catcher Headlamps, Integrated Center Stack Radio, Integrated Voice Command w/Bluetooth, Line Lock, Media Hub (2 USB, Aux), Mopar Cold Air Intake System, Nappa/Alcantara Performance Seats, Plus Package, Power Multi-Function Foldaway Mirrors, Power Tilt/Telescope Steering Column, Premium-Stitched Dash Panel, Radio: Uconnect 4C w/8.4"" Display, Radio/Driver Seat/Mirrors Memory, Rhombi 2-Pc Wheel Center Cap, Rhombi Illum Air Catcher Headlamp, Satin Wrap Roof/Decklid, Shark Fin Antenna, SiriusXM Radio Service, SiriusXM Satellite Radio, Surround Sound, T/A Bodyside Graphic, T/A Package, T/A Spoiler Decal, Trunk Mounted Subwoofer, USB Host Flip, Ventilated Front Seats, Wheels: 20"" x 9.0"" Lo Gloss Granite Crystal, White Face Instrument Cluster. Sublime Metallic Clearcoat 2023 Dodge Challenger R/T RWD 8-Speed Automatic Hemi 5.7L V8 Multi Displacement Vvt Odometer is 12374 miles below market average! Certification Program Details: Lewis Automotive Guarantee",available,used,35797.00 USD,https://www.thatguythatsellscars.com/inventory/2999148,https://pictures.web.dealer.com/l/lewischryslerdodgecllc/1127/1770d89b8e984def03be1d7fd9e33243x.jpg,2C3CDZBT5PH681036,2023,Dodge,Challenger,R/T,COUPE,24507,MI,Sublime Metallic Clearcoat,Black,AUTOMATIC,RWD,GASOLINE,"{addr1: '323 E Main Street', city: 'Farmington', region: 'AR', postal_code: '72730', country: 'US'}"
1FTFW1E54NFA18203,2022 Ford F-150 Lariat,"This 2022 Ford F-150 Lariat in white delivers the capability and comfort you expect from a premium truck, backed by a 6-month/6,000-mile warranty and proven reliability. - 5.0L V8 Flex Fuel Engine with 10-Speed Automatic and 4WD - FX4 Off-Road Package with Rock Crawl Mode and Hill Descent Control - Off-Road Tuned Front Shock Absorbers and Monotube Rear Shocks - Trailer Tow Package with Integrated Trailer Brake Controller and Pro Trailer Backup Assist - 360 Degree Camera with Trailer Reverse Guidance - Ford Co-Pilot360 Assist 2.0 with Intelligent Adaptive Cruise Control and Lane Centering - Tough Bed Spray-In Bedliner - Leather-Trimmed Heated and Ventilated 10-Way Power Driver Seat with Memory - 6"" Extended Bright Polished Running Boards - Electronic Locking Differential with 3.73 Axle Ratio - Sync 4 with Connected Built-In Navigation and Enhanced Voice Recognition - Onboard 400W Outlet - Auto High-Beam Headlights with Fog Lights - 18"" Machined-Aluminum Wheels with All-Terrain Tires - Class IV Trailer Hitch Receiver Built on the proven F-150 platform, this Lariat demonstrates the solid construction and durability you need for both everyday driving and demanding work. The 5.0L V8 engine produces responsive power while the 10-speed automatic transmission optimizes efficiency across highway and city driving. With 4WD and the FX4 Off-Road Package, you gain genuine capability through rock crawl mode, hill descent control, and skid plates protecting critical componentsâ""ideal for tackling rough terrain or managing challenging weather conditions. The interior reflects Lariat-level refinement with leather-trimmed bucket seats, heated and ventilated driver seating with full power adjustability and memory functions, and flow-through console design. Sync 4 infotainment with connected navigation keeps you informed and in control, while the comprehensive Ford Co-Pilot360 Assist 2.0 suite provides advanced driver assistance technology including lane centering, speed sign recognition, and intelligent adaptive cruise control with stop-and-go capability. For towing and hauling, the trailer package delivers practical confidence with an integrated trailer brake controller and pro trailer backup assist. The 360-degree camera system enhances visibility in all directions, particularly valuable when maneuvering with a loaded bed. Tough bed spray-in bedliner protection preserves your truck bed through years of use. Safety is paramount, with comprehensive airbag systems, electronic stability control, automatic emergency braking assist, and the Sync 4 911 Assist system providing emergency communication when needed. The combination of advanced suspension tuning, electronic locking differential, and all-terrain tires ensures confident handling on varied surfaces. Solid Truck!!! This F-150 Lariat represents a fully equipped truck ready to serve your needs with capability, comfort, and proven Ford quality. We invite you to schedule a visit to see it in person and experience what ownership can deliver.",available,used,36655.00 USD,https://www.thatguythatsellscars.com/inventory/2999146,https://pictures.web.dealer.com/s/springdalefordfd/1578/53bbad49fbc66094044324d42ab4cf72x.jpg,1FTFW1E54NFA18203,2022,Ford,F-150,Lariat,TRUCK,115401,MI,Oxford White,Black W/Medium Dark Slate,AUTOMATIC,4X4,FLEX,"{addr1: '323 E Main Street', city: 'Farmington', region: 'AR', postal_code: '72730', country: 'US'}"
1FTFW3LD9RFA08455,2024 Ford F-150 XLT,"This 2024 Ford F-150 Xlt in Black combines capability with efficiency, delivering the truck performance you need with fuel economy that makes sense for everyday driving and work demands. - 3.5L PowerBoost Full-Hybrid V6 with 10-Speed Automatic and 4WD - 22 city / 24 highway MPG - Intelligent Access with Push Button Start - Adaptive Cruise Control with Stop & Go - Ford BlueCruise Equipped (90-Day Trial) - Power Glass Heated Sideview Mirrors - Auto-Dimming Rear-View Mirror - Heated Front Seats - 400W Cab & Bed Outlets - Remote Start System with Remote Tailgate Release - Power-Sliding Rear Window - Speed Sign Recognition - Sync 4 with Enhanced Voice Recognition and Connected Navigation - 6-Speaker SiriusXM Audio System The hybrid powertrain delivers real-world efficiency without sacrificing the towing and hauling capability F-150 owners depend on. At 26,610 miles, this truck is still in its early service life and backed by a comprehensive five-year, 60,000-mile warranty that covers you through the years ahead. Modern driver assistance features make every journey safer and less fatiguing. Adaptive Cruise Control with Stop & Go keeps pace in traffic, while Speed Sign Recognition alerts you to posted limits. Ford BlueCruise technology is equipped and ready to simplify highway driving with an included 90-day trial subscription. The auto-dimming rear-view mirror and heated sideview mirrors adapt to weather conditions and improve visibility in challenging situations. Inside, you'll find a well-appointed cabin designed for both comfort and productivity. Dual-zone automatic climate control keeps driver and passenger comfortable independently. Heated front seats provide warmth during cold months, while 400W of cab and bed outlets power your tools and devices. The power-sliding rear window offers convenient access, and remote start with remote tailgate release gives you control from a distance. Technology integration is seamless with Sync 4 featuring enhanced voice recognition and a connected navigation system. The audio system includes six speakers with SiriusXM, giving you quality sound and access to satellite radio. An illuminated entry, multiple storage compartments, and telescoping tilt steering wheel round out the practical design. Safety systems throughout this truck give you confidence on every road. Electronic stability control, traction control, ABS brakes, and multiple airbags work together to protect occupants. The Sync 4 911 Assist emergency communication system connects you to help when needed. This F-150 Xlt is ready to handle what you ask of itâ""whether that's work, weekend adventures, or daily commuting. Schedule a visit to see it in person and experience the combination of proven Ford capability with modern efficiency.",available,used,41999.00 USD,https://www.thatguythatsellscars.com/inventory/2999124,https://pictures.web.dealer.com/s/springdalefordfd/1600/ba8a900f0dbbdecceb356aec00af7c5cx.jpg,1FTFW3LD9RFA08455,2024,Ford,F-150,XLT,TRUCK,26610,MI,Black Metallic,Black,AUTOMATIC,4X4,HYBRID,"{addr1: '323 E Main Street', city: 'Farmington', region: 'AR', postal_code: '72730', country: 'US'}"
1FTFW3LD2RFA75754,2024 Ford F-150 XLT,"Meet this 2024 Ford F-150 Xlt in Blueâ""a full-hybrid pickup built to handle your toughest demands while delivering efficiency and reliability you can count on. This truck comes equipped with standout features that enhance both capability and comfort: - 3.5L PowerBoost Full-Hybrid V6 with 10-Speed Automatic - 4WD for confident all-terrain performance - Intelligent Access with Push Button Start - Adaptive Cruise Control with Stop & Go - Ford BlueCruise Equipped (90-Day Trial) - Connected Navigation System - Heated Front Seats and Power Glass Heated Sideview Mirrors - Remote Start System with Remote Tailgate Release - 400W Cab & Bed Outlets - Speed Sign Recognition - Auto-Dimming Rear-View Mirror - Heated Door Mirrors with Power Adjustment - Tailgate Step with Tailgate Work Surface - Sync 4 with Enhanced Voice Recognition - 18"" Chrome-Like Pvd Wheels The powertrain combines efficiency with capability. The 3.5L PowerBoost Full-Hybrid V6 delivers 22 city MPG and 24 highway MPGâ""impressive numbers for a truck of this caliber. The 10-speed automatic transmission works seamlessly with the hybrid system to optimize performance and fuel economy across all driving conditions. Four-wheel drive stands ready for weather, terrain, or whatever the road presents. Inside, you'll find a thoughtfully designed cabin that balances work and comfort. The cloth 40/console/40 front seats provide ample support during long drives, while heated seating keeps you warm in cold months. The power-sliding rear window and bed utility package reflect the XLT's practical approach to truck ownership. Driver-focused controls include a telescoping steering wheel, power windows, and steering wheel-mounted audio controls that keep your focus on the road. Technology keeps you connected and in control. Sync 4 with enhanced voice recognition manages entertainment, navigation, and vehicle functions with intuitive commands. Connected navigation delivers turn-by-turn guidance, while Ford BlueCruise (90-day trial included) offers hands-free highway driving capabilities. Heated sideview mirrors, auto-dimming rear-view mirror, and auto high-beam headlights enhance safety and convenience in changing conditions. Safety features include four-wheel disc brakes with ABS, electronic stability control, traction control, dual front impact airbags, dual front side impact airbags, and emergency communication through Sync 4 911 Assist. The truck's architecture prioritizes occupant protection across all seating positions. This F-150 Xlt carries a 5-year/60,000-mile warranty, backing your investment with genuine peace of mind. With 28,836 miles on the odometer, this truck remains well within warranty coverage and ready for years of dependable service. Visit our showroom to experience this full-hybrid F-150 firsthand and discover why it's the right choice for your lifestyle.",available,used,42771.00 USD,https://www.thatguythatsellscars.com/inventory/2999136,https://pictures.web.dealer.com/s/springdalefordfd/1440/7debda62a11f355b81fe3b218f2f3f8dx.jpg,1FTFW3LD2RFA75754,2024,Ford,F-150,XLT,TRUCK,28386,MI,Antimatter Blue Metallic,Black,AUTOMATIC,4X4,HYBRID,"{addr1: '323 E Main Street', city: 'Farmington', region: 'AR', postal_code: '72730', country: 'US'}"
1C6RJTEG2SL521239,2025 Jeep Gladiator Mojave,"Meet the 2025 Jeep Gladiator Mojave, a locally owned, one-owner truck that has been meticulously maintained and ready to serve your needs for years to come. - 3.6L V6 24V Vvt engine with 8-speed automatic transmission - 4WD capability for versatile terrain and weather conditions - Quick Order Package 24A Mojave X with premium features - Uconnect 5 Navigation system with 12.3"" touchscreen display - Apple CarPlay and Android Auto smartphone integration - SiriusXM satellite radio with 360L service and connected travel features - Heated front seats and heated steering wheel for comfort - Blind Spot and Cross Path Detection for enhanced safety - Integrated off-road camera system - Steel front and rear bumpers for durability - Rear sliding window and no soft top design - ParkSense rear park assist system - Alpine Premium Audio System with 8 speakers - Alexa Built-In connectivity - Body color 3-piece hardtop with Mopar headliner This Jeep has earned certification status, meaning it has passed comprehensive inspections and quality checks to ensure it meets exacting standards. You can drive with confidence knowing this truck has been thoroughly evaluated and approved for your peace of mind. The Gladiator Mojave delivers genuine capability with everyday practicality. The 17-inch dark gray painted wheels, rock protection sill rails, and robust suspension system combine to handle both urban streets and challenging terrain. The integrated off-road camera keeps you aware of obstacles and terrain, while the blind spot and cross path detection technologies offer additional confidence in any driving situation. Interior refinements elevate your daily experience. Premium leather-trimmed bucket seats with power 8-way driver and passenger adjustment, along with power lumbar support, ensure comfort on extended drives. The leather-wrapped steering wheel and shift knob add tactile quality, while the full-length floor console with premium armrest provides convenient storage and support. Dual-zone automatic climate control maintains your preferred temperature year-round. Connectivity features keep you engaged and safe. The Uconnect 5 system with its 12.3-inch display integrates Apple CarPlay and Android Auto seamlessly, while integrated voice command with Bluetooth allows hands-free control. SiriusXM's Connected Travel and Traffic Services keeps you informed during your journeys. The universal garage door opener adds convenience, and Alexa Built-In connectivity expands your smart home integration. We have backed this vehicle with a one-year complimentary oil change service and one-year complimentary tire rotation program, plus a comprehensive 5-year/60,000-mile warranty that protects your investment. This Mojave is ready for you to explore.",available,used,44256.00 USD,https://www.thatguythatsellscars.com/inventory/3000506,https://pictures.web.dealer.com/l/lewischryslerdodgecllc/0574/3c2f7329e6779d9d0488266959e867c2x.jpg,1C6RJTEG2SL521239,2025,Jeep,Gladiator,Mojave,TRUCK,20566,MI,41,Black,AUTOMATIC,4X4,GASOLINE,"{addr1: '323 E Main Street', city: 'Farmington', region: 'AR', postal_code: '72730', country: 'US'}"
1C4HJXFG0KW581402,2019 Jeep Wrangler Unlimited Rubicon,"This 2019 Jeep Wrangler Unlimited Rubicon in Black represents a well-maintained four-door Suv ready to deliver capable performance and versatile utility for your lifestyle. - 1 Year Free Oil Changes - 1 Year Free Tire Rotation - 6-Month/6,000-Mile Warranty - LED Lighting Group with Daytime Running Lamps, Front LED Fog Lamps, and LED Reflector Headlamps - Cold Weather Group with Heated Steering Wheel and Heated Front Seats - 8.4"" Uconnect 4C Navigation with Touchscreen Display and Gps - Premium Alpine Audio System with SiriusXM and HD Radio - 4G Lte Wi-Fi Hot Spot - ParkSense Rear Park Assist System with Blind Spot & Cross Path Detection - Trailer Tow & HD Electrical Group including Class II Receiver Hitch and 700 Amp Battery - Black Leather Trimmed Bucket Seats with Premium Door Trim - Body Color 3-Piece Hard Top with Freedom Panel Storage - Remote Start System and Proximity Keyless Entry - 17"" Black Wheels with Polished Lip - Jeep Trail Rated Kit Powering this Wrangler is a 3.6L V6 engine paired with an 8-Speed Automatic transmission and 4WD capability, delivering 18 city and 23 highway mpg. The vehicle's construction includes a reinforced hinge gate, Mopar cargo tub liner, all-weather floor mats, plastic door sill guards, and protective hardtop headliner for lasting durability. The interior combines comfort with functionality. The heated steering wheel and heated front seats provide warmth during cold weather driving. The cabin features automatic temperature control, dual-zone front air conditioning, and rear window defrost. Steering wheel-mounted audio controls, available Apple CarPlay and Android Auto integration, and a comprehensive gauge package including compass and trip computer ensure convenient operation. This vehicle is certified, meaning it has been thoroughly inspected and meets quality standards you can trust. The included 6-month/6,000-mile warranty provides added peace of mind as you begin your ownership experience. Safety and visibility are prioritized throughout this Wrangler. The LED lighting system illuminates your path with modern efficiency, while four-wheel disc brakes with ABS, electronic stability control, and traction control work together to maintain secure handling in various conditions. The rear backup camera and blind spot detection with cross path detection assist your awareness in tight situations. Locally owned and well maintained, this Wrangler Unlimited Rubicon combines the capability you expect from a four-door Jeep with the refinements of modern technology and comfort features. The included year of complimentary oil changes and tire rotations demonstrates our commitment to your satisfaction. Contact us today to schedule your test drive and experience this vehicle firsthand.",available,used,26870.00 USD,https://www.thatguythatsellscars.com/inventory/2999131,https://pictures.web.dealer.com/l/lewischryslerdodgecllc/1051/04625e5bf3305c78502ea4656378dd82x.jpg,1C4HJXFG0KW581402,2019,Jeep,Wrangler,Unlimited Rubicon,SUV,104237,MI,Black Clearcoat,Black,AUTOMATIC,4X4,GASOLINE,"{addr1: '323 E Main Street', city: 'Farmington', region: 'AR', postal_code: '72730', country: 'US'}"
1C6PJTAG4SL530909,2025 Jeep Gladiator High Tide,"Meet the 2025 Jeep Gladiator High Tide, a truck built for those who demand capability, comfort, and distinctive style in one package. - 1 Year Free Oil Changes - 1 Year Free Tire Rotation - 5Yr/60,000 Mile Warranty - Heated Front Seats and Steering Wheel - Power Heated Mirrors - Remote Start System - Class IV Receiver Hitch with Trailer Tow Group - Heavy-Duty Engine Cooling - Full Speed Forward Collision Warning Plus - Rear Window Defroster - Uconnect 5 with 12.3"" Touchscreen Display - Apple CarPlay and Android Auto - ParkView Rear Back-Up Camera - 4G Lte Wi-Fi Hotspot with Alexa Built-In This High Tide model arrives with the 3.6L V6 engine paired to an 8-speed automatic transmission, delivering the power and efficiency you need whether you're on the highway or navigating rough terrain. The 4WD system provides enhanced traction and control across varied driving conditions. With 17 mpg in the city and 22 mpg on the highway, this truck balances output with responsible fuel consumption. Inside, you'll find a well-appointed cabin with power-adjustable front seats featuring lumbar support, a premium wrapped steering wheel, and leather-wrapped trim details throughout. The heated seats and steering wheel provide comfort during colder months, while the Uconnect 5 system with a 12.3-inch touchscreen keeps you connected with smartphone integration, satellite radio, and a Wi-Fi hotspot. Climate control is managed through automatic temperature adjustment with rear window defrosting for year-round convenience. This vehicle has been certified by our team, ensuring it meets our rigorous standards for quality and reliability. As a one-owner, locally owned truck that has been meticulously maintained, you can be confident in its condition and history. The High Tide package includes distinctive tailgate and hood decals, body color fender flares, and a professional appearance that sets it apart. Safety features include advanced brake assist, electronic stability control, dual front airbags with side-impact protection, and integrated roll-over protection. The trailer tow package with a Class IV receiver hitch makes hauling straightforward and dependable. This 2025 Jeep Gladiator High Tide represents a smart investment in capability and value. We invite you to experience this truck firsthand and discover why it's the right choice for your next vehicle.",available,used,40076.00 USD,https://www.thatguythatsellscars.com/inventory/2999799,https://pictures.web.dealer.com/l/lewischryslerdodgecllc/1334/a554c757485366cdf1c19fca579966b0x.jpg,1C6PJTAG4SL530909,2025,Jeep,Gladiator,High Tide,TRUCK,15814,MI,Anvil Clearcoat,Black,AUTOMATIC,4X4,GASOLINE,"{addr1: '323 E Main Street', city: 'Farmington', region: 'AR', postal_code: '72730', country: 'US'}"
3GCUDFED9RG339921,2024 Chevrolet Silverado 1500 LT Trail Boss,"Home OF The Lewis Guarantee - Front Bucket Seats with Center Console - 5.3L EcoTec3 V8 Engine with Dynamic Fuel Management - LT Trail Boss Premium Package - Dual-Zone Automatic Climate Control - Chevrolet Infotainment 3 Premium System with SiriusXM - Premium Bose 7-Speaker Sound System - Heated Driver and Front Passenger Seats - Power Tailgate with EZ Lift Lock & Release - Remote Vehicle Starter System - Lane Keep Assist with Lane Departure Warning - Automatic Emergency Braking with Front Pedestrian Braking - HD Surround Vision Camera - Ultrasonic Front & Rear Park Assist - 18"" Black Painted Aluminum Wheels - Dark Essentials Package with Black Badging This 2024 Chevrolet Silverado 1500 LT Trail Boss in White combines capability with comfort for drivers who demand both performance and practicality. The EcoTec3 5.3L V8 engine delivers 355 horsepower and 383 lb-ft of torque through a 10-Speed Automatic transmission with 4WD, providing the power and traction needed for work and adventure alike. The engine features Dynamic Fuel Management technology that optimizes efficiency by adjusting between 2 and 8 cylinders based on driving conditions. The LT Trail Boss Premium Package brings together multiple layers of refinement. You'll find leather-appointed seating, heated front seats, and dual-zone automatic climate control that keeps everyone comfortable. The Chevrolet Infotainment 3 Premium System with SiriusXM 360L and the Bose 7-speaker audio system ensure your drive is both connected and enjoyable. Safety technology is woven throughout this truck. Lane Keep Assist with Lane Departure Warning, Automatic Emergency Braking, Front Pedestrian Braking, and Rear Cross Traffic Braking work together to help protect you and your passengers. The HD Surround Vision Camera and Ultrasonic Park Assist make maneuvering and parking straightforward, while the Trailer Side Blind Zone Alert keeps you aware when towing. Convenience features abound with the Power Tailgate, Remote Vehicle Starter System, Wireless Charging, and heated power-adjustable mirrors. The truck bed includes a Chevytec Spray-On Black Bedliner, LED Cargo Area Lighting, and a 120-Volt Bed Mounted Power Outlet. Off-Road Assist Steps make entry and exit easier, while the Dark Essentials Package adds a refined appearance with black badging and tailgate lettering. With 69,255 miles on the odometer, this Silverado has been well cared for and still has plenty of service life ahead. The dealer backs this truck with a 3-Year/36,000-Mile Warranty, plus one year of free oil changes and free tire rotations to help you stay on top of maintenance. This is a truck built for the long haul, whether you're on the job site or the open road. The combination of proven reliability, modern technology, and thoughtful design makes this Silverado 1500 LT Trail Boss a smart choice for those who value capability without compromise. We invite you to schedule a test drive and experience this truck firsthand.",available,used,40651.00 USD,https://www.thatguythatsellscars.com/inventory/3000500,https://pictures.web.dealer.com/l/lewisfordfd/0383/dbf035fea2fd66dae199dc10127d0e8fx.jpg,3GCUDFED9RG339921,2024,Chevrolet,Silverado 1500,LT Trail Boss,TRUCK,69260,MI,Summit White,Black,AUTOMATIC,4X4,GASOLINE,"{addr1: '323 E Main Street', city: 'Farmington', region: 'AR', postal_code: '72730', country: 'US'}"
KNAG44J88S5339042,2025 Kia K5 GT,"The 2025 Kia K5 GT combines refined styling with practical performance, offering you a sedan that delivers both capability and comfort for your daily drive. - 1 Year Free Oil Changes - 1 Year Free Tire Rotation - 5Yr/60,000 Mile Warranty - Navigation System - Front Dual Zone A/C - Automatic Temperature Control - Heated Front Seats - Power Moonroof - 19"" Gloss Black Machined Alloy Wheels - Leather Steering Wheel - Sport Steering Wheel - Leather Shift Knob - SiriusXM AM/FM Radio - Emergency Communication System with Kia Connect - Electronic Stability Control This gray sedan presents well with its Steel Matte Gray finish and 19-inch alloy wheels that give it an athletic stance. The front dual zone air conditioning allows driver and passenger to set their preferred temperatures independently, while the automatic temperature control maintains your ideal climate without constant adjustment. The power moonroof opens up the cabin and adds an airy feel to every drive. Inside, you'll find heated front seats wrapped in SynTex trim, along with a leather-wrapped sport steering wheel and shift knob that enhance the driving environment. The navigation system keeps you oriented, while the leather steering wheel with mounted audio controls lets you manage your SiriusXM radio and trip computer without taking your hands off the wheel. This vehicle is certified pre-owned, backed by a 5-year, 60,000-mile warranty that reflects our confidence in its quality and condition. The K5 GT has been locally owned and well maintained, giving you peace of mind about its history and reliability. The 2.5-liter turbocharged engine generates 290 horsepower and pairs with an 8-speed dual-clutch transmission to deliver an efficient driving experience. You'll achieve 23 miles per gallon in the city and 33 on the highway, balancing responsive performance with practical fuel economy. The four-wheel independent suspension and speed-sensing steering provide controlled handling on varied road conditions. Safety features include dual front impact airbags, front and rear side impact airbags, knee airbags, and an overhead airbag system. Electronic stability control and traction control work together with four-wheel disc brakes and ABS to help maintain control in challenging situations. The low tire pressure warning system keeps you informed about your tire condition. We stand behind this K5 GT with complimentary oil changes and tire rotations for one year, demonstrating our commitment to keeping your investment in good condition. Schedule a time to see this gray sedan in person and experience the balance of style, technology, and reliability it brings to your ownership experience.",available,used,30870.00 USD,https://www.thatguythatsellscars.com/inventory/3000507,https://pictures.web.dealer.com/l/lewischryslerdodgecllc/0497/34b146c77793c9abb3406eedc65b712ax.jpg,KNAG44J88S5339042,2025,Kia,K5,GT,SEDAN,22596,MI,Steel Matte Gray,Black,AUTOMATIC,FWD,GASOLINE,"{addr1: '323 E Main Street', city: 'Farmington', region: 'AR', postal_code: '72730', country: 'US'}"
5UXCR6C57KLK88192,2019 BMW X5 xDrive40i,"This 2019 Bmw X5 xDrive40i represents a well-maintained luxury Suv ready to serve your family with refined capability and everyday practicality. - Remote Engine Start - 20"" V-Spoke Wheels with Run-Flat Tires - Multi-Contour Seats with Front & Rear Heating - Heated Steering Wheel - Gesture Control Technology - Navigation System - Convenience Package with 4-Zone Climate Control - Comfort Access Keyless Entry - SiriusXM Satellite Radio with 1 Year All Access - Apple CarPlay Integration - Hi-Fi Sound System with 10 Speakers - Leather Steering Wheel and Shift Knob - Power Moonroof - Rear Parking Camera The 3.0L turbocharged six-cylinder engine delivers responsive performance paired with an 8-speed automatic transmission and all-wheel drive, providing a smooth balance of power and efficiency. The X5 achieves 20 city and 26 highway MPG, making it a capable choice for both daily commutes and longer journeys. The gray exterior finish complements the sophisticated ivory white Merino leather interior, creating an inviting cabin environment. Comfort features throughout this Suv prioritize your well-being on every drive. The multi-contour front seats work in concert with heated seating surfaces, including a heated steering wheel that responds to cold weather conditions. The climate control system offers four independent zones, allowing passengers to set their preferred temperatures independently. Whether you're managing summer heat or winter chill, the automatic temperature control maintains your desired comfort level without constant adjustment. Technology integration keeps you connected and informed. The gesture control system lets you manage functions intuitively, while the touchscreen interface provides access to navigation, satellite radio, and smartphone integration through Apple CarPlay. The intelligent lighting system includes auto high-beam headlights, front fog lights, and delay-off functionality, enhancing visibility and safety during various driving conditions. Safety and handling capabilities reflect BMW's engineering standards. Four-wheel independent suspension combined with speed-sensing steering provides composed cornering and precise control across different road surfaces. Electronic stability control and traction control systems work continuously to maintain grip and stability, while the parking camera assists with low-speed maneuvering in tight spaces. This X5 xDrive40i stands ready to meet the demands of an active lifestyle. With its combination of refined comfort, capable performance, and well-appointed technology, this vehicle offers a premium ownership experience suited to discerning buyers who value both substance and reliability.",available,used,22648.00 USD,https://www.thatguythatsellscars.com/inventory/3003826,https://pictures.web.dealer.com/l/lewischryslerdodgecllc/1402/d847d1421ff9446a94c33bd810f40d20x.jpg,5UXCR6C57KLK88192,2019,BMW,X5,xDrive40i,SUV,107539,MI,Arctic Gray Metallic,Ivory White,AUTOMATIC,AWD,GASOLINE,"{addr1: '323 E Main Street', city: 'Farmington', region: 'AR', postal_code: '72730', country: 'US'}"
KL47LBEP6SB066075,2025 Buick Envista Sport Touring,"The 2025 Buick Envista Sport Touring in striking red offers a refined entry into the compact Suv market with practical design and reliable performance for your daily driving needs. - Adaptive Cruise Control - Lane Change Alert with Side Blind Zone Alert - Rear Cross Traffic Alert - Advanced Safety Package - SiriusXM Trial Subscription - Wireless Apple CarPlay and Android Auto Integration - Automatic Temperature Control - Rear Parking Sensors - Exterior Parking Camera - Premium 6-Speaker Audio System - Power Door Mirrors - Heated Door Mirrors - 18-Inch Black Painted Aluminum Wheels - Remote Keyless Entry - Emergency Communication System (OnStar) This vehicle arrives as a one-owner, locally owned unit that has been well maintained throughout its ownership. The addition of new tires ensures you're ready to hit the road with confidence. The Ecotec 1.2L turbocharged engine delivers efficiency with 28 city mpg and 32 highway mpg, allowing you to stretch fuel dollars further while maintaining responsive performance through the 6-speed automatic transmission and front-wheel drive setup. The interior combines comfort with functionality through leatherette seat trim, front bucket seats, and a convenient center armrest. The split-folding rear seat expands cargo flexibility when needed. Climate control keeps passengers comfortable in any season, while the tilt and telescoping steering wheel accommodates drivers of various sizes. Wireless Apple CarPlay and Android Auto connectivity keeps your smartphone seamlessly integrated with the vehicle's operations. This vehicle is certified pre-owned, giving you added peace of mind with our comprehensive warranty coverage. You receive a 5-year, 60,000-mile warranty protecting your investment against unexpected repairs. Additionally, we're providing one year of complimentary oil changes and tire rotation services, reducing your routine maintenance costs and keeping your Envista in peak condition. Safety stands as a priority with the Advanced Safety Package, which includes adaptive cruise control to assist with highway driving, lane change alert with side blind zone awareness to help monitor your surroundings, and rear cross traffic alert for backing situations. The comprehensive airbag system, electronic stability control, and traction control work together to maintain vehicle stability and occupant protection. Parking and maneuverability are simplified with the exterior rear parking camera and rear parking sensors providing visual and audible guidance. The automatic headlights adapt to changing light conditions throughout your drive, while heated door mirrors support visibility during cold weather months. This 2025 Buick Envista Sport Touring represents a solid choice for drivers seeking a well-equipped, efficiently powered compact Suv backed by warranty protection and included maintenance. We invite you to visit our showroom to experience this vehicle firsthand and discuss how it fits your driving lifestyle.",available,used,26543.00 USD,https://www.thatguythatsellscars.com/inventory/3002119,https://pictures.web.dealer.com/l/lewischryslerdodgecllc/0147/54983e8bb6c3dd197c3807ad80f7edc2x.jpg,KL47LBEP6SB066075,2025,Buick,Envista,Sport Touring,SUV,19920,MI,Cinnabar Metallic,Ebony Seats Interior With Santorini Blue Stitching,AUTOMATIC,FWD,GASOLINE,"{addr1: '323 E Main Street', city: 'Farmington', region: 'AR', postal_code: '72730', country: 'US'}"
1C6RJTBG1SL517476,2025 Jeep Gladiator Rubicon,"This 2025 Jeep Gladiator Rubicon in striking Black represents the ultimate combination of capability and refined comfort for the discerning truck owner. With only 919 miles, this vehicle is essentially new and ready to deliver the performance and features you've been seeking. - 1 Year Free Oil Changes - 1 Year Free Tire Rotation - 5-Year/60,000-Mile Warranty - Quick Order Package 24Y Rubicon X - Uconnect 5 Navigation with 12.3"" Touchscreen Display - Apple CarPlay and Android Auto Integration - SiriusXM Radio Service with 360L - Blind Spot and Cross Path Detection - Integrated Off-Road Camera - Rear Window Defroster with Rear Sliding Window - Heated Front Seats and Heated Steering Wheel - Premium Nappa Leather Power-Adjustable Seats with Lumbar Support - Alpine Premium Audio System with 8 Speakers - ParkSense Rear Park Assist System The 3.6L V6 24V Vvt engine paired with an 8-Speed Automatic transmission delivers responsive power in any situation, while the 4WD system ensures confident handling on both highway and off-road terrain. You can expect 17 city MPG and 22 highway MPG, providing a practical balance of capability and efficiency for daily driving and adventure. The Rubicon trim elevates your ownership experience with premium amenities designed for both comfort and connectivity. The leather-wrapped steering wheel and shift knob, combined with power-adjustable front seats featuring four-way lumbar support, create an inviting cabin environment. The Uconnect 5 system with navigation, integrated voice commands, and wireless Bluetooth connectivity keeps you connected effortlessly. Additional conveniences include automatic high-beam headlamp control, a universal garage door opener, and Alexa Built-In functionality. This vehicle is certified and backed by our comprehensive 5-year/60,000-mile warranty, demonstrating our confidence in its quality and durability. As a locally owned, one-owner vehicle that has been exceptionally well maintained, you can purchase with assurance knowing this Gladiator has received proper care from the beginning. The Rubicon's steel front bumper and integrated off-road camera provide both protection and visibility when navigating challenging terrain, while the freedom panel storage bag adds practical organization for outdoor enthusiasts. The body-color 3-piece hard top, rear armrest with cupholders, and full-length premium floor console reflect attention to detail throughout the truck bed and cabin. We invite you to experience this 2025 Jeep Gladiator Rubicon firsthand at our dealership. The combination of new-vehicle condition, premium features, and warranty coverage makes this an exceptional opportunity for the buyer who values both capability and quality.",available,used,46678.00 USD,https://www.thatguythatsellscars.com/inventory/3003830,https://pictures.web.dealer.com/l/lewischryslerdodgecllc/1792/0a40f2b4a74b8e4c83343e22fec98a04x.jpg,1C6RJTBG1SL517476,2025,Jeep,Gladiator,Rubicon,TRUCK,919,MI,Black Clearcoat,Black,AUTOMATIC,4X4,GASOLINE,"{addr1: '323 E Main Street', city: 'Farmington', region: 'AR', postal_code: '72730', country: 'US'}"
1C6SRFMT6NN477622,2022 Ram 1500 Big Horn/Lone Star,"Home OF The Lewis Guarantee This 2022 Ram 1500 Big Horn/Lone Star in Silver combines capability with comfort, offering a well-equipped truck ready for work and daily driving. With the Hemi 5.7L V8 engine paired to an 8-Speed Automatic transmission and 4WD, this truck delivers the power you need with proven reliability. The Big Horn/Lone Star trim provides thoughtful features and premium touches that enhance your driving experience. - Hemi 5.7L V8 with Multi Displacement Vvt - 4WD with Anti-Spin Differential Rear Axle - Uconnect 5 Navigation with 8.4"" Touchscreen Display - Apple CarPlay and Google Android Auto - Heated Front Seats and Heated Steering Wheel - Power 8-Way Driver Seat with Lumbar Adjust - SiriusXM Satellite Radio with 4G Lte Wi-Fi Hot Spot - ParkSense Front/Rear Park Assist with Stop - Rear Power Sliding Window - Class IV Receiver Hitch with Trailer Brake Control - Night Edition Package with 20"" Premium Wheels - Dual Zone Climate Control with Rear Window Defroster - Remote Start System - Power-Folding Mirrors with Heating Elements - Rear View Auto-Dimming Mirror The Big Horn Level 2 Equipment Group delivers premium connectivity and convenience. The Uconnect 5 Navigation system keeps you informed with real-time traffic and weather, while seamless smartphone integration through Apple CarPlay and Google Android Auto puts your apps within reach. SiriusXM satellite radio and the integrated 4G Lte Wi-Fi hot spot ensure entertainment options wherever your route takes you. Comfort defines the cabin experience. Heated front seats warm you during cold weather, while the heated steering wheel adds another layer of comfort. The power 8-way driver seat with lumbar support adjusts to your preferences, and dual-zone climate control lets both occupants set their ideal temperature. The full-length floor console provides practical storage, complemented by 2nd row in-floor storage bins that maximize utility. The Night Edition package gives this truck a distinctive appearance with 20-inch premium polished wheels, black headlamp bezels, black exterior mirrors, and dual exhaust with black tips. The body color bumpers and black exterior badging create a cohesive, modern look that turns heads while maintaining the truck's purposeful stance. All-season tires ensure reliable traction across seasons. Capability features support both work and weekend adventures. The Class IV receiver hitch with trailer brake control enables towing, while the rear power sliding window simplifies bed access. ParkSense front and rear park assist with automatic stop takes the stress out of tight spaces. The 33-gallon fuel tank provides extended range, and the rear wheelhouse liners protect against debris and corrosion. We stand behind our trucks with comprehensive coverage: 1 year of free oil changes, 1 year of free tire rotations, and a 3-year/36,000-mile warranty. This Ram 1500 Big Horn/Lone Star is ready to serve you reliably for years to come. Visit our showroom today to experience this capable truck firsthand and discuss how it meets your needs.",available,used,29601.00 USD,https://www.thatguythatsellscars.com/inventory/3004583,https://pictures.web.dealer.com/l/lewisfordfd/1499/0ee39a7ef5e5d3796324190365c7f6efx.jpg,1C6SRFMT6NN477622,2022,Ram,1500,Big Horn/Lone Star,TRUCK,85888,MI,Billet Silver Metallic Clearcoat,Black,AUTOMATIC,4X4,GASOLINE,"{addr1: '323 E Main Street', city: 'Farmington', region: 'AR', postal_code: '72730', country: 'US'}"
3GNAXHEG7SL296927,2025 Chevrolet Equinox LT,"This sharp 2025 Chevrolet Equinox LT combines sleek black exterior styling with practical efficiency. With a 1.5L Dohc engine delivering 26 city and 28 highway MPG, this locally owned, one-owner vehicle is built for everyday confidence and reliability. **Key Features:** - Dual-Zone Automatic Climate Control - HD Surround Vision - Navigation System with 11.3"" Advanced Color Lcd Display - Wireless Charging for Devices - AutoSense Hands-Free Power Programmable Liftgate - Driver 8-Way Power Seat Adjuster with 2-Way Lumbar Control - Heated Driver and Front Passenger Seats - Front Fog Lamps with Heated Wiper Park - Traffic Sign Recognition and Rear Pedestrian Alert - SiriusXM with Premium Chevrolet Infotainment 3 This Equinox is equipped with the Safety & Technology Package and Convenience Package II, bringing advanced driver-assistance features and comfort upgrades that enhance every drive. The cabin features Evotex seat trim, an overhead sunglass storage compartment, and a programmable universal home remote for added convenience. Backed by a 5-year, 60,000-mile warranty, this vehicle receives complimentary oil changes and tire rotations for one full yearâ""a real value for new owners. The certified condition ensures peace of mind with every mile. Visit us today to experience this dependable Equinox and discover why it's the smart choice for drivers seeking capability and comfort in one impressive package.",available,used,25165.00 USD,https://www.thatguythatsellscars.com/inventory/3009720,https://pictures.web.dealer.com/l/lewischryslerdodgecllc/0281/b97ee7a31274198cc32359f400f8d830x.jpg,3GNAXHEG7SL296927,2025,Chevrolet,Equinox,LT,SUV,31039,MI,Mosaic Black Metallic,Black,AUTOMATIC,FWD,GASOLINE,"{addr1: '323 E Main Street', city: 'Farmington', region: 'AR', postal_code: '72730', country: 'US'}"
3GNAXUEG6RS245640,2024 Chevrolet Equinox LT,"This 2024 Chevrolet Equinox LT delivers capable performance and refined comfort in a versatile midsize crossover. With its 1.5L Dohc engine paired with a 6-speed automatic transmission and all-wheel drive, this blue beauty achieves an impressive 24 city and 30 highway MPG. Well maintained as a one-owner vehicle, it comes backed by a 5-year, 60,000-mile warranty and includes complimentary oil changes and tire rotation for the first year. Key Features: - Preferred Equipment Group 1LT - Heated front seats and heated door mirrors - Chevrolet Infotainment 3 System with AM/FM and SiriusXM - Power driver seat with 8-way adjustability and 2-way lumbar control - Bluetooth phone connectivity and steering wheel audio controls - Front dual zone automatic temperature control - Power liftgate with remote keyless entry - Four-wheel independent suspension with electronic stability control - Auto high-beam headlights with delay-off feature - Four-wheel disc brakes with ABS and brake assist This Equinox has been thoroughly maintained and reflects the attention to detail you'd expect from a single owner. The cabin is equipped with premium cloth seating, front center armrest, and a rear seat center armrest for added comfort. Dual front and side impact airbags, overhead airbags, and an emergency communication system via OnStar provide comprehensive safety assurance. LED-accented 17-inch aluminum wheels enhance the modern exterior styling. Experience this well-appointed Equinox LT firsthand at our showroom today and discover why it's an excellent choice for drivers seeking reliability, efficiency, and versatility.",available,used,23733.00 USD,https://www.thatguythatsellscars.com/inventory/3005360,https://pictures.web.dealer.com/l/lewischryslerdodgecllc/0511/912a590333a04b22e99b06e04e3f0c87x.jpg,3GNAXUEG6RS245640,2024,Chevrolet,Equinox,LT,SUV,41497,MI,Riptide Blue Metallic,Black,AUTOMATIC,AWD,GASOLINE,"{addr1: '323 E Main Street', city: 'Farmington', region: 'AR', postal_code: '72730', country: 'US'}"
KL79MPSP9SB092907,2025 Chevrolet Trailblazer LT,"Home OF The Lewis Guarantee - 1 Year Free Oil Changes - 1 Year Free Tire Rotation - 5Yr/60,000 Mile Warranty - Wireless Apple CarPlay/Android Auto - SiriusXM Trial Subscription - Exterior Parking Camera Rear - 17"" High Gloss Black Machined Aluminum Wheels - Heated Door Mirrors - Emergency Communication System: OnStar and Chevrolet Connected Services Capable - Split Folding Rear Seat - Dual Front Impact Airbags - Electronic Stability Control - Fully Automatic Headlights - Power Windows and Doors - Remote Keyless Entry This 2025 Chevrolet TrailBlazer LT in Gray combines practical design with dependable performance. The 1.2L turbocharged engine delivers balanced efficiency, achieving 30 city and 31 highway MPG. With front-wheel drive and a smooth Cvt transmission, this compact Suv handles daily driving with ease while keeping fuel costs manageable. The gray exterior finish provides a modern, versatile appearance that suits any lifestyle. Step inside and discover a well-appointed interior designed for comfort and convenience. The front bucket seats feature cloth trim and manual adjustment, while the split folding rear seat expands cargo flexibility for your needs. Stay connected with wireless Apple CarPlay and Android Auto compatibility, and enjoy entertainment through the AM/FM stereo with SiriusXM trial subscription. Climate control includes air conditioning and a rear window defroster to keep you comfortable in any season. Safety is a priority in this TrailBlazer. The vehicle includes dual front impact airbags, dual front side impact airbags, knee airbags, and overhead side impact airbags positioned throughout the cabin. Electronic stability control, traction control, and a comprehensive brake system with ABS provide confident handling. The exterior parking camera assists with backing and maneuvering, while OnStar and Chevrolet connected services keep you supported on the road. Visibility and convenience features enhance your driving experience. Fully automatic headlights with delay-off function adapt to changing light conditions. Heated power door mirrors and variably intermittent wipers respond to weather. The telescoping tilt steering wheel adjusts to your preference, and steering wheel mounted audio controls keep your focus on the road. The 17-inch high gloss black machined aluminum wheels provide a refined appearance while complementing the vehicle's modern styling. Power windows, remote keyless entry, and an illuminated entry system add practicality to your daily routine. USB portsâ""one Type-A and one Type-Câ""keep your devices charged and connected. We back your investment with genuine care: one year of free oil changes, one year of free tire rotations, and a five-year, 60,000-mile warranty. This 2025 Chevrolet TrailBlazer LT represents a smart choice for those seeking reliable transportation with modern features and comprehensive support. Visit our showroom today to see this vehicle and discover why it's the right fit for your needs.",available,used,21717.00 USD,https://www.thatguythatsellscars.com/inventory/3005374,https://pictures.web.dealer.com/l/lewisfordfd/1519/40f27974873ed01229f4404e495fed27x.jpg,KL79MPSP9SB092907,2025,Chevrolet,Trailblazer,LT,SUV,41094,MI,Sterling Gray Metallic,Jet Black,AUTOMATIC,FWD,FLEX,"{addr1: '323 E Main Street', city: 'Farmington', region: 'AR', postal_code: '72730', country: 'US'}"
1FMSK7FH1LGB93288,2020 Ford Explorer Limited,"This striking 2020 Ford Explorer Limited in Rapid Red Metallic offers a commanding presence on the road. With its spacious three-row layout and refined Limited trim appointments, this midsize Suv is built to deliver capability, comfort, and modern connectivity for your family's adventures. **Key Features:** - Twin Panel Moonroof - Navigation System with Voice-Activated Touchscreen - Sync 3 with Apple CarPlay and Android Auto - 20"" Hand Polished Aluminum Wheels - B&O Sound System by Bang & Olufsen with 12 Speakers - Leather Heated and Ventilated Front Seats - Power Liftgate with Remote Entry - Electronic Stability Control and Traction Control - Rear Parking Camera The 2.3L EcoBoost engine delivers efficient power paired with a 10-speed automatic transmission, achieving 21 city and 28 highway MPG. Inside, you'll find dual-zone automatic climate control, heated steering wheel, memory driver seat, and heated rear seats. The Explorer Limited comes equipped with comprehensive safety features including dual front impact airbags, side impact airbags, knee airbag, and an emergency communication system via Sync 3 911 Assist. We're proud to back this Explorer with complimentary maintenance benefits: one year of free oil changes, one year of free tire rotations, and a six-month/6,000-mile warranty for your peace of mind. Come experience this versatile Suv in person and discover why the Explorer remains a popular choice for families seeking space, comfort, and reliable performance.",available,used,14848.00 USD,https://www.thatguythatsellscars.com/inventory/3007296,https://pictures.web.dealer.com/l/lewischryslerdodgecllc/0418/a51d29aa982e9f951a95a6866b449639x.jpg,1FMSK7FH1LGB93288,2020,Ford,Explorer,Limited,SUV,143455,MI,Red Metallic,Sandstone,AUTOMATIC,RWD,GASOLINE,"{addr1: '323 E Main Street', city: 'Farmington', region: 'AR', postal_code: '72730', country: 'US'}"
1FTFW3L56SKE55055,2025 Ford F-150 XLT,"Home OF The Lewis Guarantee The 2025 Ford F-150 Xlt delivers capability and reliability in a White exterior that commands attention on the job site or around town. This crew cab is powered by a 5.0L V8 engine paired with a 10-speed automatic transmission and 4WD, providing the performance and traction you need for demanding work and varied terrain. - 5.0L V8 Engine with Auto Start-Stop Technology - 10-Speed Automatic Transmission with 4WD - 5 Year / 60,000 Mile Warranty - 1 Year Free Oil Changes - 1 Year Free Tire Rotation - Equipment Group 301A with Chrome Door & Tailgate Handles - 6"" Angular Bright Anodized Step Bar - Sync 4 with Enhanced Voice Recognition - SiriusXM 360L Satellite Radio - Rear Parking Sensors - FordPass Connect 5G Internet Access - 18"" Chrome-Like Pvd Wheels - Dual-Zone Electronic Automatic Temperature Control - Auto High-Beam Headlights with Front Fog Lights - Heated Power Door Mirrors The F-150 Xlt combines work-focused engineering with daily driving comfort. The 3.31 axle ratio and 7,100 lbs payload capacity give you the hauling power you expect from Ford's iconic truck line. The crew cab configuration provides seating for five with a 40/20/40 split-folding rear seat, making this truck versatile for both work and family needs. Technology integration simplifies your day with Sync 4 voice recognition, allowing hands-free control of your vehicle's functions. The SiriusXM 360L satellite radio keeps you connected with premium audio content, while FordPass Connect 5G enables remote vehicle access and monitoring through your smartphone. Rear parking sensors assist with maneuvering in tight spaces. Interior appointments reflect the XLT's value proposition. Cloth seating, power windows, power locks, and a telescoping steering wheel provide everyday convenience. The trip computer, compass, and voltmeter keep you informed about your vehicle's status. Chrome accents on the bumpers and trim enhance the truck's professional appearance while the wrapped steering wheel offers improved grip and control. Safety systems work continuously to protect you and your passengers. Dual front impact airbags, dual front side impact airbags, and an overhead airbag provide comprehensive protection. Electronic stability control and traction control help maintain grip during challenging driving conditions, while ABS brakes offer confident stopping power. An emergency communication system with Sync 4 911 Assist provides peace of mind on every journey. This 2025 F-150 Xlt represents a solid investment in capability and durability. With the five-year warranty backing your purchase and complimentary maintenance for the first year, you can focus on putting this truck to work. The combination of proven engineering, thoughtful features, and strong warranty coverage makes this an excellent choice for buyers who demand reliability and performance from their truck.",available,used,41560.00 USD,https://www.thatguythatsellscars.com/inventory/3005365,https://pictures.web.dealer.com/l/lewisfordfd/1758/a61b0e4509ba3f5286cfa01268f1f974x.jpg,1FTFW3L56SKE55055,2025,Ford,F-150,XLT,TRUCK,38179,MI,Oxford White,Black,AUTOMATIC,4X4,GASOLINE,"{addr1: '323 E Main Street', city: 'Farmington', region: 'AR', postal_code: '72730', country: 'US'}"
1FTFW3L56SKE50535,2025 Ford F-150 XLT,"Home OF The Lewis Guarantee This 2025 Ford F-150 Xlt delivers the capability and comfort you need in a full-size truck. Finished in Black, this 4WD pickup presents a commanding presence with its bold styling and purposeful design. Whether you're tackling work or heading out for the weekend, this truck provides the versatility that F-150 owners have trusted for generations. - 5.0L V8 Engine with 10-Speed Automatic Transmission - Equipment Group 301A Standard with Chrome Door & Tailgate Handles - Black Painted Grille with Chrome Center Bar - 6"" Angular Bright Anodized Step Bar - Chrome Single-Tip Exhaust - Dual-Zone Electronic Automatic Temperature Control - Sync 4 with Enhanced Voice Recognition - SiriusXM 360L Satellite Radio - Auto Start-Stop Technology - Rear Parking Sensors - Heated Door Mirrors with Power Control - 18"" Chrome-Like Pvd Wheels - Front Fog Lights with Auto High-Beam Headlights - Cloth 40/20/40 Front Seat with Console Under the hood, the 5.0L V8 produces the power you expect from an F-150. Paired with a 10-Speed Automatic transmission and 4WD, this truck handles various driving conditions with confidence. The 3.31 Axle Ratio and advanced suspension contribute to a well-balanced driving experience, whether you're on the highway or navigating challenging terrain. Fuel efficiency ratings of 17 city and 22 highway provide reasonable consumption for a truck of this caliber. The interior combines functionality with everyday comfort. Sync 4 with Enhanced Voice Recognition integration keeps you connected, while the dual-zone automatic temperature control ensures both driver and passengers stay comfortable. The wrapped steering wheel, telescoping and tilting design, and steering wheel-mounted audio controls make operation intuitive. Split folding rear seats provide flexibility for passengers and cargo, and the cloth seating with console storage supports practical daily use. Safety and convenience features include Electronic Stability Control, traction control, and brake assist for confident handling in various conditions. Dual front impact airbags, front side impact airbags, and overhead airbags provide comprehensive occupant protection. Remote keyless entry, illuminated entry, and rear parking sensors add practical convenience to your daily driving. This F-150 Xlt comes with a 5-year, 60,000-mile warranty for your peace of mind. Additionally, you'll receive one year of free oil changes and one year of free tire rotations. We stand behind this truck and invite you to experience its performance and reliability firsthand.",available,used,43092.00 USD,https://www.thatguythatsellscars.com/inventory/3005362,https://pictures.web.dealer.com/l/lewisfordfd/1066/06b98109934ae9511bbc5192cf844463x.jpg,1FTFW3L56SKE50535,2025,Ford,F-150,XLT,TRUCK,31769,MI,Black Metallic,Black W/Medium Dark Slate,AUTOMATIC,4X4,GASOLINE,"{addr1: '323 E Main Street', city: 'Farmington', region: 'AR', postal_code: '72730', country: 'US'}"
1FT7W2BT1KEC49140,2019 Ford F-250SD Platinum,4WD. White Platinum Clearcoat Metallic 2019 Ford F-250SD Platinum 4WD TorqShift 6-Speed Automatic Power Stroke 6.7L V8 DI 32V Ohv Turbodiesel Odometer is 3516 miles below market average!,available,used,40003.00 USD,https://www.thatguythatsellscars.com/inventory/3005358,https://pictures.web.dealer.com/l/lewisfordfd/1882/bfd0beca64102476504fda38b8901b80x.jpg,1FT7W2BT1KEC49140,2019,Ford,F-250SD,Platinum,TRUCK,171736,MI,White Platinum Clearcoat Metallic,Black,AUTOMATIC,4X4,DIESEL,"{addr1: '323 E Main Street', city: 'Farmington', region: 'AR', postal_code: '72730', country: 'US'}"
3C6TR5EJ5HG725920,2017 Ram 2500 Power Wagon,Bright White Clearcoat 2017 Ram 2500 Power Wagon 4WD 6-Speed Automatic 6.4L Heavy Duty V8 Hemi w/MDS,available,used,25855.00 USD,https://www.thatguythatsellscars.com/inventory/3005378,https://pictures.web.dealer.com/l/lewischryslerdodgecllc/0753/b93b784f783314c1878be38a55d54f80x.jpg,3C6TR5EJ5HG725920,2017,Ram,2500,Power Wagon,TRUCK,161760,MI,Bright White Clearcoat,Black,AUTOMATIC,4X4,GASOLINE,"{addr1: '323 E Main Street', city: 'Farmington', region: 'AR', postal_code: '72730', country: 'US'}"
1FTFW5L85SFA11874,2025 Ford F-150 Lariat,"Home OF The Lewis Guarantee - Lariat Black Appearance Package with black grille, exterior badging, and matte black tailgate decal - Equipment Group 502A High with B&O Unleashed Sound System and 20"" chrome-like Pvd wheels - BlueCruise Equipped with 1-year plan for advanced driver assistance - Tow/Haul Package with integrated trailer brake controller - Bed Utility Package including LED box lighting, Pro Access Tailgate, and power tailgate - Tough Bed Spray-In Bedliner for added protection - Heads-Up Display for convenient information access - Wireless Charging and Mobile Office Package - Power-Sliding Rear Window and 6"" extended running boards - 2nd Row Heated Seats and ventilated front seats - Electronic Locking with 3.55 axle ratio - Sync 4 with enhanced voice recognition and navigation - 1 year free oil changes and tire rotation - 5-year/60,000-mile warranty This 2025 Ford F-150 Lariat in white combines premium features with practical truck capability. The 3.5L V6 EcoBoost engine with 10-speed automatic transmission and 4WD delivers the power you need for work or weekend adventures, while achieving 18 city and 23 highway MPG. The white exterior is complemented by the distinctive Lariat Black Appearance Package, giving this truck a refined and purposeful presence. Inside, the Lariat experience begins with heated and ventilated front seats and 2nd row heated seats for year-round comfort. The B&O Unleashed Sound System with 14 speakers including a subwoofer transforms your daily drive into an audio event. Sync 4 with enhanced voice recognition keeps you connected and in control, while the Heads-Up Display puts essential information right in your line of sight. The truck bed is equipped for serious work. The Tough Bed Spray-In Bedliner protects against wear and damage, while the Bed Utility Package adds LED box lighting, a Pro Access Tailgate, power tailgate, and four pickup box tie-down plates. The power-sliding rear window and 6"" extended running boards enhance both functionality and style. Whether you're towing a trailer or managing daily tasks, the Tow/Haul Package with integrated trailer brake controller provides the control you need. The Electronic Locking differential with 3.55 axle ratio delivers the traction to handle challenging terrain with confidence. The Lariat isn't just built for capabilityâ""it's built for your convenience. Wireless charging, the Mobile Office Package, and partitioned lockable rear storage make this truck work as hard as you do. BlueCruise technology with a 1-year plan is available to enhance your driving experience. We stand behind this F-150 with a 5-year/60,000-mile warranty, plus 1 year of complimentary oil changes and tire rotation. This investment in quality maintenance demonstrates our confidence in both the truck and your satisfaction. Visit our showroom to experience the Lariat difference firsthand.",available,used,54373.00 USD,https://www.thatguythatsellscars.com/inventory/3006070,https://pictures.web.dealer.com/l/lewisfordfd/1299/3618da73e1287afa897b0101585f498ax.jpg,1FTFW5L85SFA11874,2025,Ford,F-150,Lariat,TRUCK,14365,MI,White Metallic,Black,AUTOMATIC,4X4,GASOLINE,"{addr1: '323 E Main Street', city: 'Farmington', region: 'AR', postal_code: '72730', country: 'US'}"
1FTFW5LD0RFA67292,2024 Ford F-150 Lariat,"Home OF The Lewis Guarantee This 2024 Ford F-150 Lariat delivers the capability and refinement you expect from America's best-selling truck. With its striking Rapid Red Metallic exterior and thoughtfully appointed Lariat interior, this truck combines work ethic with everyday comfort. - 3.5L PowerBoost Full-Hybrid V6 engine with 10-speed automatic transmission and 4WD - 22 city / 24 highway MPG for efficient performance - Lariat Black Appearance Package with 20"" gloss black painted aluminum wheels - B&O Unleashed Sound System by Bang & Olufsen with 14 speakers and subwoofer - Equipment Group 502A High with 2nd row heated seats and heated front seats - Heads-Up Display for enhanced visibility and information - Wireless charging and mobile office package - Partitioned lockable rear storage with console worksurface - 6"" extended chrome running boards - Leather-trimmed bucket seats with power adjustment and memory settings - Sync 4 with enhanced voice recognition and connected navigation - Electronic locking differential with 3.73 axle ratio - Auto high-beam headlights and front fog lights - Power moonroof and remote keyless entry - Tray style floor liner for cargo protection - 1 Year Free Oil Changes and 1 Year Free Tire Rotations The hybrid powertrain provides an ideal balance of performance and efficiency, whether you're navigating city streets or tackling highway miles. The interior thoughtfully addresses your needs with heated and ventilated front seats, a heated steering wheel, and climate zones that keep all occupants comfortable. The mobile office package and wireless charging keep you connected and productive, while the heads-up display and Sync 4 system put critical information within your line of sight. Safety features include dual front and side impact airbags, electronic stability control, traction control, and the Sync 4 911 Assist emergency communication system. The independent front suspension and four-wheel disc brakes provide confident handling and stopping power. This F-150 Lariat comes backed by our standard 5-year, 60,000-mile warranty, giving you peace of mind on every journey. We invite you to experience the quality and refinement of this premium truck firsthand. Visit us today to see why this F-150 Lariat stands ready to serve both work and lifestyle needs with distinction.",available,used,50949.00 USD,https://www.thatguythatsellscars.com/inventory/3006082,https://pictures.web.dealer.com/l/lewisfordfd/0280/d9a4de43cfa9332bbd48158b35838ef3x.jpg,1FTFW5LD0RFA67292,2024,Ford,F-150,Lariat,TRUCK,20464,MI,Red Metallic,Black,AUTOMATIC,4X4,HYBRID,"{addr1: '323 E Main Street', city: 'Farmington', region: 'AR', postal_code: '72730', country: 'US'}"
1FTFW1ED8PFC15708,2023 Ford F-150 Lariat,"Home OF The Lewis Guarantee - Twin Panel Moonroof - Pro Power Onboard - 7.2KW - B&O Unleashed Sound System by Bang & Olufsen with 18 speakers - Ford Co-Pilot360 Assist 2.0 - Connected Built-In Navigation with Sync 4 - Max Trailer Tow Package with integrated trailer brake controller - FX4 Off-Road Package with rock crawl mode and hill descent control - 360 Degree Camera with trailer reverse guidance - Lariat Sport Appearance Package - Intelligent Adaptive Cruise Control with Stop & Go - Heated and ventilated leather-trimmed front seats with power adjustment - Extended Range 36 Gallon Fuel Tank - Bed Utility Package with power tailgate and LED box lighting - Wireless Charging Pad - Electronic Locking Differential with 3.73 axle ratio This 2023 Ford F-150 Lariat delivers a commanding presence on every road. The striking red exterior pairs perfectly with premium appointments throughout, including a twin panel moonroof that floods the cabin with natural light and creates an open, airy environment for your commute or weekend adventures. The 3.5L PowerBoost Full-Hybrid V6 engine provides capable performance while delivering responsive highway driving at 23 MPG and strong city efficiency at 23 MPG. The 10-speed automatic transmission and 4WD system work seamlessly to handle both daily driving and off-road challenges with the included FX4 Off-Road Package, which features rock crawl mode, hill descent control, and specially tuned suspension components. Inside, leather-trimmed bucket seats with heating, ventilation, and power adjustment offer comfort through long drives, while the heated second-row seats ensure your passengers stay comfortable. The B&O Unleashed Sound System with 18 speakers and a subwoofer transforms any journey into an audio experience, complemented by Sync 4 with enhanced voice recognition and connected navigation services. For those who work hard, this truck works harder. The Max Trailer Tow Package provides integrated trailer brake control and pro trailer backup assist to simplify towing operations. The bed utility package includes a power tailgate, LED box lighting, and BoxLink cleats for secure cargo organization. Pro Power Onboard supplies 7.2KW of power for your job site or campsite needs. The Lariat Sport Appearance Package adds visual distinction with unique interior finishes, dark grille styling, chrome accents, and body-color bumpers. The 360-degree camera system with trailer reverse guidance gives you complete visibility, whether backing into your driveway or a campsite. Intelligent Adaptive Cruise Control and Ford Co-Pilot360 Assist 2.0 provide confident highway driving support. We back your investment with one year of complimentary oil changes and tire rotations, plus a 5-year/60,000-mile warranty for your peace of mind. This well-equipped F-150 Lariat stands ready to serve your lifestyle, whether navigating city streets or pursuing outdoor adventures. Visit our showroom to experience this truck's capabilities firsthand.",available,used,45798.00 USD,https://www.thatguythatsellscars.com/inventory/3006064,https://pictures.web.dealer.com/l/lewisfordfd/0210/83aed87b185ac98e3d88e397ece3335dx.jpg,1FTFW1ED8PFC15708,2023,Ford,F-150,Lariat,TRUCK,24489,MI,Red Metallic,Black,AUTOMATIC,4X4,HYBRID,"{addr1: '323 E Main Street', city: 'Farmington', region: 'AR', postal_code: '72730', country: 'US'}"
1FTFW7LDXSFA41199,2025 Ford F-150 Platinum,"Home OF The Lewis Guarantee - 3.5L PowerBoost Full-Hybrid V6 with 10-Speed Automatic and 4WD - Tough Bed Spray-In Bedliner - B&O Sound System by Bang & Olufsen with SiriusXM 360L - Connected Navigation System with Sync 4 and Enhanced Voice Recognition - Unique Multi-Contour Leather Bucket Seats with Memory Settings - Heated and Ventilated Front Seats with Power Adjustment - Heated Rear Seats - Electronic Locking Differential with 3.73 Axle Ratio - Front Fog Lights with Auto-Dimming Headlights - Wheel Well Liner and Tray Style Floor Liner with Carpet Mats - 20"" Painted Gloss Ebony Black Alloy Wheels - Remote Keyless Entry with Illuminated Entry - Heated Steering Wheel with Memory - FordPass Connect 5G Internet Access The 2025 Ford F-150 Platinum in White delivers capability and refinement for drivers who demand both professional performance and premium comfort. This 4WD truck is powered by a 3.5L PowerBoost Full-Hybrid V6 engine paired with a 10-Speed Automatic transmission, achieving 23 MPG in both city and highway driving. The hybrid powertrain balances efficiency with the power you need, while the electronic locking differential provides traction when it matters most. Inside, you'll find a truck designed for those who spend significant time behind the wheel. The unique multi-contour leather bucket seats feature memory settings, heating, and ventilation to keep you comfortable in any season. The heated steering wheel and heated rear seats extend comfort throughout the cabin. Sync 4 with enhanced voice recognition and connected navigation keeps you informed and in control, while the B&O Sound System by Bang & Olufsen with SiriusXM 360L transforms your daily drive with premium audio quality. Protecting your investment, this vehicle includes a 5-year, 60,000-mile warranty along with one year of complimentary oil changes and tire rotations. The tough bed spray-in bedliner preserves the truck bed's integrity, while the wheel well liner and tray-style floor liner with carpet mats protect against the elements and daily wear. The Platinum package reflects Ford's commitment to quality and the features that matter to discerning truck owners. From dual-zone automatic climate control to the auto-dimming rear-view mirror and rain-sensing wipers, this truck anticipates your needs. Security features include Sync 4 911 Assist, a security system, and panic alarm, giving you peace of mind on every journey. We invite you to visit our showroom to experience this F-150 Platinum firsthand. Our team is ready to answer your questions and help you understand why this truck represents an excellent choice for your next vehicle.",available,used,60857.00 USD,https://www.thatguythatsellscars.com/inventory/3006078,https://pictures.web.dealer.com/l/lewisfordfd/1261/082a5e91f56f0996326f5beb0904e98dx.jpg,1FTFW7LDXSFA41199,2025,Ford,F-150,Platinum,TRUCK,25122,MI,White Metallic,Blue,AUTOMATIC,4X4,HYBRID,"{addr1: '323 E Main Street', city: 'Farmington', region: 'AR', postal_code: '72730', country: 'US'}"
1FTEW1EP0PKE64856,2023 Ford F-150 XL,"Home OF The Lewis Guarantee - Stx Appearance Package with molded-in black honeycomb grille and box side decals - Sync 4 with 8"" Lcd touchscreen, Apple CarPlay, and Android Auto - 20"" 6-spoke machined-aluminum wheels - Class IV trailer hitch receiver - Electronic locking differential with 3.55 axle ratio - Rear-view camera with exterior parking camera - Pre-Collision Assist with automatic emergency braking - Black platform running boards - Rear window fixed privacy glass with defroster - Body-color front and rear bumpers - Fog lamps with black bezels - AM/FM SiriusXM radio with 360L - Lane-keeping system - Heated door mirrors with power adjustment - Manual driver and passenger lumbar support This 2023 Ford F-150 XL delivers the capability and comfort you need in a truck that's ready for work or weekend adventures. Finished in black with the Stx Appearance Package, it presents a sharp, purposeful look that commands attention on any road. The 2.7L V6 EcoBoost engine paired with a 10-speed automatic transmission provides responsive power while maintaining efficiency, returning 18 city and 24 highway miles per gallon. Four-wheel drive ensures you have traction and control in varied conditions. The truck's interior combines functionality with comfort. The unique sport cloth 40/20/40 front seats feature manual lumbar support and a flow-through console, while the telescoping tilt steering wheel lets you find your ideal driving position. Dual front impact airbags, dual front side impact airbags, and an overhead airbag system provide comprehensive protection for you and your passengers. Technology is integrated throughout the cabin with Sync 4 featuring an 8-inch Lcd capacitive touchscreen with swipe capability. Wireless phone connection, Apple CarPlay, and Android Auto compatibility keep you seamlessly connected, while the voice recognition system responds naturally to your commands. SiriusXM satellite radio with 360L brings premium entertainment to every drive. Practicality shines in the truck bed and frame. The Class IV trailer hitch receiver with 7/4-pin connector provides solid towing capability, while the electronic locking differential with 3.55 axle ratio enhances off-road performance and load handling. The rear-view camera with exterior parking camera assist makes backing up and parking more convenient and secure. Standard safety features include pre-collision assist with automatic emergency braking, electronic stability control, traction control, ABS brakes, and a low tire pressure warning system. The reverse sensing system and lane-keeping system add extra layers of protection during your daily commute or longer journeys. This F-150 XL comes backed by our commitment to your satisfaction. You'll receive one year of free oil changes and one year of free tire rotation, plus a five-year, 60,000-mile warranty for added peace of mind. The truck's well-maintained condition with 32,881 miles ensures you're purchasing a vehicle that has been responsibly cared for. We invite you to visit our showroom to experience how this F-150 XL can serve your needs and exceed your expectations.",available,used,35048.00 USD,https://www.thatguythatsellscars.com/inventory/3006072,https://pictures.web.dealer.com/l/lewisfordfd/0083/fd40b1547b58a3c69e771ead7b152db5x.jpg,1FTEW1EP0PKE64856,2023,Ford,F-150,XL,TRUCK,32881,MI,Black Metallic,Black,AUTOMATIC,4X4,GASOLINE,"{addr1: '323 E Main Street', city: 'Farmington', region: 'AR', postal_code: '72730', country: 'US'}"
1FTFW3LD0RFA93783,2024 Ford F-150 XLT,"Home OF The Lewis Guarantee - 3.5L PowerBoost Full-Hybrid V6 with 10-Speed Automatic and 4WD - Xlt Black Appearance Package with 18"" Gloss Black Wheels - Equipment Group 302A Mid with Adaptive Cruise Control and Lane Centering - Ford BlueCruise Equipped with 90-Day Trial - FX4 Off-Road Package with Rock Crawl Mode and Hill Descent Control - Mobile Office Package with Partitioned Lockable Rear Storage - Tow/Haul Package with Integrated Trailer Brake Controller - Heated Front Seats and Power Glass Heated Sideview Mirrors - Remote Start System with Remote Tailgate Release - Sync 4 with Enhanced Voice Recognition and Connected Navigation - Intelligent Access with Push Button Start - Auto-Dimming Rearview Mirror - Electronic Locking Differential with 3.73 Axle Ratio - 6"" Black Running Boards - 1 Year Free Oil Changes and Tire Rotation This 2024 F-150 Xlt combines capability with modern convenience, delivering 22 city and 24 highway MPG thanks to its hybrid powertrain. The Black Appearance Package creates a commanding presence with gloss black wheels, black grille, and blacked-out badging, while body-color bumpers and dark interior appliques complete the sophisticated look. The FX4 Off-Road Package equips this truck with serious terrain management, including skid plates protecting the fuel tank, transfer case, and front differential. Off-road tuned shocks and monotube rear design work together with Rock Crawl Mode and Hill Descent Control to handle challenging conditions with confidence. Technology integration keeps you connected and in control. Sync 4 with Enhanced Voice Recognition works seamlessly with Connected Navigation, while Adaptive Cruise Control with Stop & Go handles highway driving intelligently. Lane centering and Speed Sign Recognition add layers of driver assistance, and the 90-day BlueCruise trial introduces hands-free highway driving capability. Comfort meets productivity with Equipment Group 302A Mid, featuring heated front seats perfect for cold mornings and a power-sliding rear window for versatility. The Mobile Office Package includes a partitioned lockable rear storage area and console worksurfaceâ""ideal for professionals who work on the go. Towing and hauling become straightforward with the integrated trailer brake controller, while the electronic locking differential gives you the mechanical advantage needed for tough jobs. Remote tailgate release and remote start system add practical benefits to your daily routine. We back your investment with our commitment to your ownership experience, including 1 year of free oil changes and tire rotation, plus a 5-year/60,000-mile warranty for added peace of mind. This F-150 Xlt is ready to serve as your capable companion for work, adventure, or daily driving.",available,used,43507.00 USD,https://www.thatguythatsellscars.com/inventory/3006076,https://pictures.web.dealer.com/l/lewisfordfd/0181/9c0699acaa3df88c61a1271b934259c1x.jpg,1FTFW3LD0RFA93783,2024,Ford,F-150,XLT,TRUCK,21895,MI,Black Metallic,Black,AUTOMATIC,4X4,HYBRID,"{addr1: '323 E Main Street', city: 'Farmington', region: 'AR', postal_code: '72730', country: 'US'}"
1FTEW1EP3PFA22159,2023 Ford F-150 XLT,"Home OF The Lewis Guarantee - 2.7L V6 EcoBoost Engine with 10-Speed Automatic and 4WD - Equipment Group 302A High with Class IV Trailer Hitch Receiver - Xlt Sport Appearance Package with Body-Color Accents - Sync 4 with 12"" Lcd Touchscreen and Apple CarPlay/Android Auto - 10-Way Power Driver and Passenger Seats with Heating Function - Remote Start System with Remote Tailgate Release - Dual Zone Electronic Automatic Temperature Control - LED Sideview Mirror Spotlights and Heated Power Mirrors - Intelligent Access with Push Button Start - 18"" Chrome-Like Wheels with All-Terrain Tires - Onboard 400W Outlet for Jobsite Power - Rear View Camera and Security System - 1 Year Free Oil Changes and Tire Rotations - 5 Year/60,000 Mile Warranty This 2023 Ford F-150 Xlt in Black delivers the capability and comfort you need for work and life. With a 2.7L V6 EcoBoost engine paired to a 10-speed automatic transmission and 4WD, you get responsive performance while achieving 17 mpg city and 23 mpg highway. The truck handles towing with a Class IV trailer hitch receiver included as part of the Equipment Group 302A High package. The Xlt Sport Appearance Package gives this truck aggressive styling with body-color accents, a distinctive black two-bar grille, and 18"" machined aluminum wheels wrapped in all-terrain tires. Chrome exterior details and step bars enhance the professional appearance, while the rear step bumper adds both function and style. Inside, you'll find a driver-focused cabin with a 12"" Sync 4 touchscreen featuring Apple CarPlay and Android Auto compatibility. The advanced infotainment system includes enhanced voice recognition and cloud connectivity through FordPass. Ten-way power seats with heating ensure driver and passenger comfort on every journey, while dual-zone climate control lets each occupant find their ideal temperature. Convenience features abound with intelligent access, push button start, and a remote tailgate release that makes loading easier. The onboard 400W outlet powers tools and equipment directly from the truck. Heated power mirrors with LED spotlights improve visibility, and the auto-dimming rearview mirror reduces glare during night driving. Safety is prioritized with electronic stability control, traction control, brake assist, and a comprehensive airbag system. The rear view camera provides added confidence when backing up, while the security system protects your investment. We're confident you'll appreciate the thoughtful engineering and proven Ford reliability built into this F-150 Xlt. Visit our showroom today to experience this truck firsthand and explore financing options that work for your budget.",available,used,38331.00 USD,https://www.thatguythatsellscars.com/inventory/3006068,https://pictures.web.dealer.com/l/lewisfordfd/1212/1cfc6d418c1bf16eef3e5a3a037d623ax.jpg,1FTEW1EP3PFA22159,2023,Ford,F-150,XLT,TRUCK,28649,MI,Black Metallic,Black,AUTOMATIC,4X4,GASOLINE,"{addr1: '323 E Main Street', city: 'Farmington', region: 'AR', postal_code: '72730', country: 'US'}"
1FTEW1EP9PKE06440,2023 Ford F-150 XLT,"Home OF The Lewis Guarantee - 2.7L EcoBoost V6 engine with 10-speed automatic transmission and 4WD - Equipment Group 302A High with Class IV trailer hitch receiver - Sync 4 with 12"" Lcd touchscreen, Apple CarPlay, and Android Auto - 10-way power driver and passenger seats with heated front seats - Bed Utility Package with BoxLink and LED box lighting - Xlt Sport Appearance Package with body-color accents - Zone lighting with LED sideview mirror spotlights - Intelligent Access with push button start and remote start system - Dual zone electronic automatic temperature control - Auto-dimming rearview mirror - Onboard 400W outlet - Remote tailgate release - 1 year free oil changes and tire rotations - 5-year/60,000-mile warranty This 2023 Ford F-150 Xlt in black delivers the capability and technology today's truck owners demand. With 44,946 miles on the odometer, this pickup has been properly maintained and remains well within its prime working years. The 2.7L EcoBoost V6 paired with the 10-speed automatic transmission provides efficient power for both work and daily driving, achieving 17 mpg in the city and 23 mpg on the highway. The Equipment Group 302A High elevates this truck with premium features designed for those who take their work seriously. The Class IV trailer hitch receiver enables towing capability, while the integrated smart trailer tow connector simplifies hookups. Chrome accents throughoutâ""from the single-tip exhaust to the door handles and step barsâ""give this F-150 a polished appearance that stands out. Inside, the Sync 4 infotainment system with its 12"" capacitive touchscreen puts control at your fingertips. Wireless phone connectivity, Apple CarPlay, and Android Auto compatibility keep you connected whether you're at the jobsite or on the road. The 8"" productivity screen in the instrument cluster provides essential information at a glance, while the conversational voice command recognition lets you operate features without taking your hands off the wheel. Comfort features make this truck a pleasure to drive day after day. Ten-way power seats with heating adjust in multiple directions, providing support for long hours. Dual-zone climate control ensures both driver and passenger enjoy their preferred temperature. The remote start system means you can warm up the cab before stepping outside on cold mornings, while the remote tailgate release adds convenience when your hands are full. The Bed Utility Package transforms the cargo area into a functional workspace. BoxLink cleats secure gear precisely where you need it, LED box lighting illuminates late-night loading, and the tailgate step with work surface makes bed access easier. Zone lighting around the exterior provides added visibility and security. We back this truck with a 5-year/60,000-mile warranty, plus complimentary oil changes and tire rotations for the first year. This F-150 Xlt represents solid Ford value with the features truck owners actually use. We invite you to visit our showroom to see this capable pickup in person and discuss how it can serve your needs.",available,used,36259.00 USD,https://www.thatguythatsellscars.com/inventory/3006067,https://pictures.web.dealer.com/l/lewisfordfd/0674/8f65671ec8d799285302afad2472b6dbx.jpg,1FTEW1EP9PKE06440,2023,Ford,F-150,XLT,TRUCK,44951,MI,Black Metallic,Black,AUTOMATIC,4X4,GASOLINE,"{addr1: '323 E Main Street', city: 'Farmington', region: 'AR', postal_code: '72730', country: 'US'}"
1FTFW1E51PFA70536,2023 Ford F-150 XLT,"Home OF The Lewis Guarantee This 2023 Ford F-150 Xlt delivers the capability and comfort you need for work and life. With a powerful 5.0L V8 engine paired with a 10-speed automatic transmission and 4WD, this Black truck provides confidence on any terrain. The Xlt trim combines practical features with refined styling, making it equally at home on the job site or running errands around town. - 5.0L V8 Engine with 10-Speed Automatic and 4WD - Equipment Group 302A High with Class IV Trailer Hitch Receiver - Sync 4 with 12"" Lcd Touchscreen and Apple CarPlay/Android Auto - Ford Co-Pilot360 Assist 2.0 with Intelligent Adaptive Cruise Control and Lane Centering - 360 Degree Camera with Trailer Reverse Guidance - Trailer Tow Package with Integrated Trailer Brake Controller and Pro Trailer Backup Assist - Power-Sliding Rear Window - Stowable Loading Ramps - BoxLink with Premium Locking Cleats - 10-Way Power Driver and Passenger Seats with Multi-Adjustable Lumbar - Dual Zone Electronic Automatic Temperature Control - Heated Front Seats and Power Glass Heated Sideview Mirrors - Onboard 400W Outlet - Remote Start System with Remote Tailgate Release - Electronic Locking Differential with 3.31 Axle Ratio The F-150 Xlt strikes a balance between work-ready functionality and daily-drive comfort. The spacious cab accommodates passengers with heated front seating, while the truck bed is equipped with BoxLink storage cleats and stowable loading ramps for organizing and securing cargo. Chrome accents, including the step bars and door handles, add a polished appearance to this capable machine. Technology takes center stage with Sync 4 and a responsive 12-inch touchscreen featuring voice recognition and smartphone integration. Safety features include the comprehensive Ford Co-Pilot360 Assist 2.0 system with advanced driver aids like intelligent adaptive cruise control with stop-and-go capability, speed sign recognition, and intersection assist. The 360-degree camera system provides complete visibility, particularly useful when maneuvering or backing up with a trailer. For those who tow, this F-150 is well-equipped. The Trailer Tow Package includes an integrated trailer brake controller, pro trailer backup assist, and pro trailer hitch assistâ""features designed to make towing safer and more convenient. Built-in navigation with complimentary 90-day trial services keeps you on course wherever the job takes you. This truck comes backed by a 5-year, 60,000-mile warranty, one year of free oil changes, and one year of free tire rotation. With its combination of V8 power, intelligent technology, and genuine utility, the 2023 F-150 Xlt is ready to work as hard as you do. We invite you to experience this truck in person and explore how it fits your needs.",available,used,42589.00 USD,https://www.thatguythatsellscars.com/inventory/3006080,https://pictures.web.dealer.com/l/lewisfordfd/0295/635ce29397654fd28b335ddbc0ad6c51x.jpg,1FTFW1E51PFA70536,2023,Ford,F-150,XLT,TRUCK,30172,MI,Black Metallic,Black,AUTOMATIC,4X4,FLEX,"{addr1: '323 E Main Street', city: 'Farmington', region: 'AR', postal_code: '72730', country: 'US'}"
1FTEW1EP7PKF58913,2023 Ford F-150 XLT,"Home OF The Lewis Guarantee - 2.7L V6 EcoBoost engine with 10-speed automatic transmission and 4WD - Equipment Group 302A High with Class IV Trailer Hitch Receiver and integrated trailer brake controller - Sync 4 with 12"" Lcd touchscreen, Apple CarPlay, and Android Auto compatibility - 10-way power driver and passenger seats with heated front seats - Remote start system with remote tailgate release - Dual zone electronic automatic temperature control - 20"" dark alloy painted aluminum wheels with all-terrain tires - Xlt Sport Appearance Package with body-color accents and unique interior finish - Intelligent access with push button start and SecuriCode keyless entry keypad - Power glass heated sideview mirrors with LED spotlights - Auto-dimming rearview mirror - Onboard 400W outlet This 2023 Ford F-150 Xlt in black combines capability with modern convenience features designed for daily use and weekend adventures. The 2.7L EcoBoost engine delivers efficiency while maintaining the power you need, achieving 17 city and 23 highway miles per gallon. Four-wheel drive provides confident handling in various conditions, while the 10-speed automatic transmission ensures smooth acceleration and responsive control. The Xlt trim elevates your experience with thoughtfully designed features. The Sync 4 infotainment system puts smartphone integration and voice commands at your fingertips, while the 12-inch touchscreen makes navigation intuitive. Ten-way power seats with heating capability offer comfort during long drives, and the dual-zone climate control lets driver and passenger set preferred temperatures independently. Exterior styling reflects the Sport Appearance Package, featuring body-color door handles, tailgate, and bumpers paired with a black grille and unique step bars. The 20-inch dark alloy wheels mounted with all-terrain tires complete a purposeful look while maintaining functionality. Chrome accents on the single-tip exhaust and LED sideview mirror spotlights add refinement to the truck's profile. Towing and hauling are made easier with the Class IV trailer hitch receiver and integrated trailer brake controller included in the Equipment Group 302A High. The truck is ready to handle responsibilities when you need it. Zone lighting with approach detection enhances security, while the remote start system provides convenience in any season. Inside the cab, you'll find practical storage solutions including rear under-seat storage and a front center armrest with storage compartment. The 8-inch productivity screen in the instrument cluster keeps trip data and vehicle information accessible, while heated front seats add comfort during colder months. Security features including a panic alarm and comprehensive airbag system provide peace of mind. We stand behind this F-150 Xlt with a 5-year, 60,000-mile warranty, plus one year of complimentary oil changes and tire rotations. Schedule a time to see this truck and experience its capabilities firsthand.",available,used,39062.00 USD,https://www.thatguythatsellscars.com/inventory/3006083,https://pictures.web.dealer.com/l/lewisfordfd/0766/982f3fa00f3a68db738d3a2ca04af8b5x.jpg,1FTEW1EP7PKF58913,2023,Ford,F-150,XLT,TRUCK,22661,MI,Black Metallic,Black,AUTOMATIC,4X4,GASOLINE,"{addr1: '323 E Main Street', city: 'Farmington', region: 'AR', postal_code: '72730', country: 'US'}"
1FTFW1E51NKF21839,2022 Ford F-150 XLT,"Home OF The Lewis Guarantee This 2022 Ford F-150 Xlt in crisp white offers the dependable performance and capability you need for work and life. Powered by a 5.0L V8 engine with 10-speed automatic transmission and 4WD, this truck delivers the strength and control for any terrain or task. - 5.0L V8 engine with Auto Start-Stop Technology - 10-speed automatic transmission with 4WD - Extended range 36-gallon fuel tank - Equipment Group 302A High with chrome appearance package - Trailer tow package with integrated brake controller and Pro Trailer Backup Assist - Sync 4 with 12"" touchscreen, Apple CarPlay, and Android Auto - B&O sound system by Bang & Olufsen with 8 speakers - 360-degree camera with trailer reverse guidance - Bed utility package with BoxLink and LED box lighting - 20"" dark alloy painted aluminum wheels - 10-way power driver and passenger seats with lumbar support - Leather-wrapped steering wheel with intelligent access and push button start - Dual zone electronic automatic temperature control - Heated power glass sideview mirrors with LED spotlights - Power-sliding rear window with interior work surface With 51,341 miles on the odometer, this F-150 Xlt still has plenty of life ahead. The truck returns 16 mpg in the city and 22 mpg on the highway, making it efficient for daily driving and highway trips. The spacious bed accommodates your cargo while the modern cabin keeps you comfortable during long hauls. The advanced towing package makes hauling straightforward and safe, featuring an integrated trailer brake controller and the innovative Pro Trailer Backup Assist to help guide your trailer into tight spaces. The 360-degree camera system provides full visibility around the truck, whether you're parking, reversing, or maneuvering in confined areas. Inside, you'll find quality appointments throughout, including the B&O premium audio system and Sync 4 infotainment with connected navigation capabilities. Climate control features dual zones for personalized comfort, while the spacious interior work surface provides a convenient workspace on the go. This F-150 comes with a 3-year/36,000-mile warranty, plus complimentary oil changes and tire rotations for one year, giving you peace of mind and value right from day one. We invite you to visit our showroom to experience this capable, well-equipped truck firsthand and explore how it fits your needs.",available,used,35934.00 USD,https://www.thatguythatsellscars.com/inventory/3006063,https://pictures.web.dealer.com/l/lewisfordfd/0848/aa1fdc971e98532e748500a085cafd9fx.jpg,1FTFW1E51NKF21839,2022,Ford,F-150,XLT,TRUCK,51345,MI,Oxford White,Black,AUTOMATIC,4X4,FLEX,"{addr1: '323 E Main Street', city: 'Farmington', region: 'AR', postal_code: '72730', country: 'US'}"
3FTTW8H90RRB74564,2024 Ford Maverick XLT,"Home OF The Lewis Guarantee This 2024 Ford Maverick Xlt delivers practical capability with a refined approach to truck ownership. Starting with what matters most, this model is equipped with: - 1 year free oil changes - 1 year free tire rotation - 5-year/60,000-mile warranty - Full-size spare tire - Trailer hitch receiver with 4-pin connector - EcoBoost 2.0L turbocharged engine with 8-speed automatic transmission - 23 city MPG / 30 highway MPG - Exterior parking camera - 17-inch carbonized gray painted aluminum wheels - Automatic temperature control - Steering wheel-mounted audio controls - Remote keyless entry The cabin strikes a balance between comfort and function. Unique cloth front bucket seats with a front center armrest provide comfortable seating for daily driving. The automatic temperature control keeps the interior at your preferred setting, while the telescoping and tilt steering wheel ensures proper positioning for any driver. You'll appreciate the trip computer, compass display, and overhead console that keeps essentials within reach. Reading lights and illuminated entry make getting in and out convenient day or night. Safety is integrated throughout the design. This truck includes dual front and side impact airbags, a knee airbag, and overhead airbags positioned to protect occupants. Electronic stability control, traction control, ABS brakes, and brake assist work together to help you maintain control in various driving conditions. Speed-sensing steering adapts to your driving, while low tire pressure warning keeps you informed about tire health. The rear backup camera provides visibility when reversing. Driving dynamics reflect Ford's attention to truck fundamentals. The front wheel independent suspension and dual front and rear anti-roll bars work to manage body movement and improve handling. Auto high-beam headlights, delay-off headlights, and fully automatic headlights enhance visibility and reduce driver workload. Power steering, power windows, and power door mirrors with body-color bumpers round out the everyday conveniences. The exterior presents a clean, purposeful appearance in white paint. The rear step bumper provides practical access to the truck bed, while the 17-inch wheels sit well within the fender openings. This combination of style and substance makes the Maverick approachable for both first-time truck buyers and experienced owners seeking efficient capability. With 18,505 miles on the odometer, this Xlt remains well within typical use parameters. The included warranty coverage provides confidence in your purchase, backed by the complimentary maintenance package that covers oil changes and tire rotations for the first year. Come see this truck and discover why practical ownership doesn't require compromise.",available,used,27990.00 USD,https://www.thatguythatsellscars.com/inventory/3006074,https://pictures.web.dealer.com/l/lewisfordfd/0118/7d5acac9f90f876f7ac1d791cdfbea45x.jpg,3FTTW8H90RRB74564,2024,Ford,Maverick,XLT,TRUCK,6,MI,Oxford White,Navy Pier/Medium Slate,AUTOMATIC,FWD,GASOLINE,"{addr1: '323 E Main Street', city: 'Farmington', region: 'AR', postal_code: '72730', country: 'US'}"
1GTP9EEDXMZ356762,2021 GMC Sierra 1500 AT4,"10-Speed Automatic, 4WD, Jet Black With Kalahari Accents Leather. Cayenne Red Tintcoat 2021 Gmc Sierra 1500 AT4 4WD 10-Speed Automatic EcoTec3 5.3L V8",available,used,34686.00 USD,https://www.thatguythatsellscars.com/inventory/3005359,https://pictures.web.dealer.com/l/lewischryslerdodgecllc/0438/4a3ca9e9ccc2f129e6bf43c5f7bcedcdx.jpg,1GTP9EEDXMZ356762,2021,GMC,Sierra 1500,AT4,TRUCK,100762,MI,Cayenne Red Tintcoat,Jet Black With Kalahari Accents,AUTOMATIC,4X4,GASOLINE,"{addr1: '323 E Main Street', city: 'Farmington', region: 'AR', postal_code: '72730', country: 'US'}"
1GCPYFEL4LZ361163,2020 Chevrolet Silverado 1500 LT Trail Boss,"Locally Owned, Well Maintained, 10-Speed Automatic, 4WD, Jet Black Cloth, 10-Way Power Driver Seat w/Lumbar, 12-Volt Rear Auxiliary Power Outlet, 120-Volt Bed Mounted Power Outlet, 120-Volt Instrument Panel Power Outlet, 170 Amps Alternator, 2 USB Ports, 2 USB Ports (First Row), 4-Way Manual Driver Seat Adjuster, 4.2"" Diagonal Color Display Driver Info Center, 4G Lte Wi-Fi Hot Spot Capable, 6-Speaker Audio System, All-Weather Floor Liner (Lpo) (Aak), Auxiliary External Transmission Oil Cooler, BluetoothÂ® For Phone, Chevrolet Connected Access Capable, Color-Keyed Carpeting Floor Covering, Compass, Convenience Package II, Convenience Package w/Buckets Seats, Deep-Tinted Glass, Dual Exhaust w/Polished Outlets, Dual-Zone Automatic Climate Control, Electric Rear-Window Defogger, Electrical Lock Control Steering Column, Floor Mounted Center Console, Front Bucket Seats, Front LED Fog Lamps, HD Radio, HD Rear Vision Camera, Heated Driver & Front Outboard Passenger Seats, Heated Steering Wheel, Heavy-Duty Rear Locking Differential, High Capacity Air Filter, High Gloss Black Grille, High Gloss Black Mirror Caps, Hill Descent Control, Hitch Guidance, Keyless Open & Start, Leather Wrapped Steering Wheel, LED Cargo Area Lighting, LED Reflector Headlamps, Manual Tilt-Wheel Steering Column, Manual Tilt/Telescoping Steering Column, OnStar & Chevrolet Connected Services Capable, Performance Red Recovery Hooks, Power Door Locks, Power Front Windows w/Driver Express Up/Down, Power Front Windows w/Passenger Express Down, Power Rear Windows w/Express Down, Power Sliding Rear Window w/Rear Defogger, Preferred Equipment Group 2LT, Premium Bose 7-Speaker Sound System, Radio: Chevrolet Infotainment 3 Plus System, Rear 60/40 Folding Bench Seat (Folds Up), Rear Dual USB Charging-Only Ports, Rear Vision Camera, Remote Vehicle Starter System, Single-Zone Manual/Semi-Automatic Air Conditioning, SiriusXM w/360L, Steering Wheel Audio Controls, Steering Wheel Mounted Electronic Cruise Control, Suspension Package, Theft Deterrent System (Unauthorized Entry), Trailering Package, Universal Home Remote. Silver Ice Metallic 2020 Chevrolet Silverado 1500 LT Trail Boss 4WD 10-Speed Automatic EcoTec3 6.2L V8",available,used,26862.00 USD,https://www.thatguythatsellscars.com/inventory/3007290,https://pictures.web.dealer.com/l/lewischryslerdodgecllc/1242/133a1d7d7b3d794b7eb1230f853e2524x.jpg,1GCPYFEL4LZ361163,2020,Chevrolet,Silverado 1500,LT Trail Boss,TRUCK,151343,MI,Silver Ice Metallic,Jet Black,AUTOMATIC,4X4,GASOLINE,"{addr1: '323 E Main Street', city: 'Farmington', region: 'AR', postal_code: '72730', country: 'US'}"
1FTEW3LP5SKD42694,2025 Ford F-150 XLT,"Home OF The Lewis Guarantee This 2025 Ford F-150 Xlt in Blue combines capability and comfort with proven dependability. The 2.7L V6 EcoBoost engine delivers power when you need it while maintaining efficiency, paired with a 10-Speed Automatic transmission and 4WD for confident handling in various conditions. Whether you're tackling work or heading out on the weekend, this truck is built to perform. - Xlt Black Appearance Package with 18"" Gloss Black wheels and black running boards - 2.7L V6 EcoBoost engine with 10-Speed Automatic and 4WD - Equipment Group 302A Mid with connected navigation and Sync 4 system - Ford Co-Pilot360 Assist 2.0 with adaptive cruise control and lane centering - 360-degree camera with front and rear parking sensors - Heated front seats with dual-zone electronic automatic temperature control - Remote start system with remote tailgate release - Tray-style floor liner with carpet mats - Tough bed spray-in bedliner - 6"" angular bright anodized step bar - Power-sliding rear window - Auto-dimming rearview mirror - Pro trailer backup assist and pro trailer hitch assist technology The Xlt Black Appearance Package gives this truck a striking presence with its gloss black 18"" wheels, black running boards, and dark exterior accents that set it apart. Chrome door and tailgate handles, a chrome single-tip exhaust, and body-color bumpers complete the refined exterior styling. Inside, you'll find a wrapped steering wheel, cloth seating with a front center armrest, and integrated controls designed for easy access while driving. The Sync 4 system with enhanced voice recognition keeps you connected, and the included 1-year trial of connected navigation services gets you started on the right track. Dual-zone electronic automatic temperature control ensures comfort for both driver and passenger. This truck handles the job with technology that works for you. Ford Co-Pilot360 Assist 2.0 includes collision warning with automatic emergency braking, evasive steering assist, and driver state detection. Adaptive cruise control with stop and go functionality along with lane centering makes highway driving more manageable. The 360-degree camera system, front parking sensors, and rear parking sensors provide visibility from every angle, while pro trailer backup assist and pro trailer hitch assist make towing straightforward. The tough bed spray-in bedliner protects your cargo, and the tray-style floor liner with carpet mats keeps the cab clean. A power-sliding rear window provides ventilation and easy access, while the remote tailgate release adds convenience. The 400W cab and bed outlets power your tools and devices wherever the job takes you. We back this truck with a 5-year/60,000-mile warranty, plus 1 year of free oil changes and 1 year of free tire rotation to keep everything running smoothly. The 2025 F-150 Xlt delivers the reliability and features you expect from Ford, ready to handle whatever comes next.",available,used,38734.00 USD,https://www.thatguythatsellscars.com/inventory/3008432,https://pictures.web.dealer.com/l/lewisfordfd/0494/3d084b314cfef66b25a30a508d0583f8x.jpg,1FTEW3LP5SKD42694,2025,Ford,F-150,XLT,TRUCK,37385,MI,Blue Metallic,Black,AUTOMATIC,4X4,GASOLINE,"{addr1: '323 E Main Street', city: 'Farmington', region: 'AR', postal_code: '72730', country: 'US'}"
1C4PJXFN1RW367376,2024 Jeep Wrangler Rubicon,"Meet the 2024 Jeep Wrangler Rubicon, a locally owned, one-owner icon built for adventure. This well-maintained White beauty combines legendary off-road capability with modern convenience, delivering 20 city and 22 highway MPG from its efficient 2.0L I4 engine paired with an 8-speed automatic transmission. Key Features: - Black 3-Piece Hard Top - Uconnect 5 Navigation with 12.3"" Touchscreen Display - Apple CarPlay and Google Android Auto - Alpine Premium Audio System with SiriusXM - Heated Front Seats and Heated Steering Wheel - Integrated Off-Road Camera - Remote Start System - 4G Lte Wi-Fi Hot Spot - Rear Window Defroster and Wiper/Washer - Integrated Voice Command with Bluetooth This Rubicon is equipped with the Convenience and Technology Groups, putting premium features at your fingertips. The integrated off-road camera and performance suspension make tackling challenging terrain effortless, while the heated seats and steering wheel keep you comfortable during cold-weather drives. With SiriusXM satellite radio and a premium sound system, every journey becomes an experience you'll look forward to. We're proud to offer this vehicle with a 1-year free oil changes and 1-year free tire rotation package, plus a reassuring 5-year/60,000-mile warranty. Drive with confidence knowing this Wrangler has been meticulously maintained and is backed by our commitment to quality. Don't miss the opportunity to own this impressive Rubicon. Visit us today and take it for a test drive.",available,used,39726.00 USD,https://www.thatguythatsellscars.com/inventory/3007285,https://pictures.web.dealer.com/l/lewischryslerdodgecllc/1271/4889f180a27a3d885d2e48ba369580d8x.jpg,1C4PJXFN1RW367376,2024,Jeep,Wrangler,Rubicon,SUV,32172,MI,Bright White Clearcoat,Black,AUTOMATIC,4X4,GASOLINE,"{addr1: '323 E Main Street', city: 'Farmington', region: 'AR', postal_code: '72730', country: 'US'}"
5N1AZ2MH2GN125869,2016 Nissan Murano Platinum,"Home OF The Lewis Guarantee - 1 Year Free Oil Changes - 1 Year Free Tire Rotation - 6 Month/6,000 Mile Warranty - Platinum Technology Package with Predictive Forward Collision Warning and Forward Emergency Braking - Power Panoramic Moonroof - Intelligent Cruise Control - Navigation System with AM/FM/CD Audio and SiriusXM - Heated and Cooled Front Bucket Seats with Leather Appointed Trim - Heated Steering Wheel - Power Liftgate - 20"" Machined Aluminum-Alloy Wheels - Rear Heating System - Dual Zone Automatic Temperature Control - Four-Wheel Independent Suspension - All-Wheel Drive This 2016 Nissan Murano Platinum in Red combines capable all-wheel-drive performance with the refined comfort of a three-row crossover. The 3.5L V6 engine delivers reliable power while the continuously variable transmission with Xtronic technology provides smooth acceleration and efficiency. You'll appreciate the balanced fuel economy of 21 city and 28 highway MPG across varied driving conditions. The Platinum trim elevates your driving experience with genuine leather-appointed seating, heated and cooled front seats, and a heated steering wheel for year-round comfort. The power panoramic moonroof floods the cabin with natural light, while the navigation system keeps you oriented on every journey. Premium audio includes eleven speakers, SiriusXM satellite radio, and CD capability to keep your commute entertaining. Safety and advanced driver assistance are prioritized through the Platinum Technology Package. Predictive Forward Collision Warning alerts you to potential hazards ahead, while Forward Emergency Braking provides automated response capability. Intelligent Cruise Control adapts your speed to traffic conditions, reducing driver fatigue on longer drives. The vehicle also features a full suite of airbags, electronic stability control, and four-wheel disc brakes with ABS. Convenience features make daily driving effortless. The power liftgate opens with the touch of a button, perfect for loading groceries or gear. HomeLink garage door integration means you can control your garage without fumbling for remotes. Memory seating and steering wheel functions remember your preferred driving position. Remote keyless entry and the security system protect your investment. The exterior showcases 20-inch machined aluminum-alloy wheels that complement the striking Red finish. Heated power door mirrors with turn signal indicators enhance visibility, while the roof rack provides practical cargo capacity. Splash guards protect the lower body, and fully automatic headlights with fog lights ensure visibility in varying conditions. Your first year of ownership is supported with complimentary oil changes and tire rotations, along with a six-month/6,000-mile warranty for added peace of mind. This Murano Platinum delivers the spacious interior, advanced safety technology, and premium appointments that make it an excellent choice for families who value both capability and comfort.",available,used,10168.00 USD,https://www.thatguythatsellscars.com/inventory/3008426,https://pictures.web.dealer.com/l/lewisfordfd/0250/9993ab68b69ea63939c45b337eb67701x.jpg,5N1AZ2MH2GN125869,2016,Nissan,Murano,Platinum,SUV,137785,MI,Cayenne Red Metallic,Black,AUTOMATIC,AWD,GASOLINE,"{addr1: '323 E Main Street', city: 'Farmington', region: 'AR', postal_code: '72730', country: 'US'}"
2HKRM3H77FH552752,2015 Honda CR-V EX-L,"This 2015 Honda CR-V EX-L in gray is a versatile compact Suv ready for your next adventure. With its efficient 2.4L I4 engine delivering 27 city and 34 highway MPG, this front-wheel-drive model combines practicality with dependable Honda quality. The EX-L trim brings premium comfort and convenience features that make every drive enjoyable. **Key Features:** - Leather seat trim with heated front bucket seats - Power moonroof with roof rack rails - Exterior parking camera with rear window wiper - AM/FM/CD/SiriusXM audio system with steering wheel controls - Automatic temperature control with front dual zone air conditioning - Electronic stability control, traction control, and brake assist - Remote keyless entry and power door mirrors - Dual front impact airbags, side impact airbags, and overhead airbag - 17"" alloy wheels - Telescoping tilt steering wheel with speed control This CR-V comes equipped with a comprehensive safety suite including four-wheel disc brakes with ABS, electronic stability control, and multiple airbags to protect you and your passengers. Inside, the leather appointments and heated seats create an upscale driving environment, while the power moonroof adds an open-air feel to the cabin. Visit our showroom today to experience the comfort, reliability, and capability this Honda CR-V EX-L delivers. Schedule your test drive and discover why Honda remains a trusted choice for families and adventure seekers alike.",available,used,9780.00 USD,https://www.thatguythatsellscars.com/inventory/3008429,https://pictures.web.dealer.com/l/lewischryslerdodgecllc/0996/424e36a48dfa3cbb9e0f1fd7f62c00bbx.jpg,2HKRM3H77FH552752,2015,Honda,CR-V,EX-L,SUV,218280,MI,Modern Steel,Black,AUTOMATIC,FWD,GASOLINE,"{addr1: '323 E Main Street', city: 'Farmington', region: 'AR', postal_code: '72730', country: 'US'}"
JTESU5JRXN5977479,2022 Toyota 4Runner TRD Sport,"Home OF The Lewis Guarantee This 2022 Toyota 4Runner Trd Sport in White offers the capability and comfort you need for any journey. With a 4.0L V6 engine paired with 4WD and a 5-Speed transmission, this vehicle delivers reliable performance whether you're navigating city streets or venturing off the beaten path. - 1 Year Free Oil Changes - 1 Year Free Tire Rotation - 3-Year/36,000-Mile Warranty - 4WD with 4.0L V6 Engine - 20"" Dark Gray Metallic Machined-Face Alloy Wheels - Trd Sport Package with Badge - Apple CarPlay/Android Auto Integration - SofTex Seat Trim with Front Bucket Seats - Leather Steering Wheel and Shift Knob - Heated Door Mirrors with Power Controls - Rear Exterior Parking Camera - Dual Front Impact and Side Impact Airbags - Electronic Stability Control and Traction Control - SiriusXM AM/FM Radio with 8 Speakers - Remote Keyless Entry with Security System The interior combines practicality with refinement. You'll find leather accents throughout, including the steering wheel and shift knob, while the SofTex seat trim provides durability and easy maintenance. Dual-zone climate control keeps everyone comfortable, and the split folding rear seat expands your cargo flexibility. Steering wheel-mounted audio controls and a trip computer enhance your driving experience, while the telescoping tilt steering wheel adjusts to your preference. Safety is engineered throughout this 4Runner. The comprehensive airbag system includes dual front impact, dual front side impact, and knee airbags. Electronic Stability Control, Traction Control, and brake assist work together to maintain stability in various conditions. Front and rear anti-roll bars support confident handling, while the low tire pressure warning system keeps you informed about your vehicle's health. The exterior styling reflects the Trd Sport's commanding presence. Dark Gray Metallic Machined-Face 20-inch alloy wheels paired with body-color bumpers create an assertive look. Front fog lights and auto high-beam headlights enhance visibility, while the roof rack with rails provides convenient cargo carrying capacity. The rear window wiper and variably intermittent front wipers ensure clear visibility in all weather conditions. Technology features make every drive more connected. Apple CarPlay and Android Auto integration keeps you linked to your smartphone's essential functions. The SiriusXM AM/FM radio system with 8 speakers delivers quality sound, while the emergency communication system with a 1-year Safety Connect trial provides peace of mind on longer trips. We stand behind this 4Runner with practical ownership benefits that start the moment you drive it home. The included 1-year free oil changes and tire rotation service help you maintain peak performance, while the 3-year/36,000-mile warranty provides confidence in your investment. With 71,618 miles on the odometer, this vehicle has plenty of life ahead and represents excellent value for a capable Suv ready for your adventures.",available,used,37981.00 USD,https://www.thatguythatsellscars.com/inventory/3007835,https://pictures.web.dealer.com/l/lewisfordfd/1630/03e3d46075917e6496c527b4fa96dd66x.jpg,JTESU5JRXN5977479,2022,Toyota,4Runner,TRD Sport,SUV,71657,MI,White,Graphite,AUTOMATIC,4X4,GASOLINE,"{addr1: '323 E Main Street', city: 'Farmington', region: 'AR', postal_code: '72730', country: 'US'}"
1C4SDJCTXKC550879,2019 Dodge Durango R/T,"Home OF The Lewis Guarantee - 1 Year Free Oil Changes - 1 Year Free Tire Rotation - 3Yr/36,000 Mile Warranty - Hemi 5.7L V8 Engine with Multi Displacement Vvt - 8-Speed Automatic Transmission with AWD - 2nd Row Fold/Tumble Captain Chairs - Uconnect 4C Navigation with 8.4"" Display - Apple CarPlay/Android Auto Integration - Leather Suede Bucket Seats with Heated Front and Rear Seating - Heated Steering Wheel - ParkView Rear Back-Up Camera - Automatic High-Intensity Discharge Headlights with Front Fog Lights - 20"" Satin Carbon Alloy Wheels - 6-Passenger Seating Configuration - Electronic Stability Control and Traction Control This 2019 Dodge Durango R/T in Black combines capability with refined comfort for families and individuals who demand both performance and versatility. The spacious three-row layout provides seating for six passengers, with second-row captain chairs that fold and tumble for flexible cargo management. The leather suede bucket seats in the front row offer premium comfort, while heated seating in both front and rear rows keeps passengers comfortable in cold weather. The Hemi 5.7L V8 engine delivers substantial power, paired with an 8-Speed Automatic transmission and available all-wheel drive for confident handling in various driving conditions. This powertrain combination achieves 14 city MPG and 22 highway MPG, balancing performance with reasonable fuel economy for a three-row Suv of this caliber. Technology and convenience features enhance daily driving. The Uconnect 4C Navigation system with its 8.4-inch display provides intuitive control, while Apple CarPlay and Android Auto integration keep you connected to your smartphone. The nine-speaker audio system with SiriusXM satellite radio and AM/FM capabilities delivers quality sound throughout the cabin. Additional conveniences include a heated steering wheel, memory driver seat, power-operated seats and liftgate, and dual-zone automatic climate control with rear air conditioning. Safety is prioritized with comprehensive protection including a ParkView rear back-up camera, electronic stability control, traction control, anti-lock braking, and multiple airbag systems. Auto-leveling suspension and four-wheel independent suspension provide a composed ride, while high-intensity discharge headlights with automatic activation and front fog lights improve visibility. The exterior features 20-inch Satin Carbon alloy wheels and a body-color spoiler that complement the Black finish. Speed-sensitive wipers, rain-sensing capability, and a rear window wiper ensure optimal visibility in all weather conditions. Auto-dimming door mirrors and a heated mirror system add practical refinement. We stand behind this vehicle with our Lewis Guarantee: one year of complimentary oil changes, one year of free tire rotations, and a three-year, 36,000-mile warranty. Come experience this Durango R/T and discover how it adapts to your lifestyle.",available,used,24448.00 USD,https://www.thatguythatsellscars.com/inventory/3008434,https://pictures.web.dealer.com/l/lewisfordfd/0485/b83a65cae722a4ee9ee5b911d0ec864cx.jpg,1C4SDJCTXKC550879,2019,Dodge,Durango,R/T,SUV,96220,MI,DB Black Crystal Clearcoat,Black,AUTOMATIC,AWD,GASOLINE,"{addr1: '323 E Main Street', city: 'Farmington', region: 'AR', postal_code: '72730', country: 'US'}"
1FTFW1E8XNKF02376,2022 Ford F-150 XLT,"This 2022 Ford F-150 Xlt in black delivers genuine truck capability with smart amenities and impressive efficiency. With just 92,549 miles, it's been well-maintained and offers years of reliable performance ahead. Powered by a 3.5L V6 EcoBoost engine paired with 10-speed automatic transmission and 4WD, this truck balances power with practical fuel economy at 17 city and 23 highway MPG. Whether you're tackling weekend projects or handling daily demands, this F-150 Xlt is built to deliver. **What You Get:** - FX4 Off-Road Package with rock crawl mode and off-road tuned suspension - Trailer Tow Package with integrated trailer brake controller and pro trailer backup assist - 360-degree camera system for enhanced visibility - Sync 4 with SiriusXM connectivity and voice recognition - 10-way power driver and passenger seats with heated fronts - Remote start with remote tailgate release - Class IV trailer hitch receiver - Xlt Sport Appearance Package with chrome accents This is a locally owned, one-owner truck that's been carefully maintained. We're backing your purchase with six months and 6,000 miles of warranty coverage, plus one year of free oil changes and tire rotationsâ""proof we stand behind this vehicle's condition. Visit us today to experience the capability and comfort this F-150 Xlt has to offer. Our team is ready to answer your questions and help you drive home in this impressive truck.",available,used,31698.00 USD,https://www.thatguythatsellscars.com/inventory/3008978,https://pictures.web.dealer.com/l/lewischryslerdodgecllc/1428/05647c73580a1b8bb8163899816ddb66x.jpg,1FTFW1E8XNKF02376,2022,Ford,F-150,XLT,TRUCK,92549,MI,Black Metallic,Black,AUTOMATIC,4X4,GASOLINE,"{addr1: '323 E Main Street', city: 'Farmington', region: 'AR', postal_code: '72730', country: 'US'}"
1C6RR7NT5FS539808,2015 Ram 1500 Laramie,"Certified. 6MO/6,000 Mile Warranty, 1 Year Free Oil Changes, 1 Year Free Tire Rotation, Locally Owned, One Owner, Auto High Beam Headlamp Control, Convenience Group, Gps Navigation, Keyless Enter-N-Go, Rain Sensitive Windshield Wipers, Remote Proximity Keyless Entry. Bright White Clearcoat 2015 Ram 1500 Laramie 4WD 8-Speed Automatic Hemi 5.7L V8 Multi Displacement Vvt Certification Program Details: Lewis Automotive Guarantee Awards: * 2015 KBB.com Best Buy Awards Finalist * 2015 KBB.com 15 Best Family Cars * Green Car Journal 2015 Green Truck of the Year Based on 2017 Epa mileage ratings. Use for comparison purposes only. Your mileage will vary depending on how you drive and maintain your vehicle, driving conditions and other factors.",available,used,19747.00 USD,https://www.thatguythatsellscars.com/inventory/3008985,https://pictures.web.dealer.com/l/lewischryslerdodgecllc/0852/87d9c491919906c7868aa7d60166ab54x.jpg,1C6RR7NT5FS539808,2015,Ram,1500,Laramie,TRUCK,145015,MI,Bright White Clearcoat,Black,AUTOMATIC,4X4,GASOLINE,"{addr1: '323 E Main Street', city: 'Farmington', region: 'AR', postal_code: '72730', country: 'US'}"
3FTTW8JA2SRA08220,2025 Ford Maverick XLT,"Home OF The Lewis Guarantee - 1 Year Free Oil Changes - 1 Year Free Tire Rotation - 5YR/60,000 Mile Warranty - 2.0L EcoBoost Turbocharged Engine with 8-Speed Automatic - All-Wheel Drive - Sync 4 with Enhanced Voice Recognition - Apple CarPlay and Android Auto - SiriusXM with 360L - Pre-Collision Assist with Automatic Emergency Braking - Rear-View Camera with Exterior Parking Camera - Unique Cloth Front Bucket Seats with Front Center Armrest - 17"" Carbonized Gray Painted Aluminum Wheels - Automatic Temperature Control - Electronic Stability Control - Auto High-Beam Headlights This 2025 Ford Maverick Xlt combines practicality with capability, delivering a vehicle that meets the demands of everyday driving and weekend adventures alike. With its EcoBoost turbocharged engine paired to an 8-Speed automatic transmission and all-wheel drive, you'll enjoy responsive performance while maintaining solid fuel efficiency at 22 city and 30 highway MPG. The white exterior presents a clean, versatile appearance that complements any setting. Inside, the cabin prioritizes your comfort and connectivity. Sync 4 with Enhanced Voice Recognition keeps you in control without taking your hands off the wheel, while Apple CarPlay and Android Auto integration ensures your smartphone functions seamlessly. SiriusXM with 360L provides entertainment options for every journey, and the six-speaker audio system delivers clear, enjoyable sound quality throughout the cabin. Unique cloth front bucket seats with a front center armrest create a comfortable driving environment designed for extended time behind the wheel. Safety features have been thoughtfully integrated throughout this Maverick. Pre-Collision Assist with Automatic Emergency Braking helps detect potential hazards and respond accordingly. A rear-view camera with exterior parking camera capability provides visibility you need when backing up or navigating tight spaces. Electronic Stability Control, four-wheel independent suspension, and speed-sensing steering work together to keep you confident in various driving conditions. The truck bed and practical design make this Maverick equally at home running errands around town or handling projects that require hauling capability. The rear step bumper and body-color bumpers provide both functionality and a cohesive appearance. Automatic temperature control keeps the cabin at your preferred setting, while the telescoping steering wheel and tilt steering ensure an ergonomic driving position for drivers of all sizes. We've invested in your ownership experience with a comprehensive package of dealer-provided benefits. One year of free oil changes and tire rotations eliminates two routine maintenance concerns, keeping your truck in peak condition. The five-year, 60,000-mile warranty provides extended peace of mind beyond the manufacturer's standard coverage, protecting your investment and reducing unexpected expenses. The 2025 Ford Maverick Xlt represents an investment in a vehicle that balances capability, comfort, and value. We invite you to visit us for a thorough inspection and test drive so you can experience firsthand how this truck meets your needs.",available,used,30123.00 USD,https://www.thatguythatsellscars.com/inventory/3010416,https://pictures.web.dealer.com/l/lewisfordfd/1286/d92fef3996077b88f680aa729f7ac209x.jpg,3FTTW8JA2SRA08220,2025,Ford,Maverick,XLT,TRUCK,22888,MI,White Metallic,Navy Pier/Aspen Gray,AUTOMATIC,AWD,GASOLINE,"{addr1: '323 E Main Street', city: 'Farmington', region: 'AR', postal_code: '72730', country: 'US'}"
1FTEW1EP1PFA83073,2023 Ford F-150 Lariat,4WD. Chili Pepper Red 2023 Ford F-150 Lariat 4WD 10-Speed Automatic 2.7L V6 EcoBoost Odometer is 11443 miles below market average!,available,used,44511.00 USD,https://www.thatguythatsellscars.com/inventory/3011321,https://pictures.web.dealer.com/s/springdalefordfd/1359/fac09b44b1dd1b97f11a60b5d3857e84x.jpg,1FTEW1EP1PFA83073,2023,Ford,F-150,Lariat,TRUCK,35968,MI,Chili Pepper Red,Black,AUTOMATIC,4X4,GASOLINE,"{addr1: '323 E Main Street', city: 'Farmington', region: 'AR', postal_code: '72730', country: 'US'}"
1HGCV1F41NA038550,2022 Honda Accord Sport Special Edition,"Home OF The Lewis Guarantee This 2022 Honda Accord Sport Special Edition in red presents a well-maintained sedan ready for your daily commute and weekend drives. With 80,211 miles on the odometer, this vehicle has been carefully used and maintained to deliver reliable performance. - 1 Year Free Oil Changes - 1 Year Free Tire Rotation - 3 Year/36,000 Mile Warranty - 1.5T Turbocharged Engine with Cvt Transmission - Adaptive Cruise Control with Low-Speed Follow - Collision Mitigation Braking System with Forward Collision Warning - Lane Departure Warning System - Apple CarPlay and Android Auto Integration - 19"" Machine-Finished Alloy Wheels with Black Inserts - Heated Front Bucket Seats with Perforated Leather - Leather Steering Wheel and Shift Knob - Rear Exterior Parking Camera - Dual Zone Automatic Temperature Control - 180-Watt AM/FM Audio System with 8 Speakers The turbocharged four-cylinder engine delivers efficient performance while the continuously variable transmission smooths acceleration. You'll appreciate the fuel economy of 29 city and 35 highway miles per gallon, making this Accord an economical choice for both short trips and longer journeys. Safety features are comprehensive throughout this model. The advanced driver assistance systems include adaptive cruise control that maintains your desired following distance, collision mitigation braking technology, and lane departure warning to help keep you centered in your lane. Four-wheel independent suspension combined with four-wheel disc brakes provides responsive handling and reliable stopping power. Inside, you'll find comfort-focused amenities designed for modern driving. The heated front bucket seats with perforated leather trim provide warmth on cold mornings, while dual-zone automatic climate control allows both driver and passenger to set preferred temperatures. The steering wheel offers tilt and telescoping adjustment to help you find your ideal driving position, and steering wheel-mounted audio controls keep your focus on the road. Technology connectivity is straightforward with Apple CarPlay and Android Auto compatibility through the audio system. The rear backup camera assists with parking and reversing maneuvers, while the exterior parking camera provides additional visibility. HondaLink emergency communication services add an extra layer of security and peace of mind. This 2022 Accord Sport Special Edition combines practical features with proven Honda reliability. The included warranty coverage and complimentary maintenance packageâ""featuring one year of free oil changes and tire rotationsâ""demonstrate our commitment to your ownership experience. Visit our showroom today to test drive this capable sedan and discover why the Accord remains a trusted choice for drivers who value quality and dependability.",available,used,23337.00 USD,https://www.thatguythatsellscars.com/inventory/3011325,https://pictures.web.dealer.com/l/lewisfordfd/1152/c93aed8b1721661157b804a9c05064f5x.jpg,1HGCV1F41NA038550,2022,Honda,Accord,Sport Special Edition,SEDAN,80218,MI,San Marino Red,Black,AUTOMATIC,FWD,GASOLINE,"{addr1: '323 E Main Street', city: 'Farmington', region: 'AR', postal_code: '72730', country: 'US'}"
1C4RJXFN9TW164381,2026 Jeep Wrangler Rubicon X,"Home OF The Lewis Guarantee - 2.0L I4 Dohc DI Turbo Engine with 8-Speed Automatic Transmission - Blind Spot and Cross Path Detection - Heated Front Seats and Heated Steering Wheel - Integrated Off-Road Camera - Uconnect 5 Navigation with 12.3"" Touchscreen Display - Apple CarPlay and Android Auto Integration - Alpine Premium Audio System with SiriusXM 360L - 35"" Tire Suspension with Xtreme 35 Tire Package - 4:1 Rock-Trac HD Full Time 4WD System with 4.56 Rear Axle Ratio - Adaptive Cruise Control with Stop - ParkSense Rear Park Assist System with ParkView Backup Camera - Nappa Leather Seats with 8-Way Power Adjustment - Trailer Tow Prep Package - 1 Year Free Oil Changes and Tire Rotation This 2026 Jeep Wrangler Rubicon X arrives in striking Black with low mileage and represents the pinnacle of off-road capability paired with modern convenience. The Quick Order Package 22Y Rubicon X delivers serious capability right from the factory, combining refined performance with thoughtfully engineered features designed for both daily driving and adventurous exploration. The 2.0L I4 Dohc turbo engine paired with the smooth 8-speed automatic transmission delivers responsive power while maintaining efficiency at 20 city and 22 highway MPG. The 4:1 Rock-Trac HD full-time 4WD system with electronic locking differentials, combined with the specially tuned 35-inch tire suspension and 4.56 rear axle ratio, positions this Wrangler to handle challenging terrain with confidence. The Xtreme 35 tire package and specialized suspension components work together to provide the ground clearance and articulation serious off-roaders demand. Inside, you'll find appointments that elevate daily driving comfort without compromising ruggedness. Heated front seats and a heated steering wheel ensure comfort through colder months, while the Mopar hardtop headliner and premium door trim panels contribute to a refined cabin environment. The Nappa leather seats feature power adjustment in eight directions for both driver and passenger, allowing you to find your ideal driving position. The Uconnect 5 system with a 12.3-inch touchscreen provides seamless connectivity through Apple CarPlay and Android Auto, keeping you linked to your digital life while traveling. Safety and convenience features throughout this vehicle demonstrate Jeep's commitment to protection and practicality. Blind spot and cross path detection help you navigate traffic with greater awareness, while the integrated off-road camera gives you a direct view of terrain ahead when tackling obstacles. The ParkSense rear park assist system and ParkView backup camera simplify maneuvering in tight spaces. Adaptive cruise control with stop capability reduces driver fatigue on longer highway stretches. The Rubicon X trim elevates the experience further with specialized equipment for serious off-road pursuits. The integrated off-road camera, Mopar tire relocation kit, Mopar hinge-gate reinforcement, and Mopar jack spacer reflect Jeep's engineering focused on adventure. The Freedom panel storage bag provides convenient organization, while the trailer tow prep package readies this Wrangler for hauling duties. We stand behind this vehicle with our Lewis Guarantee backed by a 5-year, 60,000-mile warranty, plus complimentary oil changes and tire rotations for the first year. This combination of capability, comfort, and assurance makes this 2026 Wrangler Rubicon X an investment in adventure and everyday reliability. We invite you to visit our showroom to experience this vehicle in person and discuss how it can serve your driving needs.",available,used,54838.00 USD,https://www.thatguythatsellscars.com/inventory/3010418,https://pictures.web.dealer.com/l/lewisfordfd/0913/d2c48a56dfe60ed9acaffceb2f71b20fx.jpg,1C4RJXFN9TW164381,2026,Jeep,Wrangler,Rubicon X,SUV,2390,MI,Black Clearcoat,Black,AUTOMATIC,4X4,GASOLINE,"{addr1: '323 E Main Street', city: 'Farmington', region: 'AR', postal_code: '72730', country: 'US'}"
1FT7W2BN7NEF05898,2022 Ford F-250SD Lariat,"This 2022 Ford F-250 Super Duty Lariat is built to handle serious work and adventure. With its powerful 7.3L V8 engine delivering 385 horsepower and 10-speed automatic transmission paired with 4WD capability, this truck commands the road with confidence. At 55,912 miles, this low-mileage Super Duty is ready for years of dependable service. **Key Features:** - FX4 Off-Road Package with off-road tuned shock absorbers - 7.3L V8 Pfi engine with 385 hp - New tires: LT275/70R18 all-terrain - Electronic-locking differential with 3.55 axle ratio - Hill Descent Control - 6"" angular bright polished step bar - Connected Navigation system - Sync 4 with enhanced voice recognition - B&O Sound System with 10 speakers and SiriusXM - Power leather front seats with dual zone climate control The truck bed and cab show excellent condition throughout. Front and rear parking sensors, rear parking camera, and auto high-beam headlights enhance visibility and safety. The heated power mirrors, chrome bumpers, and 18"" bright machined aluminum wheels give this red Super Duty a polished appearance that doesn't sacrifice capability. Designed for those who demand capability, comfort, and reliability, this F-250 Lariat stands ready whether you're heading to the job site or exploring off-road terrain. Schedule your test drive today and experience this impressive truck firsthand.",available,used,54853.00 USD,https://www.thatguythatsellscars.com/inventory/3011319,https://pictures.web.dealer.com/l/lewischryslerdodgecllc/1716/434e160aee229724e52dcf1e6124aeecx.jpg,1FT7W2BN7NEF05898,2022,Ford,F-250SD,Lariat,TRUCK,55912,MI,Rapid Red Metallic Tinted Clearcoat,Black Onyx,AUTOMATIC,4X4,GASOLINE,"{addr1: '323 E Main Street', city: 'Farmington', region: 'AR', postal_code: '72730', country: 'US'}"
1FT8W3BT2LEE99451,2020 Ford F-350SD Lariat,"Home OF The Lewis Guarantee This 2020 Ford F-350SD Lariat Super Duty delivers serious capability wrapped in refined luxury. Finished in black with a commanding presence, this diesel-powered workhorse combines the legendary 6.7L Power Stroke turbocharged V8 with premium comfort and technology that make every drive feel first-class. Key Features: - 6.7L V8 Diesel Turbocharged with 10-Speed Automatic and 4WD - Lariat Ultimate Package with premium appointments - Chrome Package including chrome step bars, bumpers, and mirror caps - B&O System by Bang & Olufsen with Sync 3 and voice-activated navigation - Power Heated/Ventilated Driver and Passenger Seats with Memory - LED Roof Clearance Lights and Fully Automatic Headlights - PowerScope Trailer Tow Mirrors with Heat and Memory - Remote Start System and Intelligent Access with Push-Button Start - Rear Parking Sensors and Exterior Parking Camera - 18"" Chrome Pvd Aluminum Wheels with LT275/70RX18E all-terrain tires This Super Duty shows approximately 100,000 miles, representing genuine, honest use. The truck presents in excellent condition with well-maintained exterior and interior that reflect careful ownership. Under the hood and throughout, you'll find quality and attention to detail. You're buying with confidence here. This vehicle is certified and backed by a 3-year/36,000-mile warranty. We sweeten the deal with 1 year of free oil changes and free tire rotations to keep your investment running strong. Don't miss this exceptional F-350SD. Visit us today and discover why this truck sets the standard for Super Duty performance and luxury in one impressive package.",available,used,51461.00 USD,https://www.thatguythatsellscars.com/inventory/3012086,https://pictures.web.dealer.com/l/lewisfordfd/1162/3a1da26d753f5d7eaac0804847508094x.jpg,1FT8W3BT2LEE99451,2020,Ford,F-350SD,Lariat,TRUCK,99958,MI,Black Metallic,Black,AUTOMATIC,4X4,DIESEL,"{addr1: '323 E Main Street', city: 'Farmington', region: 'AR', postal_code: '72730', country: 'US'}"
1GCPYFED0MZ309779,2021 Chevrolet Silverado 1500 LT Trail Boss,"This 2021 Chevrolet Silverado 1500 LT Trail Boss delivers commanding presence and proven capability. The striking blue exterior paired with bold 20-inch high gloss black painted aluminum wheels creates an impressive stance, while the EcoTec3 5.3L V8 engine combined with 10-speed automatic transmission and 4WD ensures confident performance on any terrain. With moderate fuel economy at 16 city and 21 highway miles per gallon, this one-owner truck balances power with practicality. **Key Features:** - 1 year free oil changes and 1 year free tire rotation - 3-year/36,000-mile warranty - Integrated trailer brake controller with trailering package - Convenience Package II - Premium Bose 7-speaker sound system with SiriusXM - Chevrolet Infotainment 3 Plus system with wireless phone projection - Dual-zone automatic climate control with heated steering wheel - 10-way power driver seat with lumbar support - EZ Lift power lock and release tailgate - Hill descent control and off-road suspension The truck presents in excellent condition with low mileage at just over 72,000 miles, reflecting careful ownership. Original equipment and well-maintained systems underscore its reliability and value. Don't miss this capable Trail Bossâ""visit us today to experience its rugged design, premium comfort, and impressive towing capability firsthand.",available,used,36196.00 USD,https://www.thatguythatsellscars.com/inventory/3012088,https://pictures.web.dealer.com/l/lewischryslerdodgecllc/0443/d23f0edc4b52d7ce3e970d92c80d3988x.jpg,1GCPYFED0MZ309779,2021,Chevrolet,Silverado 1500,LT Trail Boss,TRUCK,72464,MI,Northsky Blue Metallic,Jet Black,AUTOMATIC,4X4,GASOLINE,"{addr1: '323 E Main Street', city: 'Farmington', region: 'AR', postal_code: '72730', country: 'US'}"
2C3CDZBT3PH686204,2023 Dodge Challenger R/T,Torred Clearcoat 2023 Dodge Challenger R/T RWD Tremec 6-Speed Manual Hemi 5.7L V8 Vvt,available,used,33770.00 USD,https://www.thatguythatsellscars.com/inventory/3012700,https://pictures.web.dealer.com/s/springdalefordfd/0870/91ae5e669b316be17436b615d23cd4c2x.jpg,2C3CDZBT3PH686204,2023,Dodge,Challenger,R/T,COUPE,42407,MI,Torred Clearcoat,Black,MANUAL,RWD,GASOLINE,"{addr1: '323 E Main Street', city: 'Farmington', region: 'AR', postal_code: '72730', country: 'US'}"
2FMPK3G9XKBB31240,2019 Ford Edge SE,"Home OF The Lewis Guarantee This 2019 Ford Edge SE combines practical family-friendly design with efficient everyday performance. With just over 28,700 miles, this gray crossover delivers dependable transportation and a spacious interior perfect for active households. Key Features: - 1 Year Free Oil Changes - 1 Year Free Tire Rotation - 5-Year/60,000-Mile Warranty - Sync Communications & Entertainment System with SiriusXM Radio - Power windows, locks, and mirrors with auto-dimming rear-view mirror - 18"" Sparkle Silver-Painted Aluminum Wheels - Dual front impact and side impact airbags with knee airbag - Electronic Stability Control and traction control - Four-wheel independent suspension - Rain-sensing wipers with rear window wiper The Edge SE is outfitted with comfortable cloth bucket seats and a split-folding rear seat to maximize versatility. Convenience features include remote keyless entry, steering wheel-mounted audio controls, telescoping steering wheel, and an illuminated entry system. The EcoBoost 2.0L turbocharged engine delivers 22 city and 29 highway mpg, balancing power with fuel efficiency on both quick trips and longer drives. This Edge has been well-maintained and is ready to serve your family with confidence. Visit our showroom today to take this dependable crossover for a test drive and see why it's the right choice for your next vehicle.",available,used,17625.00 USD,https://www.thatguythatsellscars.com/inventory/3025682,https://pictures.web.dealer.com/l/lewisfordfd/0824/e2015cd9c66f27b6db6d20897960cb87x.jpg,2FMPK3G9XKBB31240,2019,Ford,Edge,SE,SUV,28719,MI,Magnetic,Ebony,AUTOMATIC,FWD,GASOLINE,"{addr1: '323 E Main Street', city: 'Farmington', region: 'AR', postal_code: '72730', country: 'US'}"
4S4BTGUD2R3265788,2024 Subaru Outback Wilderness,"Home OF The Lewis Guarantee - 1 Year Free Oil Changes - 1 Year Free Tire Rotation - 5 Year/60,000 Mile Warranty - Auto-Dimming Exterior Mirror with Approach Light - Power Moonroof with Auto-Open/Close - Subaru Starlink 11.6"" Multimedia Navigation System - Reverse Automatic Braking System - Heated Front and Rear Seats - 576 Watt Harman/Kardon Surround Sound System with 12 Speakers - SiriusXM 360L Platinum (4 Months Free Trial) - Android Auto and Apple CarPlay with Wireless Connection - LED Headlight Upgrade - Four-Wheel Independent Suspension - Roof Rack with Splash Guards This 2024 Subaru Outback Wilderness in gray combines durability with versatile daily capability. The 2.4L Dohc engine paired with the Cvt Lineartronic transmission and all-wheel drive delivers reliable performance across varied driving conditions. With an Epa rating of 21 city and 26 highway miles per gallon, this vehicle balances efficiency with the capability you need for both routine commutes and weekend adventures. The Wilderness trim recognizes that protection matters. You'll find door scuff protectors, rear seat back protector, cargo sidewall protector, splash guards, and a windshield sunshade all included to help preserve your investment. The power liftgate makes loading and unloading convenient, while the roof rack accommodates your gear. Technology enhances every drive with the Subaru Starlink 11.6-inch touchscreen featuring voice-activated controls and TomTom navigation with What3Words integration. The system supports both Android Auto and Apple CarPlay via wireless connection, ensuring seamless smartphone integration. SiriusXM 360L Platinum includes a four-month free trial, giving you access to satellite radio, traffic, and travel link services. Interior comfort is thoughtfully designed with heated front and rear seats, a heated steering wheel, and automatic dual-zone climate control with rear window defroster. The 576-watt Harman/Kardon audio system with 12 speakers creates a refined listening environment for your drive. Front bucket seats with power adjustment and a split-folding rear seat provide flexibility for passengers and cargo. Safety systems work in the background for your peace of mind. The Reverse Automatic Braking system helps prevent collisions, while electronic stability control, traction control, four-wheel disc brakes with ABS, and a comprehensive airbag system protect occupants. The Starlink Safety Plus emergency communication system includes a three-year free trial, connecting you to help when needed. The dealer-applied maintenance package includes one year of free oil changes and one year of free tire rotations, helping you maintain peak performance. The five-year, 60,000-mile warranty provides confidence in your purchase. Come experience this capable Outback Wilderness today and discover how it strengthens your connection to the road.",available,used,32129.00 USD,https://www.thatguythatsellscars.com/inventory/3012084,https://pictures.web.dealer.com/l/lewisfordfd/0268/55f1c490e80308fbd813c1385d47fe0ex.jpg,4S4BTGUD2R3265788,2024,Subaru,Outback,Wilderness,SUV,32588,MI,Magnetite Gray Metallic,Gray,AUTOMATIC,AWD,GASOLINE,"{addr1: '323 E Main Street', city: 'Farmington', region: 'AR', postal_code: '72730', country: 'US'}"
1FTFW1ED1PFC97944,2023 Ford F-150 XLT,"This 2023 Ford F-150 Xlt combines capability, efficiency, and comfort in a package ready for work or weekend adventures. Finished in blue with a well-maintained interior, this locally owned truck delivers hybrid performance with the 3.5L PowerBoost V6 and 10-speed automatic transmission. With just 37,581 miles, it remains in excellent condition and backed by a 5-year/60,000-mile warranty. - Equipment Group 302A High - Pro Power Onboard â"" 7.2KW - Max Trailer Tow Package with Pro Trailer Backup Assist & Pro Trailer Hitch Assist - Power-Sliding Rear Window - 20"" Chrome-Like Pvd Wheels - Tough Bed Spray-In Bedliner with Bed Utility Package - Sync 4 with Enhanced Voice Recognition - Heated Front Seats with 10-Way Power Driver Adjustment - Exterior Parking Camera Rear - Class IV Trailer Hitch Receiver with Integrated Trailer Brake Controller This truck has been carefully maintained and shows minimal wear throughout. The hybrid powertrain delivers 23 mpg in both city and highway driving, making it efficient without sacrificing the power F-150 buyers expect. Interior features include dual-zone climate control, heated power mirrors, and all the convenience amenities you need for daily driving or long hauls. Come see this F-150 Xlt in person and experience the quality build, technology, and performance that makes Ford's number-one truck the right choice for your needs.",available,used,39870.00 USD,https://www.thatguythatsellscars.com/inventory/3011323,https://pictures.web.dealer.com/s/springdalefordfd/0700/3115a6641d62b784f66dc54a2fd95c00x.jpg,1FTFW1ED1PFC97944,2023,Ford,F-150,XLT,TRUCK,37581,MI,Blue Metallic,Black W/Medium Dark Slate,AUTOMATIC,4X4,HYBRID,"{addr1: '323 E Main Street', city: 'Farmington', region: 'AR', postal_code: '72730', country: 'US'}"
3GKALMEG7RL153388,2024 GMC Terrain SLE,"Home OF The Lewis Guarantee This 2024 Gmc Terrain Sle delivers practical value and reliable performance for everyday driving. With its 1.5L Dohc engine paired with a 9-speed automatic transmission and front-wheel drive, this white Suv achieves solid efficiency at 24 city and 29 highway MPG. At 49,012 miles, you're looking at a vehicle that's been well cared for and ready for years ahead. Key Features: - 1 Year Free Oil Changes - 1 Year Free Tire Rotation - 5-Year/60,000-Mile Warranty - Wireless Apple CarPlay and Android Auto - Gmc Infotainment Audio System with 7"" Display - SiriusXM Satellite Radio - Backup Camera - Electronic Stability Control and Traction Control - OnStar Emergency Communication System The Terrain Sle comes equipped with modern conveniences including Bluetooth phone connectivity, steering wheel-mounted audio controls, and dual USB data ports. The cabin features premium cloth seating with a split-folding rear seat for flexibility, automatic temperature control, and remote keyless entry. Safety is prioritized with dual front and side airbags, four-wheel disc brakes with ABS, and a comprehensive suite of electronic stability features. This Suv combines everyday practicality with the confidence of Gmc quality. Come experience the Terrain Sle for yourself and discover why it's an excellent choice for drivers seeking dependable transportation with modern technology.",available,used,22605.00 USD,https://www.thatguythatsellscars.com/inventory/3012695,https://pictures.web.dealer.com/l/lewisfordfd/1959/0a6a30725f9e16ad629354f5fc845c2fx.jpg,3GKALMEG7RL153388,2024,GMC,Terrain,SLE,SUV,49012,MI,Summit White,Black,AUTOMATIC,FWD,GASOLINE,"{addr1: '323 E Main Street', city: 'Farmington', region: 'AR', postal_code: '72730', country: 'US'}"
3GNAXUEG8RL330277,2024 Chevrolet Equinox LT,"Home OF The Lewis Guarantee This 2024 Chevrolet Equinox LT in white offers reliable everyday performance with all-wheel drive capability. The 1.5L Dohc engine paired with a 6-speed automatic transmission delivers solid efficiency, achieving 24 city and 30 highway MPG to help you get more from each fill-up. - 1 Year Free Oil Changes - 1 Year Free Tire Rotation - 3 Year/36,000 Mile Warranty - Chevrolet Infotainment 3 System with AM/FM Radio - SiriusXM Satellite Radio - BluetoothÂ® Phone Connectivity - Automatic Temperature Control with Front Dual Zone A/C - Heated Driver and Front Passenger Seats - 8-Way Power Driver Seat with 2-Way Lumbar Control - Power Liftgate - Remote Keyless Entry - Fully Automatic Headlights with Auto High-Beam - 17"" Alloy Wheels - Backup Camera The cabin provides comfort for daily commuting and longer drives. Heated front seats and front dual zone automatic climate control let each occupant find their preferred temperature. The 8-way power driver seat with lumbar adjustment and telescoping steering wheel help you dial in the perfect driving position. Technology keeps you connected and informed. The Chevrolet Infotainment 3 system with an AM/FM radio and SiriusXM satellite radio offers entertainment options throughout your day. Bluetooth connectivity keeps your phone paired for hands-free calling and steering wheel mounted audio controls maintain focus on the road. Safety is built in with four-wheel independent suspension, electronic stability control, and traction control working together for confident handling. Four-wheel disc brakes with ABS provide reliable stopping power, while dual front impact airbags and side impact airbags protect occupants across multiple seating positions. Practical features enhance daily convenience. The power liftgate opens with the push of a button, the rear window wiper handles inclement weather, and variably intermittent wipers adapt to rainfall. USB charging ports keep your devices ready, while the trip computer and outside temperature display provide useful information at a glance. This Equinox LT is ready for your next chapter. Visit us to take the wheel and discover why this vehicle serves drivers seeking dependable transportation with genuine value and care.",available,used,22718.00 USD,https://www.thatguythatsellscars.com/inventory/3013332,https://pictures.web.dealer.com/l/lewisfordfd/1677/41c1d7021e94ae9056715fe0b319a90ex.jpg,3GNAXUEG8RL330277,2024,Chevrolet,Equinox,LT,SUV,53002,MI,Summit White,Black,AUTOMATIC,AWD,GASOLINE,"{addr1: '323 E Main Street', city: 'Farmington', region: 'AR', postal_code: '72730', country: 'US'}"
1FTFW4L54SFA26611,2025 Ford F-150 Tremor,"Home OF The Lewis Guarantee This 2025 Ford F-150 Tremor delivers power and capability with its 5.0L V8 engine paired with a 10-speed automatic transmission and 4WD. The gray exterior presents a bold, professional appearance, while the truck is equipped with premium features designed for both work and comfort on every drive. Key Features: - 1 Year Free Oil Changes - 1 Year Free Tire Rotation - 5YR/60,000 Mile Warranty - Tough Bed Spray-In Bedliner - BlueCruise Equipped (1-Year Plan) - Mobile Office Package - B&O Sound System by Bang & Olufsen - Sync 4 w/Enhanced Voice Recognition - Connected Navigation System - Wireless Charging This Tremor is equipped with modern technology and driver conveniences including automatic temperature control with front dual-zone air conditioning, power seats with heating capability, and remote keyless entry. The interior features a sport cloth front seat with power controls, while heated door mirrors and auto-dimming capability enhance functionality. Safety features include electronic stability control, traction control, automatic high-beam headlights, and a comprehensive airbag system. The 18-inch alloy wheels with dark matte finish add distinctive style. With 17 city and 22 highway mpg, this F-150 Tremor balances performance with efficiency. Come experience this capable truck in person and discover why it's the right choice for your needs.",available,used,59115.00 USD,https://www.thatguythatsellscars.com/inventory/3014940,https://pictures.web.dealer.com/l/lewisfordfd/0735/961b41307c6cf345812e7627fc3ce896x.jpg,1FTFW4L54SFA26611,2025,Ford,F-150,Tremor,TRUCK,21571,MI,Gray Metallic,Black,AUTOMATIC,4X4,GASOLINE,"{addr1: '323 E Main Street', city: 'Farmington', region: 'AR', postal_code: '72730', country: 'US'}"
3FTTW8BA0SRA35933,2025 Ford Maverick XL,"Meet the 2025 Ford Maverick XL, a versatile compact pickup built for modern truck owners. This like new, locally owned Maverick has been well maintained and is ready to tackle your next adventure. With its EcoBoost 2.0L turbocharged engine delivering 22 city and 30 highway mpg, you gain excellent fuel efficiency without sacrificing capability. - Like New - Locally Owned - Well Maintained - Equipment Group 102A - Front & Rear Floor Liners - Sync 4 with Enhanced Voice Recognition - Apple CarPlay and Android Auto - Pre-Collision Assist with Automatic Emergency Braking - Rear-View Camera - 5-Year/60,000-Mile Warranty The Maverick XL is equipped with all the comfort and convenience features you need for daily driving. Sync 4 infotainment with voice recognition puts navigation, music, and climate control at your fingertips. The truck includes a rear-view camera, Apple CarPlay and Android Auto integration, and SiriusXM satellite radio to keep you connected. Plus, the comprehensive safety suite features Pre-Collision Assist with automatic emergency braking, electronic stability control, and multiple airbags for added peace of mind. This white Maverick delivers the reliability and functionality truck buyers demand. Stop by today to see this exceptional XL model in person and experience its blend of efficiency and practicality firsthand.",available,used,28640.00 USD,https://www.thatguythatsellscars.com/inventory/3012082,https://pictures.web.dealer.com/s/springdalefordfd/0312/b73683bb3d92802569e9ebe78b9cf505x.jpg,3FTTW8BA0SRA35933,2025,Ford,Maverick,XL,TRUCK,7819,MI,White Metallic,Black Onyx/Dark Slate,AUTOMATIC,AWD,GASOLINE,"{addr1: '323 E Main Street', city: 'Farmington', region: 'AR', postal_code: '72730', country: 'US'}"
JTJAM7BX4M5280099,2021 LEXUS GX 460,"This stunning 2021 Lexus GX 460 in white combines luxury, capability, and refinement in a full-size Suv built for those who demand excellence. With comprehensive maintenance records and thoughtful features throughout, this vehicle represents an exceptional opportunity to own a Lexus known for durability and dependability. - 4.6L V8 Dohc engine with 6-speed automatic transmission and 4WD - 1 year of complimentary oil changes and tire rotations - 3-year/36,000-mile warranty coverage - New tires installed - Premium Package with Navigation Package - Dual front and rear heated seats with ventilation - Dual-zone climate control with rear automatic air conditioning - Safety Connect emergency communication system with intuitive parking assist - LED front fog and driving lamps with headlamp washers - Premium NuLuxe seat trim with power-adjustable front seats The GX 460 presents itself with a well-maintained history and attention to detail. The premium paint exterior is paired with heated power mirrors, illuminated running boards, and an integrated garage door transmitter. Inside, the three-row seating accommodates up to eight passengers with split-folding rear seats, while the tonneau cover protects cargo area contents. Climate management includes front and rear heated seats, windshield de-icer, and automatic temperature control throughout. This vehicle features comprehensive safety technology including dual front and side impact airbags, electronic stability control, traction control, and low tire pressure warning. The auto-dimming rearview mirror, rear parking camera, and rain-sensing wipers enhance everyday convenience. Visit us today to experience the commanding presence and refined performance of this exceptional 2021 Lexus GX 460.",available,used,42069.00 USD,https://www.thatguythatsellscars.com/inventory/3014944,https://pictures.web.dealer.com/l/lewischryslerdodgecllc/1343/f04611ec15682aaa1095fcbd31a660fex.jpg,JTJAM7BX4M5280099,2021,LEXUS,GX,460,SUV,71480,MI,Starfire Pearl,Sepia,AUTOMATIC,4X4,GASOLINE,"{addr1: '323 E Main Street', city: 'Farmington', region: 'AR', postal_code: '72730', country: 'US'}"
KL8CD6SA3NC027590,2022 Chevrolet Spark 1LT,"This sharp 2022 Chevrolet Spark 1LT delivers exceptional value and dependability in a compact, fuel-efficient package. With just over 71,000 miles, this locally owned, one-owner vehicle has been meticulously maintained and is ready for its next chapter. The crisp white exterior pairs beautifully with a well-appointed interior designed for comfort and convenience on every drive. Powered by a 1.4L Dohc engine with Cvt transmission, this Spark achieves an impressive 30 city and 38 highway MPG, making it ideal for budget-conscious drivers. The front-wheel-drive platform ensures confident handling, while the responsive steering and electronic cruise control enhance your driving experience. **Key Features:** - 6-Speaker Audio System with SiriusXM Radio - Apple CarPlay/Android Auto Integration - Remote Keyless Entry with Panic Alarm - Power Windows and Power Door Locks - Heated Body-Color Manual Folding Mirrors - Electronic Stability Control and Traction Control - Rear Parking Camera - Steering Wheel Mounted Audio Controls - Split Folding Rear Seats - Air Conditioning and Rear Window Defroster The interior combines practicality with comfort, featuring front bucket seats with driver and passenger armrests, a tilt steering wheel, and comprehensive climate control. Safety is prioritized with dual front airbags, side impact airbags, brake assist, and OnStar emergency communication capabilities. This vehicle comes backed by a 3-year/36,000-mile warranty and includes complimentary oil changes and tire rotation for one year, demonstrating our commitment to your ownership satisfaction. Visit our showroom today to experience this reliable Spark firsthand and discover why it's the smart choice for efficient, dependable transportation.",available,used,15748.00 USD,https://www.thatguythatsellscars.com/inventory/3014950,https://pictures.web.dealer.com/l/lewischryslerdodgecllc/1505/1806ba21b76f5a31edccbf11c8f5024fx.jpg,KL8CD6SA3NC027590,2022,Chevrolet,Spark,1LT,HATCHBACK,71122,MI,Summit White,Jet Black/Dark Anderson Silver Metallic,AUTOMATIC,FWD,GASOLINE,"{addr1: '323 E Main Street', city: 'Farmington', region: 'AR', postal_code: '72730', country: 'US'}"
1C4RJFAGXLC293105,2020 Jeep Grand Cherokee Altitude,"Home OF The Lewis Guarantee This 2020 Jeep Grand Cherokee Altitude in Gray delivers capability and comfort for drivers ready to explore new terrain. With a 3.6L V6 engine paired with an 8-speed automatic transmission and 4WD, this model provides responsive performance and reliable handling in diverse driving conditions. Achieving 18 city and 25 highway mpg, this Grand Cherokee balances power with efficiency. Key Features: - Power Sunroof - Uconnect 4C Navigation with 8.4"" Touchscreen Display - Apple CarPlay and Android Auto - ParkView Rear Back-Up Camera - Integrated Voice Command with Bluetooth - 4G Lte Wi-Fi Hot Spot - SiriusXM Satellite Radio with Trial Services - Automatic Temperature Control with Front Dual Zone A/C - Electronic Stability Control and Traction Control - Security & Convenience Group The Altitude trim combines premium features with practical design. The spacious interior includes cloth bucket seats with power adjustments, rear seat center armrest, and split folding rear seat for flexible cargo arrangements. Climate control systems, heated door mirrors, and illuminated entry enhance daily convenience. Advanced safety features include electronic stability control, four-wheel independent suspension, and multiple airbags for comprehensive protection. We're confident you'll appreciate the thoughtful engineering and attention to detail throughout this Grand Cherokee. Visit us today to experience the quality and capability this vehicle offers firsthand.",available,used,25052.00 USD,https://www.thatguythatsellscars.com/inventory/3015808,https://pictures.web.dealer.com/l/lewisfordfd/1580/e037e54cec1c8ed934b37007df9ee4cfx.jpg,1C4RJFAGXLC293105,2020,Jeep,Grand Cherokee,Altitude,SUV,46670,MI,Granite Crystal Metallic Clearcoat,Black,AUTOMATIC,4X4,GASOLINE,"{addr1: '323 E Main Street', city: 'Farmington', region: 'AR', postal_code: '72730', country: 'US'}"
19XFL2H87TE007630,2026 Honda Civic Sport,"Meet the 2026 Honda Civic Sport, a refined compact car that blends efficiency, reliability, and modern technology. This locally owned, one-owner vehicle has been meticulously maintained and represents an excellent opportunity to own a Honda with genuine peace of mind. With just 6,977 miles, this bright red Sport delivers the dependable performance Honda drivers expect. Key Features: - 2.0L I4 Dohc engine with Cvt achieving 30 city/38 highway MPG - 1 year free oil changes and 1 year free tire rotation - 5-year/60,000-mile warranty - Apple CarPlay and Android Auto integration - Adaptive Cruise Control with Low-Speed Follow - Lane Keeping Assist System - Blind Spot Information System - Remote keyless entry with illuminated entry - 18"" gloss black alloy wheels - Rear parking camera This Sport arrives in excellent condition, showing the care of a single owner who prioritized regular maintenance throughout ownership. The low mileage reflects primarily local driving, making this an ideal choice for buyers seeking a nearly new vehicle with proven reliability. This vehicle is certified, providing you with added assurance of quality and roadworthiness. The comprehensive warranty coverage extends your ownership experience with valuable protection. The 2026 Civic Sport awaits your test drive. Come experience this exceptional compact car firsthand and discover why Honda continues to set the standard for reliability and driver satisfaction.",available,used,29557.00 USD,https://www.thatguythatsellscars.com/inventory/3015815,https://pictures.web.dealer.com/l/lewischryslerdodgecllc/1402/8d8ebfee175a4cc2e3da4ec5b7cc1794x.jpg,19XFL2H87TE007630,2026,Honda,Civic,Sport,HATCHBACK,5312,MI,Rallye Red,Black,AUTOMATIC,FWD,GASOLINE,"{addr1: '323 E Main Street', city: 'Farmington', region: 'AR', postal_code: '72730', country: 'US'}"
1C4RJFBG3NC124514,2022 Jeep Grand Cherokee WK Limited,"This stunning 2022 Jeep Grand Cherokee WK Limited combines refined capability with premium comfort. Finished in crisp white with an impressive 3.6L V6 engine and 4WD, this one-owner vehicle has been meticulously maintained and is ready for adventure. With an Epa rating of 18 city and 25 highway MPG, you'll enjoy solid efficiency without compromising power. Key Features: - 1 Year Free Oil Changes - 1 Year Free Tire Rotation - 6-Month/6,000-Mile Warranty - Dual-Pane Panoramic Sunroof - Navigation System with Uconnect 4C Nav 8.4"" Display - Premium Alpine Speaker System with 506-Watt Amplifier - Bi-Xenon High-Intensity Discharge Headlamps with Auto High Beam Control - Front LED Fog Lamps - 20"" Polished/Tech Gray Aluminum Wheels - Active Noise Control System This locally owned Grand Cherokee showcases exceptional care with its well-maintained history and single-owner background. The interior features heated leather-trimmed bucket seats, a heated steering wheel, and dual-zone automatic climate control for year-round comfort. Advanced technology includes Apple CarPlay/Android Auto compatibility, SiriusXM Emergency Communication, and a ParkView rear back-up camera to enhance your daily drive. Safety is paramount with dual front airbags, side impact airbags, knee airbags, emergency communication capability, and electronic stability control working together to protect you and your passengers. The vehicle also includes anti-whiplash front head restraints and a comprehensive airbag system throughout. Don't miss this exceptional Grand Cherokee. Visit our showroom today to experience its powerful performance and luxurious appointments firsthand.",available,used,22778.00 USD,https://www.thatguythatsellscars.com/inventory/3015787,https://pictures.web.dealer.com/l/lewischryslerdodgecllc/0987/b26e7cc87f623c5601726d841a7a8298x.jpg,1C4RJFBG3NC124514,2022,Jeep,Grand Cherokee WK,Limited,SUV,117709,MI,Bright White Clearcoat,Black,AUTOMATIC,4X4,GASOLINE,"{addr1: '323 E Main Street', city: 'Farmington', region: 'AR', postal_code: '72730', country: 'US'}"
7MMVAADW9TN145696,2026 Mazda CX-50 Hybrid Premium,"Certified. 5YR/60,000 Mile Warranty, 1 Year Free Oil Changes, 1 Year Free Tire Rotation, Locally Owned, One Owner, 2.5L 4-Cylinder, AppLink/Apple CarPlay and Android Auto. Soul Red Crystal Metallic 2026 Mazda CX-50 Hybrid Premium AWD Cvt 2.5L 4-Cylinder 39/37 City/Highway MPG Certification Program Details: Lewis Automotive Guarantee",available,used,35682.00 USD,https://www.thatguythatsellscars.com/inventory/3015809,https://pictures.web.dealer.com/l/lewischryslerdodgecllc/1762/177358396e993ad20c7061f275a7a4b2x.jpg,7MMVAADW9TN145696,2026,Mazda,CX-50 Hybrid,Premium,SUV,21949,MI,Soul Red Crystal Metallic,Black,AUTOMATIC,AWD,HYBRID,"{addr1: '323 E Main Street', city: 'Farmington', region: 'AR', postal_code: '72730', country: 'US'}"
1C6SRFLT4PN646962,2023 Ram 1500 Rebel,"This 2023 Ram 1500 Rebel in striking red delivers commanding presence with its bold design and proven capability. Powered by the legendary Hemi 5.7L V8 engine paired with an 8-speed automatic transmission and 4WD, this truck combines performance with confidence. With approximately 2.4 years of ownership and 47,833 miles, this well-maintained Rebel has been locally owned and carefully preserved. Key Features: - Hemi 5.7L V8 with eTorque technology - 4WD with Electric Shift-On-Demand Transfer Case - Uconnect 5 Navigation with 12.0"" touchscreen display - Apple CarPlay and Google Android Auto compatibility - Harman/Kardon 19-speaker premium sound system - Advanced safety technology with adaptive cruise control, lane keep assist, and surround view camera - RamBox Cargo Management System with Class IV receiver hitch - Heated front and second-row seats with power 8-way driver seat adjustment - Blind spot and cross-path detection - Mopar black tubular side steps and Night Edition styling This truck shows excellent condition throughout, reflecting its local ownership history and consistent maintenance. Every system has been kept in working order with regular care and attention to detail. We stand behind this vehicle with our comprehensive warranty coverage. A 5-year/60,000-mile warranty provides peace of mind, while complimentary oil changes and tire rotations for one year help keep your new truck running strong. Visit us today to experience the power, comfort, and capability of this exceptional 2023 Ram 1500 Rebel, and discover why truck buyers choose this proven platform.",available,used,45929.00 USD,https://www.thatguythatsellscars.com/inventory/3015796,https://pictures.web.dealer.com/l/lewischryslerdodgecllc/1062/1352a8d3b606df5316ef98294d67834dx.jpg,1C6SRFLT4PN646962,2023,Ram,1500,Rebel,TRUCK,48362,MI,Flame Red Clearcoat,Black,AUTOMATIC,4X4,GASOLINE,"{addr1: '323 E Main Street', city: 'Farmington', region: 'AR', postal_code: '72730', country: 'US'}"
JTENU5JR4P6207708,2023 Toyota 4Runner SR5 Premium,"This 2023 Toyota 4Runner SR5 Premium delivers capable, family-friendly performance with refined comfort and modern convenience. With just over 37,000 miles, this locally owned, single-owner vehicle has been meticulously maintained and comes backed by Toyota's quality assurance. The silver exterior presents a clean, professional appearance, while the robust 4.0L V6 engine paired with 4WD provides the reliability and capability this model is known for. Key Features: - One Owner, Locally Owned, Well Maintained - 1 Year Free Oil Changes & Tire Rotation - 5-Year/60,000-Mile Warranty - Moonroof with Tilt Up & Slide - Apple CarPlay & Android Auto Integration - Navigation System with Premium Audio - Heated Front Seats & Heated Outside Mirrors - SofTex Seat Trim with Split Fold-Flat Third Row - Garage Door Opener (HomeLink) - Emergency Safety Connect (1-Year Trial) The interior combines comfort and functionality with heated front bucket seats finished in premium SofTex material, a full-size moonroof for added openness, and the versatile split fold-flat third row that adapts to your cargo needs. The SR5 Premium Package elevates the experience with modern conveniences including a touchscreen navigation system, dual-zone climate control, and integrated smartphone compatibility through Apple CarPlay and Android Auto. Premium audio reproduction and SiriusXM satellite radio keep your drives entertaining. Safety and control come standard with electronic stability control, traction control, multiple airbags, a rearview camera, and Toyota's Safety Connect emergency communication system. The power-adjustable steering wheel, power driver and passenger seats, and remote keyless entry round out the convenience features that make everyday driving effortless. This 4Runner represents a smart choice for buyers seeking a dependable, well-equipped Suv. We invite you to visit our showroom to experience this vehicle firsthand and take it for a test drive.",available,used,45673.00 USD,https://www.thatguythatsellscars.com/inventory/3015780,https://pictures.web.dealer.com/l/lewischryslerdodgecllc/0722/8373f98800516cbdf49ffd2f438c4df6x.jpg,JTENU5JR4P6207708,2023,Toyota,4Runner,SR5 Premium,SUV,37037,MI,Classic Silver Metallic,Graphite,AUTOMATIC,4X4,GASOLINE,"{addr1: '323 E Main Street', city: 'Farmington', region: 'AR', postal_code: '72730', country: 'US'}"
1C4SDJCT3KC685038,2019 Dodge Durango R/T,"This 2019 Dodge Durango R/T delivers serious performance with its legendary Hemi 5.7L V8 engine paired with an 8-speed automatic transmission and all-wheel drive. Finished in striking Black, this three-row Suv combines muscle and practicality for families who refuse to compromise on capability. With an impressive list of premium amenities and safety features, this R/T is built for those who demand both power and refinement. Key Features: - Hemi 5.7L V8 Multi Displacement Vvt Engine with AWD - 8-Speed Automatic Transmission - Uconnect 4C Navigation System with 8.4"" Display - Apple CarPlay and Android Auto Integration - Leather Suede Bucket Seats with Heated Front and Rear Seating - Power Liftgate and Heated Steering Wheel - 20"" Satin Carbon Alloy Wheels - ParkView Rear Back-Up Camera - Electronic Stability Control and Brake Assist - Comprehensive Airbag System with Emergency Communication This Durango arrives locally owned and ready for its next chapter. The spacious three-row cabin features split-folding rear seats to maximize cargo versatility, while the climate control system keeps all passengers comfortable with front dual zone and rear air conditioning. Premium appointments like the heated door mirrors, auto-dimming rear-view mirror, and overhead console add daily convenience. We back your investment with confidence. This vehicle includes a 6-month/6,000-mile warranty, plus complimentary oil changes and tire rotations for a full yearâ""service backed by our commitment to your satisfaction. Don't miss this opportunity to own a Durango R/T that combines the raw power you crave with the family capability you need. Contact us today to schedule your test drive and experience the difference this premium Suv can make.",available,used,21275.00 USD,https://www.thatguythatsellscars.com/inventory/3016620,https://pictures.web.dealer.com/l/lewischryslerdodgecllc/0399/b32b36b50aa277bd7570415b92f30a93x.jpg,1C4SDJCT3KC685038,2019,Dodge,Durango,R/T,SUV,132009,MI,DB Black Crystal Clearcoat,Black,AUTOMATIC,AWD,GASOLINE,"{addr1: '323 E Main Street', city: 'Farmington', region: 'AR', postal_code: '72730', country: 'US'}"
1FTFW7L86TFA08530,2026 Ford F-150 Platinum,"Home OF The Lewis Guarantee This 2026 Ford F-150 Platinum delivers premium truck capability with sophisticated styling and advanced technology. Finished in Black with a 3.5L V6 EcoBoost engine paired to a 10-speed automatic transmission and 4WD, this Platinum model achieves an impressive 18 city and 23 highway MPG. With just over 5,000 miles, this truck is practically new and ready to work or play. The F-150 Platinum comes equipped with: - 1 Year Free Oil Changes - 1 Year Free Tire Rotation - 5YR/60,000 Mile Warranty - Ford Connectivity Package (1-Year Included) - Auto High-beam Headlights - Connected Navigation System - B&O Sound System by Bang and Olufsen - Equipment Group 701A Standard - Power-Deployable Running Boards - 20"" Painted Gloss Ebony Black Alloy Wheels This truck combines luxury with capability. The Platinum trim features multi-contour leather bucket seats with heating and ventilation, an auto-dimming rear-view mirror, heated steering wheel, and power adjustments throughout. You'll appreciate the Sync 4 infotainment system with 5G connectivity, automatic temperature control with dual front and rear zones, and advanced safety features including Electronic Stability Control, traction control, and multiple airbags. The F-150 Platinum is an outstanding choice for those seeking a full-size truck with upscale appointments and proven Ford reliability. Contact us today to schedule your test drive and experience this exceptional truck firsthand.",available,used,70769.00 USD,https://www.thatguythatsellscars.com/inventory/3016618,https://pictures.web.dealer.com/l/lewisfordfd/1655/a927b610a640c5b9eca0f248cdc51f46x.jpg,1FTFW7L86TFA08530,2026,Ford,F-150,Platinum,TRUCK,5002,MI,Black Metallic,Gray,AUTOMATIC,4X4,GASOLINE,"{addr1: '323 E Main Street', city: 'Farmington', region: 'AR', postal_code: '72730', country: 'US'}"
1FTFX1E58NKD75565,2022 Ford F-150 XLT,"This 2022 Ford F-150 Xlt Super Cab delivers capability and comfort with proven performance. Finished in silver with a well-maintained 5.0L V8 engine, this locally owned truck is ready for work or weekend adventures. With just over 52,000 miles and backed by a 3-year/36,000-mile warranty, you're getting a dependable truck built to last. Key Features: - 5.0L V8 Flex Fuel Engine - 4WD with 10-Speed Automatic Transmission - Super Cab Configuration - Equipment Group 302A High - Bed Utility Package - 18"" Chrome-Like Pvd Wheels with 3.31 Axle Ratio - Sync 4 Infotainment System - Rear Backup Camera - Remote Keyless Entry with Keypad - Electronic Stability Control & Traction Control This F-150 Xlt combines fuel efficiency with the power you needâ""delivering 16 city and 22 highway MPG. The cabin features comfortable cloth seating with a 40/20/40 front split, steering wheel audio controls, and all the conveniences you expect from Ford's trusted lineup. Safety features include dual front airbags, brake assist, and electronic stability control to keep you protected on every drive. Don't miss this opportunity to own a trusted truck with great warranty coverage. Visit us today to experience the F-150 Xlt difference firsthand.",available,used,37870.00 USD,https://www.thatguythatsellscars.com/inventory/3018669,https://pictures.web.dealer.com/s/springdalefordfd/1471/28f591ab8c5b55c9d574cec8ce1b756dx.jpg,1FTFX1E58NKD75565,2022,Ford,F-150,XLT,TRUCK,52375,MI,Iconic Silver Metallic,Black W/Medium Dark Slate,AUTOMATIC,4X4,FLEX,"{addr1: '323 E Main Street', city: 'Farmington', region: 'AR', postal_code: '72730', country: 'US'}"
1C6RR7ST6MS561270,2021 Ram 1500 Classic Tradesman,"Home OF The Lewis Guarantee This 2021 Ram 1500 Classic Tradesman delivers the capability and toughness you need for work or weekend adventures. Finished in white with 85,492 miles, this well-maintained truck combines the legendary performance of a Hemi 5.7L V8 engine with fuel-efficient 8-speed automatic transmission and sure-footed 4WD. With 15 city and 21 highway MPG, you get a powerful hauler that won't drain your wallet at the pump. Key Features: - 1 Year Free Oil Changes & Tire Rotation - 3-Year/36,000-Mile Warranty - Mopar Under Rail Box Bedliner - Trailer Tow Group with Power Black Mirrors - Protection Group - ParkView Rear Back-Up Camera - 2nd Row In-Floor Storage Bins - Heavy-Duty Engine Cooling with Active Grille Shutters - Uconnect 3 Infotainment System with 5"" Display - Class IV Receiver Hitch with Trailer Brake Control This truck shows excellent care throughout its service life. The Hemi engine runs strong, and the comprehensive maintenance history demonstrates the previous owner took pride in this vehicle. All systems function as designed, and the white exterior remains crisp and well-preserved. You're purchasing confidence with our included 3-year warranty covering major components. This added protection gives you peace of mind knowing you're backed by our commitment to quality. The Ram 1500 Classic Tradesman is ready to work hard and reward you with dependable service. Visit us today to take this powerful truck for a test drive and feel the difference of genuine Ram capability.",available,used,23754.00 USD,https://www.thatguythatsellscars.com/inventory/3016624,https://pictures.web.dealer.com/l/lewisfordfd/0448/f921ba90b093963bee594286978baa8bx.jpg,1C6RR7ST6MS561270,2021,Ram,1500 Classic,Tradesman,TRUCK,85492,MI,Bright White Clearcoat,Diesel Gray/Black,AUTOMATIC,4X4,GASOLINE,"{addr1: '323 E Main Street', city: 'Farmington', region: 'AR', postal_code: '72730', country: 'US'}"
KL4CJASB4JB677275,2018 Buick Encore Preferred,"This 2018 Buick Encore Preferred delivers reliability and efficiency in a compact crossover designed for modern driving. Locally owned and maintained by one careful owner, this black beauty combines practical everyday performance with thoughtful amenities. With 25 city and 33 highway MPG, this turbocharged Ecotec 1.4L engine offers responsive driving while keeping fuel costs in check. **Key Features:** - Remote vehicle starter system - Apple CarPlay and Android Auto integration - SiriusXM satellite radio with AM/FM - Rear backup camera - 18-inch alloy wheels - Blind spot mirror - Rear window defroster and wiper - Emergency communication: OnStar Guidance - Electronic stability control and traction control - Air conditioning with rear defrost The interior showcases cloth seating with leatherette trim, front bucket seats, and a 6-way power driver seat for comfortable positioning. The cabin keeps you connected with steering wheel audio controls, a trip computer, and exterior temperature display. Dual front and side impact airbags, knee airbags, and overhead airbags provide comprehensive protection. The rear seat splits and folds for added cargo flexibility, while the roof rack with rails expands your carrying capacity. This well-maintained Encore is ready for your next chapter. Visit us today to test drive this dependable crossover and feel the difference quality ownership makes.",available,used,10241.00 USD,https://www.thatguythatsellscars.com/inventory/3015770,https://pictures.web.dealer.com/l/lewischryslerdodgecllc/1901/63830e13725d267e3dc1c372a9132242x.jpg,KL4CJASB4JB677275,2018,Buick,Encore,Preferred,SUV,154987,MI,Ebony Twilight Metallic,Ebony,AUTOMATIC,FWD,GASOLINE,"{addr1: '323 E Main Street', city: 'Farmington', region: 'AR', postal_code: '72730', country: 'US'}"
1GYS4EKL2MR220723,2021 Cadillac Escalade Sport,"This stunning 2021 Cadillac Escalade Sport delivers commanding presence and refined capability. Finished in bold black with a powerful 6.2L V8 engine and 4WD, this full-size luxury Suv combines performance with sophistication. Well-maintained and locally owned, it's ready to exceed your expectations. - 1 Year Free Oil Changes - 1 Year Free Tire Rotation - 3-Year/36,000-Mile Warranty - New Tires - Akg Studio 19-Speaker Audio System - Power Panoramic Tilt-Sliding Sunroof - Navigation System with Reconfigurable Head-Up Display - Integrated Trailer Brake Controller with Hitch Guidance - Automatic Emergency Braking with Lane Keep Assist - Enhanced Automatic Parking Assist This Escalade exhibits the care of an owner committed to maintenance and upkeep. Every detail has been preserved, from the exterior finish to the meticulously serviced mechanical systems. The foundation is solid, and the condition reflects pride of ownership throughout. Visit our showroom to experience this exceptional Escalade Sport firsthand and discover why it's the ultimate choice for luxury, capability, and dependable performance.",available,used,56484.00 USD,https://www.thatguythatsellscars.com/inventory/3017212,https://pictures.web.dealer.com/l/lewischryslerdodgecllc/1755/290a48437324f4b645d67b225fe2e74bx.jpg,1GYS4EKL2MR220723,2021,Cadillac,Escalade,Sport,SUV,83071,MI,Black Raven,Whisper Beige With Jet Black Accents,AUTOMATIC,4X4,GASOLINE,"{addr1: '323 E Main Street', city: 'Farmington', region: 'AR', postal_code: '72730', country: 'US'}"
1FTEW2LP8SKF38798,2025 Ford F-150 STX,"Meet the 2025 Ford F-150 STXâ""a powerful silver pickup engineered for capability and style. This 4WD truck combines the efficiency of a 2.7L V6 EcoBoost engine with a 10-speed automatic transmission, delivering 18 city and 24 highway MPG. With just over 11,000 miles, this Stx is practically new and ready to tackle your next project or adventure. Key Features: - 2.7L V6 EcoBoost with 10-Speed Automatic and 4WD - Sync 4 with Enhanced Voice Recognition and FordPass Connect 5G - Rear Parking Sensors and 4-Wheel Disc Brakes - Alloy 18"" Gloss Black Wheels - Electronic Stability Control and Traction Control - Power windows, locks, and mirrors - Dual front impact and side airbags - SiriusXM 360L satellite radio - Remote keyless entry and steering wheel audio controls - Auto high-beam headlights This F-150 Stx includes 1 year of free oil changes and tire rotations, plus a 5-year/60,000-mile warranty for complete peace of mind. The Stx package delivers premium styling with heated power mirrors, body-color bumpers, and a rear step bumper. Inside, enjoy comfortable front bucket seats, a split folding rear seat, and a fully equipped cabin with air conditioning, cruise control, and telescoping steering wheel. Visit us today to experience this exceptional truck firsthand. The 2025 F-150 Stx is ready to serve you with strength and reliability.",available,used,44663.00 USD,https://www.thatguythatsellscars.com/inventory/3017224,https://pictures.web.dealer.com/l/lewisfordfd/0102/72080538550e3d68f766bc4aafdf104ex.jpg,1FTEW2LP8SKF38798,2025,Ford,F-150,STX,TRUCK,11319,MI,Silver Metallic,Black,AUTOMATIC,4X4,GASOLINE,"{addr1: '323 E Main Street', city: 'Farmington', region: 'AR', postal_code: '72730', country: 'US'}"
1GKS2DKLXMR489241,2021 GMC Yukon Denali,"Home OF The Lewis Guarantee This 2021 Gmc Yukon Denali delivers commanding presence and premium capability in White Frost Tricoat. With just over 56,000 miles, this full-size Suv combines the power of an EcoTec3 6.2L V8 engine with sophisticated Denali-level appointments and advanced technology that makes every drive confident and refined. **Key Features:** - Dual-pane power panoramic sunroof - 22-inch bright machined aluminum wheels with premium paint - Power-sliding center floor console with drawer - Rear seat media system - Navigation system with Apple CarPlay and Android Auto - Heated and ventilated front seats with memory function - Magnetic Ride Control suspension with adaptive capabilities - 14-speaker Bose audio system with SiriusXM - Front and rear park assist with HD surround vision - Automatic emergency braking with lane keep assist This Yukon Denali is equipped with comprehensive safety features including automatic emergency braking, forward collision alert, rear cross traffic alert, and lane departure warning. The luxurious interior features perforated leather seating, heated rear seats, and a power-folding third-row bench. The advanced suspension system and premium audio deliver the refinement expected in a Denali. We're offering 1 year of free oil changes and tire rotations, plus a 3-year/36,000-mile warranty for additional peace of mind. Visit us today to experience the commanding drive and premium comfort this exceptional Yukon Denali provides.",available,used,51717.00 USD,https://www.thatguythatsellscars.com/inventory/3017837,https://pictures.web.dealer.com/l/lewisfordfd/0423/d6fcea3930291848e51e7fd0d3fc4345x.jpg,1GKS2DKLXMR489241,2021,GMC,Yukon,Denali,SUV,56798,MI,White Frost Tricoat,Teak/Light Shale,AUTOMATIC,4X4,GASOLINE,"{addr1: '323 E Main Street', city: 'Farmington', region: 'AR', postal_code: '72730', country: 'US'}"
KM8J33A43GU161245,2016 Hyundai Tucson SE,"This 2016 Hyundai Tucson SE delivers reliable performance and practical convenience for your daily drive. With a 2.0L Dohc engine paired with a 6-speed automatic transmission, this locally owned white crossover offers excellent fuel efficiency at 23 city and 31 highway MPG. Whether navigating city streets or highway commutes, the Tucson SE balances capability with comfort. Key Features: - 1 Year Free Oil Changes - 1 Year Free Tire Rotation - 6-Month/6,000-Mile Warranty - Roof Rack Cross Rails - Carpeted Floor Mats - SiriusXM-Ready Audio System - Power Windows and Door Locks - Exterior Parking Camera - Electronic Stability Control - Dual Front Airbags This well-maintained Tucson SE shows 127,508 miles and comes equipped with practical amenities including heated door mirrors, telescoping steering wheel, and power-adjustable driver's seat. The interior features front bucket seats with center armrest, rear seat center armrest, and split-folding rear seats for flexible cargo options. Climate control and automatic headlights enhance convenience throughout your journey. The 17-inch alloy wheels, rear window wiper, and integrated parking camera round out the practical package. Safety systems include four-wheel disc brakes with ABS, traction control, and anti-whiplash front head restraints, giving you confidence on every route. Stop by and experience this dependable Hyundai Tucson SE todayâ""it's ready to become your trusted companion on the road.",available,used,11885.00 USD,https://www.thatguythatsellscars.com/inventory/3017214,https://pictures.web.dealer.com/l/lewischryslerdodgecllc/1850/58cdb58dfbddfb84167c1051fc2c4f88x.jpg,KM8J33A43GU161245,2016,Hyundai,Tucson,SE,SUV,127519,MI,Dazzling White,Beige,AUTOMATIC,FWD,GASOLINE,"{addr1: '323 E Main Street', city: 'Farmington', region: 'AR', postal_code: '72730', country: 'US'}"
1FD8X3HT5MED26802,2021 Ford F-350SD XL,"Home OF The Lewis Guarantee This 2021 Ford F-350SD XL Super Duty delivers serious capability with a Power Stroke 6.7L V8 DI turbodiesel engine and 10-speed automatic transmission. Finished in white with a spacious cloth 40/20/40 split bench seat, this four-wheel-drive workhorse is built to handle demanding jobs with confidence and reliability. Key Features: - Power Stroke 6.7L V8 Diesel Turbocharged - 10-Speed Automatic 4WD - Limited Slip w/4.10 Axle Ratio - Platform Running Boards - Power Equipment Group - XL Value Package - Rear View Camera & Prep Kit - Sync Communications & Entertainment System - Remote Keyless Entry - Steering Wheel-Mounted Cruise Control This truck combines rugged durability with practical comfort features. The Power Equipment Group provides convenient power windows, locks, and steering, while the rear view camera with prep kit enhances safety during backing and towing operations. The Sync system keeps you connected, and steering wheel-mounted controls let you manage audio and cruise without taking your hands off the wheel. We're backing your purchase with 1 year of free oil changes, 1 year of free tire rotation, and a 3-year/36,000-mile warranty. This F-350SD represents genuine value for buyers serious about capability. Visit our showroom today to see this Super Duty in person and take it for a test drive.",available,used,44885.00 USD,https://www.thatguythatsellscars.com/inventory/3019589,https://pictures.web.dealer.com/l/lewisfordfd/0290/03d17c63188ec21cd3328ffc8c306bddx.jpg,1FD8X3HT5MED26802,2021,Ford,F-350SD,XL,TRUCK,89529,MI,Oxford White,Medium Earth Gray,AUTOMATIC,4X4,DIESEL,"{addr1: '323 E Main Street', city: 'Farmington', region: 'AR', postal_code: '72730', country: 'US'}"
1GTU9FEL5MZ417533,2021 GMC Sierra 1500 Denali,"This 2021 Gmc Sierra 1500 Denali delivers premium capability and refined comfort in a striking Blue exterior. Powered by the robust EcoTec3 6.2L V8 with 10-speed automatic transmission and 4WD capability, this truck is built for both work and weekend adventures. Well-maintained by its original owner and locally owned, it comes backed by a 3-year/36,000-mile warranty plus one year of complimentary oil changes and tire rotations. **Key Features:** - EcoTec3 6.2L V8 Engine with 10-Speed Automatic & 4WD - Denali Premium Package & Driver Alert Package II - ProGrade Trailering System with Integrated Trailer Brake Controller - Premium Gmc Infotainment System with Navigation - Heated & Ventilated Leather Front Seats with Power Adjusters - Power Sunroof - Spray-On Bed Liner with Denali Logo - Gmc MultiPro Power Steps and Chrome Assist Steps - Advanced Safety: Automatic Emergency Braking, Forward Collision Alert, Lane Keep Assist - 22"" Multi-Dimensional Polished Aluminum Wheels This truck showcases the quality you expect from the Denali nameplate. Interior appointments include premium Forge perforated leather seating, heated and ventilated front seats, wireless charging, and dual-zone automatic climate control. Exterior highlights feature the signature Denali grille, LED cargo lighting, and the MultiPro power steps for convenient access. Technology features include a navigation system, Apple CarPlay/Android Auto integration, 4G Lte Wi-Fi hotspot capability, and Gmc Connected Services. The advanced trailering package makes towing intuitive with integrated trailer brake control, hitch guidance with hitch view, and the in-vehicle trailering app. Safety technologies like adaptive cruise control, lane change alert with side blind zone detection, and ultrasonic parking assist provide confidence on every drive. We invite you to schedule a test drive and experience this exceptional Sierra 1500 Denali firsthand.",available,used,42834.00 USD,https://www.thatguythatsellscars.com/inventory/3018676,https://pictures.web.dealer.com/l/lewischryslerdodgecllc/1980/68f0b498d67e4a9a50cffa9c5a929f38x.jpg,1GTU9FEL5MZ417533,2021,GMC,Sierra 1500,Denali,TRUCK,75489,MI,Dark Sky Metallic,Jet Black,AUTOMATIC,4X4,GASOLINE,"{addr1: '323 E Main Street', city: 'Farmington', region: 'AR', postal_code: '72730', country: 'US'}"
5FNYG1H42SB181814,2025 Honda Pilot EX-L,"Home OF The Lewis Guarantee The 2025 Honda Pilot EX-L combines premium comfort with practical three-row versatility, finished in striking Black. With its powerful 3.5L V6 engine and responsive 10-speed automatic transmission paired with AWD, this Pilot delivers reliable performance for every adventure. This EX-L trim showcases luxury and convenience features including heated leather front bucket seats, front dual zone climate control, and a power liftgate for effortless cargo access. The comprehensive technology suite features Apple CarPlay and Android Auto integration, SiriusXM satellite radio with a 245-watt audio system, and HondaLink Assist emergency communication. Safety is prioritized with adaptive cruise control, lane keeping assist, blind spot information system, and a full array of airbags across all three rows. Additional highlights include 18-inch alloy wheels, heated door mirrors with power adjustment, auto high-beam headlights with delay-off functionality, HomeLink garage door transmitter, and electronic stability control with traction management. - 1 Year Free Oil Changes - 1 Year Free Tire Rotation - 5 Year/60,000 Mile Warranty - Heated Leather Front Seats - Adaptive Cruise Control with Low-Speed Follow - Lane Keeping Assist System - Apple CarPlay and Android Auto - Three-Row Split-Folding Seating - Blind Spot Information System - 245-Watt Premium Audio with SiriusXM With 19 city and 25 highway MPG, this low-mileage Pilot is ready to serve your family for years to come. Visit us today to experience the comfort, technology, and reliability that define Honda's three-row performance.",available,used,44859.00 USD,https://www.thatguythatsellscars.com/inventory/3016625,https://pictures.web.dealer.com/l/lewisfordfd/0759/1c15eb467d92299b52be3e72ee7b92c2x.jpg,5FNYG1H42SB181814,2025,Honda,Pilot,EX-L,SUV,11479,MI,Crystal Black Pearl,Black,AUTOMATIC,AWD,GASOLINE,"{addr1: '323 E Main Street', city: 'Farmington', region: 'AR', postal_code: '72730', country: 'US'}"
3C63R5EL4TG153829,2026 Ram 2500 Rebel,"Home OF The Lewis Guarantee This 2026 Ram 2500 Rebel delivers commanding capability with its 6.7L I-6 Diesel Turbocharged engine paired with an 8-speed automatic transmission and 4WD. With low mileage at just over 25,000 miles, this gray truck is ready for work or weekend adventures. The Rebel trim brings aggressive styling and premium equipment designed for those who demand performance and presence. - 1 Year Free Oil Changes - 1 Year Free Tire Rotation - 5-Year/60,000-Mile Warranty - Rebel Level 1 Equipment Group - Towing Technology Group - 5th Wheel/Gooseneck Towing Prep Group - Uconnect 5 Navigation with 12.0"" Display and Apple CarPlay - Heated Front Seats and Power 8-Way Driver Seat - ParkView Rear Back-Up Camera with Center Stop Lamp - 20"" Black Diamond Cut Aluminum Wheels The truck is equipped with comprehensive towing technology and preparation for fifth-wheel or gooseneck applications, making it ideal for hauling heavy loads. Modern conveniences include SiriusXM with 360L satellite radio, heated door mirrors, automatic headlights, and front fog lights. The cabin features dual-zone automatic temperature control, a heated steering wheel, and remote keyless entry for everyday convenience. Safety systems include electronic stability control, traction control, dual front airbags, and comprehensive brake assist technology. This Ram 2500 Rebel represents a serious investment in truck capability and comfort. Visit us today to experience the power and refinement this premium diesel offers.",available,used,64369.00 USD,https://www.thatguythatsellscars.com/inventory/3020487,https://pictures.web.dealer.com/l/lewisfordfd/1165/01d1030c7ea086a52113859affbdca26x.jpg,3C63R5EL4TG153829,2026,Ram,2500,Rebel,TRUCK,25182,MI,Ceramic Gray Clearcoat,Black,AUTOMATIC,4X4,DIESEL,"{addr1: '323 E Main Street', city: 'Farmington', region: 'AR', postal_code: '72730', country: 'US'}"
1GNERKKW0PJ282578,2023 Chevrolet Traverse Premier,"Home OF The Lewis Guarantee This 2023 Chevrolet Traverse Premier is a versatile three-row Suv built to accommodate your family and gear with confidence. With its white exterior, 3.6L V6 engine, and nine-speed automatic transmission, this Traverse delivers a smooth driving experience while maintaining strong fuel efficiency at 18 city and 27 highway MPG. Features include: - Power liftgate - Heated and ventilated driver and front passenger seats - Heated second-row outboard position seats - Bose premium 10-speaker audio system with SiriusXM - Navigation system with Apple CarPlay and Android Auto - Chevrolet Infotainment 3 Plus system - 8-way power driver seat with memory - Rear parking camera - Dual-zone automatic climate control The Premier trim comes equipped with the Preferred Equipment Group 1LZ, enhancing your comfort and convenience on every drive. Electronic stability control and brake assist work together to provide confident handling in diverse conditions. Advanced safety features include dual front and side impact airbags, emergency communication system, and comprehensive anti-lock braking. With three years and 36,000 miles of warranty coverage, plus one year of complimentary oil changes and tire rotations, this Traverse is ready for your adventures.",available,used,31996.00 USD,https://www.thatguythatsellscars.com/inventory/3019583,https://pictures.web.dealer.com/l/lewisfordfd/0128/ac17286804c3e86e586c9343c2b764b7x.jpg,1GNERKKW0PJ282578,2023,Chevrolet,Traverse,Premier,SUV,80199,MI,Summit White,Black,AUTOMATIC,FWD,GASOLINE,"{addr1: '323 E Main Street', city: 'Farmington', region: 'AR', postal_code: '72730', country: 'US'}"
1FMDE7AH1RLB54255,2024 Ford Bronco Big Bend,"This 2024 Ford Bronco Big Bend is ready for adventure with its powerful 2.3L EcoBoost engine, 4WD capability, and striking Eruption Green Metallic finish. Well-maintained and with low mileage, this Suv combines rugged capability with modern convenience. Backed by a comprehensive 5-year/60,000-mile warranty, this vehicle is an excellent choice for those seeking reliability and performance. Key Features: - Ford Performance Heavy-Duty Modular Front Bumper - Equipment Group 222A Mid Package - Removable Hoop Step - 17"" Carbonized Gray-Painted Aluminum Wheels - Sync 4 with SiriusXM Radio and 360L - Convertible Hard Top - Front Row Heated Seats - Pre-Collision Assist with Automatic Emergency Braking - Rear-View Camera with Rear Parking Sensors - Blis Blind Spot Information System The Big Bend delivers impressive efficiency at 20 city and 21 highway MPG, paired with a smooth 10-speed automatic transmission. Premium touches include marine-grade vinyl bucket seats, dual-zone climate control, heated door mirrors, and a comprehensive suite of safety technologies including lane-keeping assist and electronic stability control. The removable hard top provides true open-air versatility while maintaining weather protection when needed. Visit us today to experience this well-maintained Bronco and discover why it's the perfect blend of capability, comfort, and confidence.",available,used,41670.00 USD,https://www.thatguythatsellscars.com/inventory/3019581,https://pictures.web.dealer.com/s/springdalefordfd/0211/a927b610a640c5b9eca0f248cdc51f46x.jpg,1FMDE7AH1RLB54255,2024,Ford,Bronco,Big Bend,SUV,14668,MI,Green Metallic,Dark Gray W/Black Onyx,AUTOMATIC,4X4,GASOLINE,"{addr1: '323 E Main Street', city: 'Farmington', region: 'AR', postal_code: '72730', country: 'US'}"
1GKKNLLS5MZ168022,2021 GMC Acadia AT4,"Certified. Priced below KBB Fair Purchase Price! 5YR/60,000 Mile Warranty, AT4, AWD, Jet Black Cloth. Satin Steel Metallic 2021 Gmc Acadia AT4 AWD 9-Speed Automatic 3.6L V6 Sidi Odometer is 826 miles below market average! 19/26 City/Highway MPG Certification Program Details: Lewis Automotive Guarantee",available,used,27194.00 USD,https://www.thatguythatsellscars.com/inventory/3018663,https://pictures.web.dealer.com/l/lewisfordfd/1103/c12eb53359e6ed088be079b03250cda5x.jpg,1GKKNLLS5MZ168022,2021,GMC,Acadia,AT4,SUV,49245,MI,Satin Steel Metallic,Jet Black,AUTOMATIC,AWD,GASOLINE,"{addr1: '323 E Main Street', city: 'Farmington', region: 'AR', postal_code: '72730', country: 'US'}"
1N6AD07U78C449653,2008 Nissan Frontier SE,"This locally owned 2008 Nissan Frontier SE I4 delivers dependable truck capability with practical features built to work hard. With a 4.0L V6 engine paired to a 5-speed automatic transmission, this pickup provides the power you need for hauling and towing. The black exterior presents a clean, professional appearance ready for work or weekend adventures. Key Features: - Tow Hitch Package - SE Value Truck Package - Bed Extender - Power Windows with Auto Down Feature - Remote Keyless Entry - Cruise Control - 16"" Alloy Wheels - Power Outside Mirrors - Power Door Locks - Vehicle Security System This truck combines comfort with utility. The front bucket seats with reclining capability and center armrest provide a comfortable driving position during long hours on the road. The split folding rear seat adds versatility for passengers or cargo management. Interior conveniences include a tilt steering wheel, power steering with speed-sensing capability, and an AM/FM/CD radio system to keep you entertained during your commute. Safety is engineered into every drive. Dual front impact airbags, anti-whiplash front head restraints, and occupant sensing technology work together to protect you and your passengers. Four-wheel disc brakes with ABS, along with a front anti-roll bar and independent front suspension, deliver responsive handling and stopping power. Come see this dependable Frontier and experience its blend of work-ready toughness and everyday practicality. Our team is ready to help you get behind the wheel.",available,used,11512.00 USD,https://www.thatguythatsellscars.com/inventory/3018662,https://pictures.web.dealer.com/l/lewischryslerdodgecllc/0400/f2ff5120fe70a6f06dce5e94d86d578bx.jpg,1N6AD07U78C449653,2008,Nissan,Frontier,SE,TRUCK,176240,MI,Super Black,Steel,AUTOMATIC,RWD,GASOLINE,"{addr1: '323 E Main Street', city: 'Farmington', region: 'AR', postal_code: '72730', country: 'US'}"
2GC4KRE74S1103757,2025 Chevrolet Silverado 2500HD High Country,"Home OF The Lewis Guarantee This 2025 Chevrolet Silverado 2500HD High Country comes equipped with a commanding 6.6L V8 engine and 10-speed automatic transmission with 4WD, delivering the power and capability you need. With just 20,845 miles, this white truck is virtually new and ready to tackle any job or adventure. The High Country trim brings premium comfort and technology to the worksite and beyond. - Bose Premium 7-Speaker Sound System with SiriusXM - Chevrolet Infotainment 3 Premium with Apple CarPlay and Android Auto - Heated and ventilated leather front seats with 10-way power adjustment - Heated rear seats and steering wheel for cold-weather comfort - Remote vehicle starter system and keyless open and start - Bed View Camera with trailer camera provisions for confident towing - Auto high-beam LED headlights with front fog lamps - Ultrasonic front and rear park assist - Off-road suspension with Hill Descent Control - 20"" polished alloy wheels with Chevytec spray-on bedliner This truck combines luxury with rugged capability. Premium perforated leather seating, genuine wood trim accents, and an overhead console create an upscale cabin. The truck is loaded with convenience features including wireless charging, Wi-Fi hotspot capability, and an in-vehicle trailering app system to help you manage your load. Electronic stability control, traction control, and comprehensive airbag protection deliver confidence on any road. We're pleased to offer this exceptional truck with 1 year of free oil changes, 1 year of free tire rotation, and a 5-year/60,000-mile warranty. Visit us today to experience the quality and performance of this High Country Silverado 2500HD.",available,used,69904.00 USD,https://www.thatguythatsellscars.com/inventory/3019587,https://pictures.web.dealer.com/l/lewisfordfd/0556/e255c4b98c78ab3ed754c3575625fe85x.jpg,2GC4KRE74S1103757,2025,Chevrolet,Silverado 2500HD,High Country,TRUCK,20851,MI,Summit White,Black,AUTOMATIC,4X4,GASOLINE,"{addr1: '323 E Main Street', city: 'Farmington', region: 'AR', postal_code: '72730', country: 'US'}"
1FTER4FH5MLD40135,2021 Ford Ranger XLT,"Home OF The Lewis Guarantee This 2021 Ford Ranger Xlt in silver delivers capability and value with its turbocharged EcoBoost engine and 4WD capability. With under 95,000 miles, this truck combines solid fuel efficiencyâ""20 city and 24 highway MPGâ""with the rugged reliability Ranger owners trust. The Xlt trim provides an excellent balance of work-ready features and modern convenience. - 1 Year Free Oil Changes - 1 Year Free Tire Rotation - 3-Year/36,000-Mile Warranty - Equipment Group 302A High - Sync 3 with Apple CarPlay and Android Auto - Heated Front Seats & Power-Folding Mirrors - Remote Start & Reverse Sensing System - SiriusXM Satellite Radio - Alloy Wheels & Rear-Window Camera - Automatic Temperature Control The truck presents in excellent condition with a sharp sport appearance package and 17-inch aluminum wheels that enhance its modern look. Inside, you'll find premium cloth bucket seats, a leather-wrapped steering wheel, front and rear reading lights, and dual-zone automatic climate control for year-round comfort. Power windows, remote keyless entry, and Sync 3 infotainment keep you connected and in control. Safety features include Electronic Stability Control, traction control, brake assist, six airbags, and the emergency Sync 3 911 Assist system. The independent front suspension and all-wheel-disc brakes deliver confident handling on any road. Visit us today to test drive this well-equipped Ranger and experience why it's the right choice for work and weekend adventures alike.",available,used,26071.00 USD,https://www.thatguythatsellscars.com/inventory/3019588,https://pictures.web.dealer.com/l/lewisfordfd/0089/752232f694123d14e10a30b152bd91aex.jpg,1FTER4FH5MLD40135,2021,Ford,Ranger,XLT,TRUCK,94042,MI,Iconic Silver Metallic,Ebony,AUTOMATIC,4X4,GASOLINE,"{addr1: '323 E Main Street', city: 'Farmington', region: 'AR', postal_code: '72730', country: 'US'}"
JTDZN3EU2FJ037026,2015 Toyota Prius v Five,"This 2015 Toyota Prius v Five delivers exceptional fuel efficiency and practicality for eco-conscious drivers seeking a reliable hybrid. With a 1.8L 4-cylinder engine paired with Cvt transmission, this blue sedan achieves an impressive 44 city and 40 highway MPG, making it ideal for both urban commutes and longer journeys. The Advanced Technology Package enhances your driving experience with cutting-edge conveniences and safety features. Key Features: - Advanced Technology Package - Navigation System with Entune Premium Audio - Pre-Collision System and Lane Departure Alert - Dynamic Radar Cruise Control - Panoramic View Moonroof - Heated Front Bucket Seats - Exterior Parking Camera - Electronic Stability Control and 4-Wheel Disc Brakes - Auto High Beam and Front Fog Lights - Alloy Wheels This Prius v Five arrives in excellent condition, demonstrating the care and maintenance typical of well-kept hybrid vehicles. At 100,541 miles, it represents solid value with years of reliable service remaining, backed by our confidence in its mechanical integrity and overall presentation. As a certified vehicle, this Prius v Five meets rigorous quality standards, ensuring you drive home with peace of mind. We stand behind this hybrid with a 6-month/6,000-mile warranty, plus complimentary oil changes and tire rotations for one full yearâ""added value that reflects our commitment to your satisfaction and long-term ownership experience. Visit our showroom today to experience the efficiency, comfort, and advanced features of this excellent Prius v Five firsthand. Our team is ready to answer your questions and help you drive away in a vehicle built to last.",available,used,16560.00 USD,https://www.thatguythatsellscars.com/inventory/3020490,https://pictures.web.dealer.com/l/lewischryslerdodgecllc/0885/14a9a4695b80684721c7a2ce6c63fd3ex.jpg,JTDZN3EU2FJ037026,2015,Toyota,Prius v,Five,WAGON,100541,MI,Sky,Black,AUTOMATIC,FWD,GASOLINE,"{addr1: '323 E Main Street', city: 'Farmington', region: 'AR', postal_code: '72730', country: 'US'}"
1GCGTBEN4L1176036,2020 Chevrolet Colorado Work Truck,"Home OF The Lewis Guarantee This 2020 Chevrolet Colorado Work Truck delivers capable performance paired with practical features for work or weekend adventures. With a V6 engine, 4WD capability, and an 8-speed automatic transmission, this truck handles diverse driving conditions while achieving 17 city and 24 highway MPG. The white exterior combined with the Work Truck Appearance Package creates a clean, professional look ready for any job site. - 1 Year Free Oil Changes - 1 Year Free Tire Rotation - 3-Year/36,000-Mile Warranty - WT Convenience Package - Work Truck Appearance Package - Rear Backup Camera - Apple CarPlay/Android Auto Integration - Remote Locking Tailgate - Tow/Haul Mode - EZ-Lift & Lower Tailgate This truck arrives in excellent condition with well-maintained mileage, demonstrating responsible ownership. The Work Truck Appearance Package enhances its utilitarian appeal, while practical touches like the rear step bumper, spotter mirror, and EZ-Lift tailgate make everyday tasks easier. The Chevrolet Infotainment 3 system keeps you connected with smartphone integration and AM/FM radio. Don't miss this reliable Work Truckâ""visit our showroom today to experience its capability firsthand and take advantage of our complimentary maintenance offer.",available,used,24431.00 USD,https://www.thatguythatsellscars.com/inventory/3020500,https://pictures.web.dealer.com/l/lewisfordfd/0228/3a700ec14324eefaa21ed4b110881be3x.jpg,1GCGTBEN4L1176036,2020,Chevrolet,Colorado,Work Truck,TRUCK,62991,MI,Summit White,Jet Black/Dark Ash,AUTOMATIC,4X4,GASOLINE,"{addr1: '323 E Main Street', city: 'Farmington', region: 'AR', postal_code: '72730', country: 'US'}"
2C4RC1GG3TR264508,2026 Chrysler Pacifica Limited,"Home OF The Lewis Guarantee Discover the perfect blend of style and practicality with this 2026 Chrysler Pacifica Limited in elegant Silver Mist Clearcoat. This versatile minivan combines a powerful 3.6L V6 engine with impressive fuel efficiency, delivering 19 city and 28 highway MPG. With just over 8,100 miles, this nearly new vehicle is ready to become your family's trusted companion. Key Features: - Uconnect 5 Nav with 10.1"" Display and Apple CarPlay/Android Auto - Heated front and rear seats with ventilated front seating - Power moonroof and power liftgate for convenience - ParkView rear back-up camera with 360-degree surround view - Nappa leather bucket seats with memory functions - Heated and power-adjustable steering wheel - Integrated Active Noise Cancellation for a quiet cabin - Electronic Stability Control and comprehensive airbag system - Touring Suspension with four-wheel independent suspension - SiriusXM 360L satellite radio with 13-speaker premium audio This Pacifica Limited arrives in excellent condition with comprehensive protection. The vehicle is backed by a 5-year/60,000-mile warranty, plus complimentary oil changes and tire rotations for one yearâ""excellent value for a near-new family hauler. Experience the comfort, capability, and advanced technology this Limited trim offers. Visit us today to take this exceptional Pacifica for a test drive and see why families choose this refined minivan.",available,used,40588.00 USD,https://www.thatguythatsellscars.com/inventory/3020498,https://pictures.web.dealer.com/l/lewisfordfd/1094/77d49ce3cc004f4b3f6060c3c439ef63x.jpg,2C4RC1GG3TR264508,2026,Chrysler,Pacifica,Limited,MINIVAN,8196,MI,Silver Mist Clearcoat,Black,AUTOMATIC,FWD,GASOLINE,"{addr1: '323 E Main Street', city: 'Farmington', region: 'AR', postal_code: '72730', country: 'US'}"
2FMDK39C39BA96109,2009 Ford Edge Limited,"This 2009 Ford Edge Limited is a well-maintained Suv that combines capability with comfort. Finished in striking red with a luxurious camel leather interior, this locally owned, one-owner vehicle offers the spacious, versatile design buyers expect from the Edge lineup. Powered by a capable 3.5L V6 engine paired with a smooth 6-speed automatic transmission, it delivers a balanced blend of performance and efficiency. - Leather-trimmed heated bucket seats with memory and power adjustments - Premium AM/FM stereo with satellite radio, CD player, and MP3 capability - Dual-zone automatic climate control with rear window defroster - Electronic stability control and traction control for confident handling - Rear parking sensors and four-wheel disc brakes with ABS - Dual front and side impact airbags with overhead protection - HomeLink garage door transmitter and remote keyless entry - 18"" premium chrome-clad aluminum wheels - Speed-sensing steering and four-wheel independent suspension - Telescoping tilt steering wheel with audio controls This Edge delivers the reliability and features drivers look for in a dependable family Suv. We invite you to schedule a visit and experience this vehicle firsthand.",available,used,6500.00 USD,https://www.thatguythatsellscars.com/inventory/3020496,https://pictures.web.dealer.com/l/lewischryslerdodgecllc/1393/0fbdf715bbc0031798e6188876d77c8cx.jpg,2FMDK39C39BA96109,2009,Ford,Edge,Limited,SUV,218745,MI,Redfire Clearcoat Metallic,Camel,AUTOMATIC,FWD,GASOLINE,"{addr1: '323 E Main Street', city: 'Farmington', region: 'AR', postal_code: '72730', country: 'US'}"
1FTEW1EG0JFA27536,2018 Ford F-150 Platinum,4WD. Shadow Black 2018 Ford F-150 Platinum 4WD 10-Speed Automatic 3.5L V6 EcoBoost Odometer is 13624 miles below market average! Awards: * 2018 KBB.com 10 Most Awarded Brands * 2018 KBB.com Brand Image Awards,available,used,35000.00 USD,https://www.thatguythatsellscars.com/inventory/3020488,https://pictures.web.dealer.com/l/lewischryslerdodgecllc/0851/e043772fe1ba78b2fc9aaf66da728b2cx.jpg,1FTEW1EG0JFA27536,2018,Ford,F-150,Platinum,TRUCK,103430,MI,Shadow Black,Black,AUTOMATIC,4X4,GASOLINE,"{addr1: '323 E Main Street', city: 'Farmington', region: 'AR', postal_code: '72730', country: 'US'}"
1C4HJXDG0LW193042,2020 Jeep Wrangler Unlimited Sport,"This 2020 Jeep Wrangler Unlimited Sport delivers authentic off-road capability with refined daily driving comfort. Gray exterior with a black three-piece hard top creates striking visual appeal, while the 3.6L V6 engine paired with an 8-speed automatic transmission and 4WD system ensures responsive power on any terrain. With approximately 61,000 miles of careful ownership, this locally-owned, one-owner Wrangler has been well-maintained and is ready for its next adventure. **Key Features:** - Quick Order Package 24W Willys with exclusive badging and styling - Uconnect 4 with 7"" touchscreen display, Apple CarPlay, and Google Android Auto - Heated front seats and heated steering wheel for comfort in cold conditions - LED headlamps and fog lamps providing enhanced visibility - Technology Group with integrated connectivity and voice command - All-weather floor mats protecting the interior - ParkView rear backup camera for parking assistance - Convenience Group with remote keyless entry and automatic headlamps - Anti-lock 4-wheel disc brakes with electronic stability control - 17"" Moab Black aluminum wheels on Bridgestone tires This Wrangler has been thoughtfully equipped with packages that blend capability with comfort. The cold weather group ensures year-round driving confidence, while the technology suite keeps you connected every mile. Performance is solid with 18 city and 22 highway MPG, and you'll appreciate the one-year complimentary oil changes and tire rotations included with your purchase. Visit our showroom to experience this exceptional Wrangler Unlimited Sport and discover how it combines Jeep heritage with modern conveniences for the ultimate driving experience.",available,used,29736.00 USD,https://www.thatguythatsellscars.com/inventory/3020494,https://pictures.web.dealer.com/l/lewischryslerdodgecllc/1017/d9ae1afc1b433fbca57d276cd43a8b77x.jpg,1C4HJXDG0LW193042,2020,Jeep,Wrangler,Unlimited Sport,SUV,60970,MI,Sting-Gray Clearcoat,Black,AUTOMATIC,4X4,GASOLINE,"{addr1: '323 E Main Street', city: 'Farmington', region: 'AR', postal_code: '72730', country: 'US'}"
JM3KFBBL6S0697808,2025 Mazda CX-5 2.5 S Select Package,"Home OF The Lewis Guarantee This 2025 Mazda CX-5 2.5 S Select Package delivers a refined driving experience with proven reliability and practical versatility. Finished in Black, this AWD crossover combines efficient performance with a thoughtful feature set designed for everyday comfort and connectivity. Powered by SKYACTIVÂ®-G 2.5L 4-Cylinder Dohc 16V engine paired with a 6-Speed Automatic transmission, this CX-5 achieves 23 city and 29 highway MPG. The Select Package includes: - 1 Year Free Oil Changes - 1 Year Free Tire Rotation - 5 Year/60,000 Mile Warranty - AppLink with Apple CarPlay and Android Auto - Heated Front Bucket Seats with Leatherette Trim - Leather Steering Wheel and Shift Knob - Automatic Temperature Control with Front Dual Zone A/C - Rear Parking Camera and Rain Sensing Wipers - Electronic Stability Control and Traction Control - Infotainment System with Voice Command and Pandora Well-appointed inside, the cabin features a leather steering wheel, power driver seat, remote keyless entry, and dual-zone automatic climate control. Multifunction Commander Control and steering wheel-mounted audio controls keep essential functions at your fingertips. Safety is prioritized with dual front impact airbags, dual front side impact airbags, overhead airbags, ABS brakes, brake assist, and the Mazda Connect emergency communication system. Visit our showroom to experience this well-rounded CX-5 firsthand and discover why it's an excellent choice for families and individuals seeking a dependable, feature-rich crossover.",available,used,28111.00 USD,https://www.thatguythatsellscars.com/inventory/3020486,https://pictures.web.dealer.com/l/lewisfordfd/0631/91fa94bcd52ce980904e3f0f61c9b7b0x.jpg,JM3KFBBL6S0697808,2025,Mazda,CX-5,2.5 S Select Package,SUV,31529,MI,Jet Black Mica,Black,AUTOMATIC,AWD,GASOLINE,"{addr1: '323 E Main Street', city: 'Farmington', region: 'AR', postal_code: '72730', country: 'US'}"
7MMVAAEW6SN138993,2025 Mazda CX-50 Hybrid Premium Plus,"Home OF The Lewis Guarantee This 2025 Mazda CX-50 Hybrid Premium Plus delivers efficiency and refinement in a stylish gray metallic finish. With a 2.5L 4-cylinder hybrid engine paired with Cvt automatic transmission and standard AWD, this Suv achieves an impressive 39 city and 37 highway MPG. The low mileage of just over 18,000 miles indicates careful ownership and provides years of reliable driving ahead. - 1 Year Free Oil Changes - 1 Year Free Tire Rotation - 5-Year/60,000-Mile Warranty - Bose 12-Speaker Premium Audio with SiriusXM - Heated and Ventilated Front Seats with 3-Level Adjustment - Power Moonroof - Heads-Up Display - AppLink with Apple CarPlay and Android Auto - Power Liftgate - 19-Inch Aluminum Alloy Wheels Premium interior appointments include leather seat trim, heated front seats with ventilation, and a leather steering wheel. The cabin features an auto-dimming rear-view mirror, HomeLink garage door transmitter, and dual-zone automatic climate control. Driver conveniences include memory seat settings, power-adjustable front seats, and power windows with remote keyless entry. Safety features provide comprehensive protection with dual front impact airbags, dual front side impact airbags, knee airbag, and overhead airbags. Electronic Stability Control, traction control, and speed-sensing steering work together with four-wheel disc ABS brakes. Additional safety technologies include brake assist, low tire pressure warning, Mazda Connect emergency communication system, and a rear parking camera. This Premium Plus trim combines smart hybrid efficiency with genuine luxury touches. Visit us today to experience the comfort, performance, and warranty coverage that make this CX-50 Hybrid a standout choice in its class.",available,used,34482.00 USD,https://www.thatguythatsellscars.com/inventory/3020489,https://pictures.web.dealer.com/l/lewisfordfd/1925/b7eab0d72cb814315a70612236fd9ad5x.jpg,7MMVAAEW6SN138993,2025,Mazda,CX-50 Hybrid,Premium Plus,SUV,18009,MI,Machine Gray Metallic,Black W/Brown,AUTOMATIC,AWD,HYBRID,"{addr1: '323 E Main Street', city: 'Farmington', region: 'AR', postal_code: '72730', country: 'US'}"
WDDHF8JB8EA832547,2014 Mercedes-Benz E-Class E 350,4MATICÂ®. Black 2014 Mercedes-Benz E-Class E 350 4MATICÂ® 4MATICÂ® 7-Speed Automatic 3.5L 6-Cylinder Dohc 21/29 City/Highway MPG,available,used,12225.00 USD,https://www.thatguythatsellscars.com/inventory/3021303,https://pictures.web.dealer.com/l/lewischryslerdodgecllc/0545/64dc90e5b4e24d3197ac9316c7dc08e9x.jpg,WDDHF8JB8EA832547,2014,Mercedes-Benz,E-Class,E 350,SEDAN,116082,MI,Black,Black,AUTOMATIC,OTHER,GASOLINE,"{addr1: '323 E Main Street', city: 'Farmington', region: 'AR', postal_code: '72730', country: 'US'}"
3C6RR7KG2PG658397,2023 Ram 1500 Classic Tradesman,"Home OF The Lewis Guarantee This 2023 Ram 1500 Classic Tradesman delivers proven capability and everyday practicality. With a 3.6L V6 engine paired to an 8-speed automatic transmission and 4WD, this truck handles diverse driving conditions with confidence. The clean white exterior complements the professional Diesel Gray and Black cloth interior, creating a work-ready appearance. Key Features: - 1 Year Free Oil Changes - 1 Year Free Tire Rotation - 5YR/60,000 Mile Warranty - Protection Group - Chrome Appearance Group - Remote Start & Security Alarm Group - Mopar Spray IN Bedliner - Parkjsense Rear Park Assist System - Class IV Receiver Hitch - Mopar Black Tubular Side Steps This truck comes equipped with practical amenities including Uconnect 3 with 5"" display, SiriusXM Satellite Radio, front fog lamps, and ParkView rear back-up camera for added confidence in any situation. The Mopar front and rear rubber floor mats protect the interior, while the spray-in bedliner safeguards your cargo area. Power windows, power steering, and electronic stability control round out the driver-friendly feature set. At just over 17,000 miles, this Tradesman represents an excellent value for buyers seeking a capable truck with warranty coverage and dealer-backed maintenance programs. Stop by to experience the quality and reliability of this Ram 1500 Classic firsthand.",available,used,33167.00 USD,https://www.thatguythatsellscars.com/inventory/3020493,https://pictures.web.dealer.com/l/lewisfordfd/1130/6fb045e7d7813792befc3d876dba024dx.jpg,3C6RR7KG2PG658397,2023,Ram,1500 Classic,Tradesman,TRUCK,17086,MI,Bright White Clearcoat,Diesel Gray/Black,AUTOMATIC,4X4,GASOLINE,"{addr1: '323 E Main Street', city: 'Farmington', region: 'AR', postal_code: '72730', country: 'US'}"
1FTEW1EGXJFA76727,2018 Ford F-150 Lariat,"Home OF The Lewis Guarantee This 2018 Ford F-150 Lariat delivers the power and capability you expect from one of America's most trusted trucks. Built with a 3.5L V6 EcoBoost engine paired with a 10-speed automatic transmission and 4WD, this truck handles both highway driving and tough terrain with confidence. The white exterior is complemented by leather-trimmed bucket seats and chrome accents throughout, creating a truck that looks as impressive as it performs. - Voice-Activated Touchscreen Navigation System - FX4 Off-Road Package - Trailer Tow Package with Integrated Trailer Brake Controller - Lariat Chrome Appearance Package - 20"" Chrome-Like Pvd Wheels - Extended Range 36 Gallon Fuel Tank - Leather-Trimmed 40/20/40 Front Seats with Heating and Ventilation - Electronic Locking Differential with 3.55 Axle Ratio - Pro Trailer Backup Assist - Tailgate Step with Tailgate Lift Assist This F-150 achieves 17 mpg city and 23 mpg highway, balancing performance with efficiency. Premium features like the touchscreen navigation, SiriusXM radio, and Sync 3 connectivity keep you informed and entertained on every drive. The truck bed is ready for work or weekend adventures. With its combination of proven Ford reliability and premium Lariat appointments, this F-150 is ready for your next chapter. Visit us today to experience this capable truck firsthand and discover why it remains the choice of truck enthusiasts everywhere.",available,used,20804.00 USD,https://www.thatguythatsellscars.com/inventory/3023310,https://pictures.web.dealer.com/l/lewisfordfd/1481/65a19c3ac26771332c6d60abc218313ex.jpg,1FTEW1EGXJFA76727,2018,Ford,F-150,Lariat,TRUCK,180425,MI,White Platinum Clearcoat Metallic,Black,AUTOMATIC,4X4,GASOLINE,"{addr1: '323 E Main Street', city: 'Farmington', region: 'AR', postal_code: '72730', country: 'US'}"
1FTEW2LP8SKD61296,2025 Ford F-150 STX,"Home OF The Lewis Guarantee This 2025 Ford F-150 Stx delivers impressive capability and comfort in a bold white exterior. Powered by a 2.7L V6 EcoBoost engine paired with a 10-speed automatic transmission and 4WD, this truck achieves 18 city and 24 highway MPG while ready for work and adventure. - 1 Year Free Oil Changes - 1 Year Free Tire Rotation - 5-Year/60,000 Mile Warranty - Integrated Trailer Brake Controller - Electronic Locking with 3.73 Axle Ratio - Sync 4 with Enhanced Voice Recognition - LED Fog Lamps with LED Cornering Lamp - Rear Parking Sensors - Auto High-Beam Headlights - Heated Power Door Mirrors The Stx combines truck toughness with refined interior features including front bucket seats, a front center armrest, and split folding rear seat for maximum flexibility. Equipped with Sync 4 911 Assist, dual front impact airbags, electronic stability control, and traction control, this F-150 keeps you connected and protected on every journey. Visit our showroom today to experience the 2025 F-150 Stx and discover why it's the truck buyers trust.",available,used,40613.00 USD,https://www.thatguythatsellscars.com/inventory/3021300,https://pictures.web.dealer.com/l/lewisfordfd/1394/fbfab85b808281fb40b48063af7532ccx.jpg,1FTEW2LP8SKD61296,2025,Ford,F-150,STX,TRUCK,10048,MI,Oxford White,Black,AUTOMATIC,4X4,GASOLINE,"{addr1: '323 E Main Street', city: 'Farmington', region: 'AR', postal_code: '72730', country: 'US'}"
1GKKNLLS5PZ185729,2023 GMC Acadia AT4,"3YR/36,000 Mile Warranty, AT4, 3.6L V6 Sidi, AWD, Summit White, Jet Black w/Perforated Leather-Appointed Seat Trim, 170 Amp Alternator, 1st & 2nd Row All-Weather Floor Liner (Lpo), 3rd Row All-Weather Floor Liner (Lpo), 3rd row seats: split-bench, 8"" Multi-Color Enhanced Dr Instrument Info Display, Apple CarPlay/Android Auto, Floor Liner Package (Lpo), HD Surround Vision, Heads-Up Display, Heavy-Duty Cooling System, Hitch Guidance w/Hitch View, Integrated Cargo Liner (Lpo), Power Liftgate, Technology Package, Trailering Assist Guidelines, Trailering Package. Summit White 2023 Gmc Acadia AT4 AWD 9-Speed Automatic 3.6L V6 Sidi 19/26 City/Highway MPG",available,used,31727.00 USD,https://www.thatguythatsellscars.com/inventory/3020482,https://pictures.web.dealer.com/l/lewisfordfd/1531/ec7f5caeeba20753ae31628c0328baafx.jpg,1GKKNLLS5PZ185729,2023,GMC,Acadia,AT4,SUV,54659,MI,Summit White,Jet Black,AUTOMATIC,AWD,GASOLINE,"{addr1: '323 E Main Street', city: 'Farmington', region: 'AR', postal_code: '72730', country: 'US'}"
1GKS2EEF3ER110741,2014 GMC Yukon Denali,"Certified. Locally Owned, AWD, 2nd Row Power Seat Release Only, 2nd Row Reclining Captain's Bucket Seats, Auxiliary External Transmission Oil Cooler, Body-Color Power-Adjustable Heated Outside Mirrors, Color-Keyed Heated Leather-Wrapped Steering Wheel, Denali Package, Heated & Cooled Driver & Front Passenger Seats, Heated 2nd Row Seats, Heavy-Duty Air-to-Oil External Engine Oil Cooler, Inside Rear-View Auto-Dimming Mirror, Navigation System, Power Tilt-Sliding Sunroof w/Express-Open/Close, Rear Power-Operated Liftgate, Rear-Seat Dvd Player Entertainment System, Side Blind Zone Alert, Sun, Entertainment & Destinations Package. Onyx Black 2014 Gmc Yukon Denali AWD 6-Speed Automatic Electronic with Overdrive Vortec 6.2L V8 Sfi Vvt Flex Fuel Odometer is 46403 miles below market average! Certification Program Details: Lewis Automotive Guarantee Awards: * JD Power Initial Quality Study, JD Power Apeal Study * 2014 KBB.com Brand Image Awards",available,used,17458.00 USD,https://www.thatguythatsellscars.com/inventory/3021312,https://pictures.web.dealer.com/l/lewischryslerdodgecllc/1959/3b80814f85de8afbac1e2440b28026b5x.jpg,1GKS2EEF3ER110741,2014,GMC,Yukon,Denali,SUV,122215,MI,Onyx Black,Cocoa/Light Cashmere,AUTOMATIC,AWD,FLEX,"{addr1: '323 E Main Street', city: 'Farmington', region: 'AR', postal_code: '72730', country: 'US'}"
KMHLP4AG0NU315811,2022 Hyundai Elantra Limited,"This 2022 Hyundai Elantra Limited is a well-maintained sedan that delivers reliable performance and modern comfort. With a fuel-efficient 2.0L 4-cylinder engine achieving 31 city and 41 highway MPG, this silver beauty offers responsive handling and excellent value for your daily commute. As a one-owner vehicle, it comes backed by strong factory protection and complimentary service benefits. Key Features: - 1 Year Free Oil Changes - 1 Year Free Tire Rotation - 3-Year/36,000-Mile Warranty - Navigation System - Apple CarPlay & Android Auto - Heated Front Seats with Leather-Trimmed Interior - Power Moonroof - Backup Camera - Automatic Temperature Control with Dual Front Zones - Electronic Stability Control & Traction Control This sedan presents excellent condition throughout. The well-preserved interior shows minimal wear, and all mechanical systems operate as intended. The exterior finish remains clean and vibrant, reflecting careful ownership and proper maintenance. This vehicle arrives certified and ready for the road, giving you peace of mind with every drive. Don't miss this opportunity to own a dependable, feature-rich sedan. Visit our showroom today to experience the 2022 Elantra Limited firsthand and take it for a test drive.",available,used,19492.00 USD,https://www.thatguythatsellscars.com/inventory/3021319,https://pictures.web.dealer.com/l/lewischryslerdodgecllc/1492/82dfcb3bdfb6ee47b249bd78f5ac6504x.jpg,KMHLP4AG0NU315811,2022,Hyundai,Elantra,Limited,SEDAN,85190,MI,Fluid Metal,Gray,AUTOMATIC,FWD,GASOLINE,"{addr1: '323 E Main Street', city: 'Farmington', region: 'AR', postal_code: '72730', country: 'US'}"
5N1DR3DK7SC255150,2025 Nissan Pathfinder Platinum,"Meet the 2025 Nissan Pathfinder Platinum, a three-row Suv built for families who demand capability and comfort. With a powerful 3.5L V6 engine delivering 20 city and 25 highway MPG, this locally owned, one-owner vehicle has been well maintained and shows just over 10,000 miles. The distinctive white exterior with premium 2-tone roof styling commands attention on any road. Key Features: - Captain's Chairs Package with 2nd-row captain seating and heated front seats - NissanConnect with Navigation and Apple CarPlay/Android Auto - Premium Bose audio system with 13 speakers and SiriusXM - Power moonroof, power liftgate, and heated steering wheel - Four-wheel independent suspension with traction control and electronic stability - Ventilated front seats and rear air conditioning for all-row climate comfort - Cross bars and cargo package for enhanced versatility - Heads-up display and auto-dimming rear-view mirror Condition: This Pathfinder presents like new, with meticulous care evident throughout. The carpeted floor mats, black splash guards, and cargo area protector show thoughtful ownership, while the premium paint and alloy wheels maintain their like-new finish. Certification: Every component of this vehicle meets Nissan's quality standards. It's backed by a 5-year, 60,000-mile warranty and includes one year of complimentary oil changes and tire rotations, giving you confidence in your investment. Don't miss this exceptional three-row family hauler. Visit our showroom today to experience the Pathfinder Platinum and see why it's the right choice for your next adventure.",available,used,42064.00 USD,https://www.thatguythatsellscars.com/inventory/3021321,https://pictures.web.dealer.com/l/lewischryslerdodgecllc/1293/e59d23b2f49c6375dce72f4b7ffed0c4x.jpg,5N1DR3DK7SC255150,2025,Nissan,Pathfinder,Platinum,SUV,10782,MI,Everest White Pearl Black,Chestnut,AUTOMATIC,4X4,GASOLINE,"{addr1: '323 E Main Street', city: 'Farmington', region: 'AR', postal_code: '72730', country: 'US'}"
5TFJC5DB8RX064750,2024 Toyota Tundra Hybrid Limited,"Meet the 2024 Toyota Tundra Hybrid Limited, a robust full-size truck built for those who demand both capability and efficiency. This locally owned, one-owner vehicle has been well maintained and combines the impressive towing power you expect from a Tundra with the fuel economy benefits of hybrid technology. With 34,064 miles, this Tundra represents exceptional value for buyers seeking a dependable truck that won't drain your wallet at the pump. Key Features: - Premium Audio with Jbl and SiriusXM - Panoramic View Monitor Package with Multi-Terrain Back Monitor - Power Panoramic Roof - Heated & Ventilated Front Bucket Seats - Heated Leather Steering Wheel - Navigation System with Apple CarPlay/Android Auto - Qi-Compatible Wireless Smartphone Charger - 400W/120V AC Rear Seat & Bed Power Supply - High-Grade Full LED Headlamps - Blind Spot Monitor with Safety Connect This truck delivers solid performance with its 3.4L V6 engine mated to a 10-speed automatic transmission and 4WD capability, achieving 19 city and 22 highway MPG. The Tundra's well-appointed Limited trim includes heated and ventilated front seats, a heated leather steering wheel, and a power panoramic roof that makes every drive more enjoyable. Advanced technology features like the panoramic view monitor package and wireless smartphone charger keep you connected and confident on the road. Your purchase comes backed by a 5-year/60,000-mile warranty, plus 1 year of free oil changes and tire rotations. This is peace of mind backed by Toyota's reputation for reliability. Visit our showroom today to experience the capability and comfort this exceptional Tundra Hybrid offers.",available,used,50441.00 USD,https://www.thatguythatsellscars.com/inventory/3023300,https://pictures.web.dealer.com/l/lewischryslerdodgecllc/0598/6feb5a6131be4c5ca90892dbccf46f4fx.jpg,5TFJC5DB8RX064750,2024,Toyota,Tundra Hybrid,Limited,TRUCK,34064,MI,Magnetic Gray Metallic,Black,AUTOMATIC,4X4,HYBRID,"{addr1: '323 E Main Street', city: 'Farmington', region: 'AR', postal_code: '72730', country: 'US'}"
3MW23CM05S8F79486,2025 BMW 2 Series 230i,"Home OF The Lewis Guarantee Introducing the 2025 Bmw 2 Series 230i, a sophisticated compact sports sedan that delivers exhilarating performance with refined German engineering. Finished in Black, this rear-wheel-drive roadster features a turbocharged 2.0L four-cylinder engine paired with an eight-speed automatic Sport transmission, producing impressive fuel efficiency at 26 city and 35 highway mpg. With just over 10,000 miles, this nearly-new vehicle offers like-new condition with all the confidence of Bmw quality. Key Features: - Remote Engine Start - Wireless Device Charging - Parking Assistance Package - Premium Package - Live Cockpit Pro with Head-Up Display - Heated Front Seats - Front Sport Seats - Adaptive Full LED Lights - Surround View with 3D View - Apple CarPlay & Android Auto Compatibility The 230i combines luxury appointments with practical technology. The premium interior features leather sport steering wheel, power front sport seats with heating, and an ambient lighting system that creates an inviting cabin atmosphere. Connectivity features include the Live Cockpit Pro display, wireless device charging, and integrated smartphone compatibility for seamless integration of your digital life. Safety and convenience are paramount in this Bmw. The comprehensive suite includes parking assistance with rear-view camera, automatic high beams, electronic stability control, and BMW's eCall emergency communication system. Advanced driver aids like adaptive LED headlights and surround view camera system provide confidence in any driving condition. This 230i represents the perfect balance of performance, luxury, and technology. Come experience this BMW's responsive handling and refined comfort firsthand at our showroom today.",available,used,37478.00 USD,https://www.thatguythatsellscars.com/inventory/3023314,https://pictures.web.dealer.com/l/lewisfordfd/0883/995fd51088970c25dc691797fd7dcb86x.jpg,3MW23CM05S8F79486,2025,BMW,2 Series,230i,COUPE,10763,MI,Black Sapphire Metallic,Black,AUTOMATIC,RWD,GASOLINE,"{addr1: '323 E Main Street', city: 'Farmington', region: 'AR', postal_code: '72730', country: 'US'}"
2B3CJ5DT4AH296179,2010 Dodge Challenger R/T,"This striking 2010 Dodge Challenger R/T puts raw American muscle at your fingertips. Finished in Black with a powerful Hemi 5.7L V8 engine, this locally owned, well-maintained machine delivers authentic performance and timeless styling. With just 36,100 miles, this Special Mopar Edition represents exceptional value for the discerning enthusiast. - Hemi 5.7L V8 with Multi Displacement Vvt - Super Track Pak performance suspension - Mopar 10 Package with exterior appearance kit - Power sunroof - Mopar Performance Hood and Cold Air Intake - Mopar Front & Rear Strut Tower Braces - Mopar Katzkin Leather Seats - Mopar T-Grip Shifter - High-performance steering with variable displacement - 20"" Mopar Forged Aluminum wheels This R/T presents in outstanding condition, reflecting years of careful ownership and maintenance. The expertly crafted Mopar modifications enhance both aesthetics and performance, while the low mileage and clean history demonstrate responsible stewardship. Every detail speaks to a proud owner's commitment to preserving this iconic machine. Don't miss the opportunity to own this rare Special Mopar Edition Challenger. Visit us today to experience the commanding presence and thrilling performance this R/T delivers.",available,used,24500.00 USD,https://www.thatguythatsellscars.com/inventory/3028236,https://pictures.web.dealer.com/s/springdalefordfd/1729/8dde1c2fc0b21dedc478c0fe5ce7501ax.jpg,2B3CJ5DT4AH296179,2010,Dodge,Challenger,R/T,COUPE,36100,MI,Brilliant Black Crystal Pearlcoat,Gray,AUTOMATIC,RWD,GASOLINE,"{addr1: '323 E Main Street', city: 'Farmington', region: 'AR', postal_code: '72730', country: 'US'}"
1FTFW1E11JFD67035,2018 Ford F-150 King Ranch,"Home OF The Lewis Guarantee This 2018 Ford F-150 King Ranch comes equipped with a 3.0L Power Stroke V6 Turbo Diesel engine paired with a 10-speed automatic transmission and 4WD capability. With approximately 89,000 miles, this truck delivers strong capability while maintaining excellent condition. The white exterior is complemented by a comprehensive suite of luxury and performance features that make this King Ranch a standout option. - Twin Panel Moonroof - Adaptive Cruise Control - Trailer Tow Package with Pro Trailer Backup Assist - King Ranch Chrome Appearance Package - B&O Play Premium Audio System with Sync 3 Navigation - Heated and Ventilated King Ranch Leather Bucket Seats - Electronic Locking Rear Differential with 3.31 Axle Ratio - Spray-In Bedliner (Pre-Installed) - Power-Deployable Running Boards - Lane-Keeping System This F-150 King Ranch is presented in exceptional condition with comprehensive factory-backed protection. The truck features the Equipment Group 601A Luxury package along with the Technology Package, ensuring you have premium amenities and advanced conveniences. Additional benefits include one year of complimentary oil changes, one year of free tire rotation, and a three-year/36,000-mile warranty for added peace of mind. This is a truck built for those who demand both capability and refinement. Bring your family by the dealership today to experience the King Ranch difference firsthand.",available,used,34468.00 USD,https://www.thatguythatsellscars.com/inventory/3021318,https://pictures.web.dealer.com/l/lewisfordfd/1154/7dca61c69387bda50a83c0fac0f8c077x.jpg,1FTFW1E11JFD67035,2018,Ford,F-150,King Ranch,TRUCK,89011,MI,White Platinum Clearcoat Metallic,Mesa,AUTOMATIC,4X4,DIESEL,"{addr1: '323 E Main Street', city: 'Farmington', region: 'AR', postal_code: '72730', country: 'US'}"
1FTFW1RG1TFA25117,2026 Ford F-150 Raptor,"Home OF The Lewis Guarantee This 2026 Ford F-150 Raptor in Shelter Green delivers serious performance with its 3.5L V6 EcoBoost High Output engine paired with a 10-speed automatic transmission and 4WD capability. With just 7,027 miles, this truck is practically new and ready to tackle any job or adventure. The Raptor combines rugged capability with premium comfort features designed for drivers who demand both power and refinement. Key Features: - 3.5L V6 EcoBoost High Output with 10-Speed Automatic and 4WD - Driver's Side SecuriCode Keyless-Entry Keypad - B&O Unleashed Sound System by Bang & Olufsen with 14 Speakers - Sync 4 with Connected Navigation and 5G Modem - Heated and Ventilated Front Seats with Leather Trim - Heated Steering Wheel and Rear Seats - Auto High-Beam Headlights with Fog Lights - Lane Departure Warning System and Electronic Stability Control - 17"" Cast Aluminum Alloy Wheels - Sync 4 911 Assist Emergency Communication This F-150 Raptor brings together technology and capability with features like the Sync 4 infotainment system, connected navigation, and comprehensive safety technology including lane departure warning and electronic stability control. The premium B&O sound system, heated and ventilated leather seats, and automatic headlights enhance every drive. Advanced driver assistance and security features round out the package. This vehicle comes with comprehensive coverage including a 5-year, 60,000-mile warranty, plus one year of complimentary oil changes and tire rotations, giving you peace of mind and savings from day one. Visit us today to experience the capability and luxury of the 2026 F-150 Raptor firsthand.",available,used,79919.00 USD,https://www.thatguythatsellscars.com/inventory/3023319,https://pictures.web.dealer.com/l/lewisfordfd/1013/060ca330e6af376bf11385592dbc2223x.jpg,1FTFW1RG1TFA25117,2026,Ford,F-150,Raptor,TRUCK,7027,MI,Green,Black,AUTOMATIC,4X4,GASOLINE,"{addr1: '323 E Main Street', city: 'Farmington', region: 'AR', postal_code: '72730', country: 'US'}"
1FT8W3BT5PED38209,2023 Ford F-350SD XLT,"Home OF The Lewis Guarantee This 2023 Ford F-350SD Xlt Super Duty delivers the power and capability you need for serious work and hauling. Built on the proven diesel turbocharged platform with a 6.7L V8 turbodiesel engine, this truck commands respect on the job site. Finished in striking black with a rugged, professional appearance, it combines work-ready durability with comfort and technology. - Black Appearance Package - Xlt Premium Package - 6.7L V8 Diesel Turbocharged Engine - 410 Amp Dual Alternators and Dual 68 AH/65 Agm Batteries - Electronic-Locking Rear Axle with 3.55 Ratio - Sync 4 with Enhanced Voice Recognition and SiriusXM Radio - LED Roof Clearance Lights and LED Fog Lamps - Heated Front Seats with 40/20/40 Split Bench Configuration - PowerScope Trailer Tow Mirrors with Heat - 360-Degree Camera Package with Rear Parking Sensors This F-350 shows 131,109 miles and arrives with a medium dark slate cloth interior that's built for durability. The comfortable front seating accommodates passengers and crew with heated capability, while the fixed rear window with defrost enhances visibility and practicality. Premium features include remote start, intelligent access with push-button start, and the advanced Sync 4 system for seamless connectivity. This truck is ready to work. Schedule your visit today to experience the capability and confidence this Super Duty delivers.",available,used,49759.00 USD,https://www.thatguythatsellscars.com/inventory/3020499,https://pictures.web.dealer.com/l/lewisfordfd/1624/2aad30d0206e0489c69047fb0c657e0cx.jpg,1FT8W3BT5PED38209,2023,Ford,F-350SD,XLT,TRUCK,131115,MI,Agate Black Metallic,Medium Dark Slate,AUTOMATIC,4X4,DIESEL,"{addr1: '323 E Main Street', city: 'Farmington', region: 'AR', postal_code: '72730', country: 'US'}"
1C4RJKEG5P8700131,2023 Jeep Grand Cherokee L Summit,"This stunning 2023 Jeep Grand Cherokee L Summit delivers luxury and capability in a white exterior that commands attention. With only 49,048 miles, this locally owned vehicle offers exceptional value combined with premium features and comprehensive protection. Key Features: - Heads-Up Display - Night Vision/Pedestrian-Animal Detection - Wireless Charging Pad - Navigation System with Uconnect 5 Nav and 10.1"" Display - Luxury Tech Group V - Advanced Protech Group IV - 2nd Row Manual Window Shades - Interior Rear Facing Camera - Rearview Autodim Digital Mirror - Nappa Leather Seats with Heating and Ventilation The Summit trim shines with premium appointments throughout. Nappa leather seating, heated and ventilated front seats, and a heated steering wheel create a refined cabin environment. The power moonroof floods the interior with natural light, while dual-zone automatic climate control with rear air conditioning ensures comfort for all passengers. Advanced technology includes the Uconnect 5 navigation system, SiriusXM satellite radio with 360L capability, and active noise control for a serene driving experience. Safety and protection are paramount. This Grand Cherokee features dual front and side airbags, electronic stability control, traction control, adaptive suspension, and an emergency communication system. The night vision system with pedestrian and animal detection provides enhanced awareness in low-light conditions. Your investment is protected with a 5-year/60,000-mile warranty, complemented by one year of free oil changes and tire rotations. Visit us today to experience the exceptional quality and features this Grand Cherokee L Summit represents.",available,used,43997.00 USD,https://www.thatguythatsellscars.com/inventory/3024056,https://pictures.web.dealer.com/l/lewischryslerdodgecllc/0132/2b6a7b33fc7521727bf66299ecf8c347x.jpg,1C4RJKEG5P8700131,2023,Jeep,Grand Cherokee L,Summit,SUV,49048,MI,Bright White Clearcoat,Black,AUTOMATIC,4X4,GASOLINE,"{addr1: '323 E Main Street', city: 'Farmington', region: 'AR', postal_code: '72730', country: 'US'}"
7MMVABEM0PN123904,2023 Mazda CX-50 2.5 S Premium Plus Package,"Home OF The Lewis Guarantee This 2023 Mazda CX-50 2.5 S Premium Plus Package delivers a refined driving experience with impressive performance and thoughtful design. Black exterior paint combines with a well-appointed interior to create an inviting presence on the road. With just over 55,000 miles, this locally owned vehicle represents genuine value for buyers seeking reliability and style. - 1 Year Free Oil Changes - 1 Year Free Tire Rotation - 3Yr/36,000 Mile Warranty - Heated & Ventilated Front Bucket Seats - Power Moonroof - AppLink/Apple CarPlay and Android Auto - Heads-Up Display - Leather Steering Wheel and Shift Knob - Exterior Parking Camera Rear - Automatic Temperature Control with Front Dual Zone A/C The CX-50 combines everyday practicality with premium comfort. Its 2.5L Skyactiv engine delivers responsive power while the 6-speed automatic transmission and all-wheel drive ensure smooth handling in any condition. Real-world performance nets 24 city and 30 highway mpg, making this crossover both capable and efficient. This vehicle arrives fully certified and ready for the road ahead. Our comprehensive warranty backs your investment, and our commitment to customer satisfaction includes complimentary maintenance to keep your CX-50 performing at its best. Visit us today to experience this excellent CX-50 firsthand.",available,used,27092.00 USD,https://www.thatguythatsellscars.com/inventory/3023303,https://pictures.web.dealer.com/l/lewisfordfd/0248/dd1d7e61257000fb35f63784d612ba02x.jpg,7MMVABEM0PN123904,2023,Mazda,CX-50,2.5 S Premium Plus Package,SUV,55903,MI,Jet Black Mica,Black/Brown,AUTOMATIC,AWD,GASOLINE,"{addr1: '323 E Main Street', city: 'Farmington', region: 'AR', postal_code: '72730', country: 'US'}"
1C6SRFFP5SN621253,2025 Ram 1500 Big Horn/Lone Star,"Meet this striking 2025 Ram 1500 Big Horn/Lone Star, finished in Diamond Black Crystal Pearlcoat with a commanding presence on the road. Powered by a 3.0L I-6 Twin Turbocharged engine paired with an 8-Speed Automatic transmission and 4WD capability, this truck delivers impressive performance with 17 city and 24 highway MPG. With just over 21,000 miles, this locally owned, one-owner vehicle has been well maintained and is ready for its next chapter. â¢ 1 Year Free Oil Changes â¢ 1 Year Free Tire Rotation â¢ 5 Yr/60,000 Mile Warranty â¢ Heated Front Seats â¢ Heated Steering Wheel â¢ Power 8-Way Driver Seat with Lumbar Adjust â¢ Uconnect 5 with 8.4"" Display & Apple CarPlay/Android Auto â¢ ParkView Rear Back-Up Camera â¢ 20"" Aluminum Chrome Clad Wheels â¢ Rear Power Sliding Window This Big Horn Level 1 Equipment Group includes premium touches like deluxe cloth bucket seats, auto-dimming mirrors with heating elements, power-folding capabilities, and a rear window defroster for year-round convenience. The cabin features a heated leather-wrapped steering wheel, illuminated sun visors, and a 115V auxiliary power outlet for added functionality. Technology highlights include integrated voice command via Bluetooth, 4G Lte Wi-Fi hot spot, and comprehensive connectivity features. Built for capability and comfort, this Ram 1500 is equipped with electronic stability control, traction control, multiple airbags, and a ParkView rear back-up camera for confident handling. We stand behind this truck's quality and value. Visit our showroom today to experience this exceptional Ram 1500 firsthand.",available,used,43484.00 USD,https://www.thatguythatsellscars.com/inventory/3023306,https://pictures.web.dealer.com/l/lewischryslerdodgecllc/0346/4a9bb0044fab6bf116958b9ac437db92x.jpg,1C6SRFFP5SN621253,2025,Ram,1500,Big Horn/Lone Star,TRUCK,21855,MI,Diamond Black Crystal Pearlcoat,Black,AUTOMATIC,4X4,GASOLINE,"{addr1: '323 E Main Street', city: 'Farmington', region: 'AR', postal_code: '72730', country: 'US'}"
2GC4YREY8R1218914,2024 Chevrolet Silverado 2500HD High Country,"This 2024 Chevrolet Silverado 2500HD High Country in striking blue delivers heavy-duty capability with premium refinement. Powered by the legendary Duramax 6.6L V8 Turbodiesel engine paired with a 10-speed automatic transmission and 4WD, this truck is built to work and built to impress. Locally owned and well maintained, it combines raw performance with high-end features designed for the discerning truck buyer. - Duramax 6.6L V8 Turbodiesel with 10-Speed Automatic & 4WD - Gooseneck/5th Wheel Prep Package with Multi-Flex Tailgate - Power-Retractable Assist Steps with Bright Trim - 15"" Diagonal Multicolor Head-Up Display - Bose Premium 7-Speaker Sound System with SiriusXM - Adaptive Cruise Control & Exhaust Brake - Heated & Ventilated Leather Front Seats with 10-Way Power Adjustment - Black Chevytec Spray-On Bedliner - Power Sunroof with 20"" Polished Wheels - Bed View Camera with Rear Camera Mirror & Trailer Provisions This High Country has been meticulously maintained and comes backed by a 3-year/36,000-mile warranty. The Technology Package and High Country Premium Package elevate your driving experience with modern connectivity and comfort features. An engine block heater and 220-amp alternator ensure reliability in any condition. Ready to experience this exceptional truck? Visit us today to see why this Silverado 2500HD High Country stands out from the competition.",available,used,59870.00 USD,https://www.thatguythatsellscars.com/inventory/3023316,https://pictures.web.dealer.com/s/springdalefordfd/0663/e1c93ce3a70ea9c64cb60791697f7ffex.jpg,2GC4YREY8R1218914,2024,Chevrolet,Silverado 2500HD,High Country,TRUCK,99272,MI,Lakeshore Blue Metallic,Blue,AUTOMATIC,4X4,DIESEL,"{addr1: '323 E Main Street', city: 'Farmington', region: 'AR', postal_code: '72730', country: 'US'}"
1FTEW1E40KKE05725,2019 Ford F-150 XLT,"Home OF The Lewis Guarantee This 2019 Ford F-150 Xlt delivers capable performance and rugged reliability in a Gray exterior that commands attention. Powered by a 3.5L V6 EcoBoost engine with 10-speed automatic transmission and 4WD, this truck handles both daily driving and demanding work with confidence. With an extended-range 36-gallon fuel tank and respectable fuel economy of 17 city and 23 highway, you'll spend less time refueling and more time on the road. The F-150 Xlt is packed with features designed for comfort and functionality: - Twin panel moonroof for added light and airiness - Voice-activated touchscreen navigation for intuitive route planning - FX4 off-road package for enhanced terrain capability - Class IV trailer hitch receiver for towing versatility - Equipment Group 302A Luxury with premium amenities - Xlt Sport Appearance Package for distinctive styling - LED sideview mirror spotlights for enhanced visibility - BoxLink modular cargo management system - Reverse sensing system for safer backing This F-150 comes equipped with Sync 3 connectivity, Apple CarPlay and Android Auto integration, and multiple airbags for comprehensive safety. The truck features electronic locking with 3.55 axle ratio, power windows and doors, remote keyless entry, and cruise control for everyday convenience. With its solid construction and proven Ford reliability, this Xlt is ready for whatever you throw at it. Don't miss this opportunity to own a dependable F-150 Xlt that combines work-truck capability with comfortable, modern features. Stop by our showroom today to test drive this versatile pickup and experience the quality and performance you've come to expect from Ford.",available,used,22857.00 USD,https://www.thatguythatsellscars.com/inventory/3024870,https://pictures.web.dealer.com/l/lewisfordfd/1100/bb3910ab647e9ccaf10fdcdf5097f369x.jpg,1FTEW1E40KKE05725,2019,Ford,F-150,XLT,TRUCK,137496,MI,Magnetic,Black,AUTOMATIC,4X4,GASOLINE,"{addr1: '323 E Main Street', city: 'Farmington', region: 'AR', postal_code: '72730', country: 'US'}"
1FTER1FH5LLA78663,2020 Ford Ranger XL,"Home OF The Lewis Guarantee This 2020 Ford Ranger XL is a capable, locally owned pickup truck ready for work or weekend adventures. With its turbocharged EcoBoost engine and four-wheel drive, this Ranger delivers dependable performance and impressive fuel efficiency for its class. Key Features: - 1 Year Free Oil Changes - 1 Year Free Tire Rotation - 3-Year/36,000-Mile Warranty - Equipment Group 101A Mid - Stx Appearance Package - Carpet Flooring with Floor Mats - Exterior Parking Camera - Remote Key Fob with Tailgate Lock - Sync Technology - Cruise Control The silver exterior and premium cloth bucket seats create a welcoming cabin, while the electronic stability control and dual front impact airbags provide confidence on every drive. This truck features power windows, power steering, air conditioning, and fully automatic headlights for everyday convenience. Well-maintained with 84,389 miles, this Ranger has been cared for and is ready for its next owner. Experience the reliability of Ford's midsize truck platform designed for durability and performance. Come see this Ranger in person and discover why it's the right choice for your next vehicle.",available,used,22151.00 USD,https://www.thatguythatsellscars.com/inventory/3024872,https://pictures.web.dealer.com/l/lewisfordfd/1808/bfadc059836d22d8dd32b9a4e45f46cdx.jpg,1FTER1FH5LLA78663,2020,Ford,Ranger,XL,TRUCK,84389,MI,Iconic Silver Metallic,Ebony,AUTOMATIC,4X4,GASOLINE,"{addr1: '323 E Main Street', city: 'Farmington', region: 'AR', postal_code: '72730', country: 'US'}"
5FNYG1H71RB046537,2024 Honda Pilot Touring,"Home OF The Lewis Guarantee Introducing this 2024 Honda Pilot Touring, a three-row Suv built for families who demand capability and comfort. With its powerful 3.5L V6 engine and all-wheel drive, this Pilot delivers confident handling and excellent fuel efficiency at 19 city and 25 highway miles per gallon. Its sleek black exterior and well-appointed Touring trim make a strong impression whether in the driveway or on the road. Key Features: - Bose Premium Sound System with 12 speakers and SiriusXM - Honda Satellite-Linked Navigation System - Apple CarPlay and Android Auto compatibility - Heated leather front bucket seats with power adjustment - Adaptive Cruise Control with Low-Speed Follow - Lane Keeping Assist System and Blind Spot Information warning - Power moonroof and power liftgate - Rear backup camera and front fog lights - 20-inch alloy wheels - Split-folding second and third-row seating This vehicle has logged 44,107 miles and is backed by a 5-year, 60,000-mile warranty. You'll also receive one year of complimentary oil changes and tire rotations to maximize your investment. We stand behind every vehicle we sell. This locally owned Pilot has been carefully maintained and is ready to serve your family for years to come. Contact us today to schedule your test drive and experience the Honda Pilot difference firsthand.",available,used,42608.00 USD,https://www.thatguythatsellscars.com/inventory/3024868,https://pictures.web.dealer.com/l/lewisfordfd/1801/505f6d6511c2b3d0b819e59f8b46caf4x.jpg,5FNYG1H71RB046537,2024,Honda,Pilot,Touring,SUV,44107,MI,Crystal Black Pearl,Black,AUTOMATIC,AWD,GASOLINE,"{addr1: '323 E Main Street', city: 'Farmington', region: 'AR', postal_code: '72730', country: 'US'}"
1C4RJFLG8MC816670,2021 Jeep Grand Cherokee Trailhawk,"This sharp 2021 Jeep Grand Cherokee Trailhawk delivers genuine off-road capability paired with refined daily driving comfort. The stunning white exterior and Trailhawk-specific enhancements make this a standout choice for adventure seekers and practical families alike. With 77,650 miles, this locally owned vehicle represents excellent value for a model known for durability and performance. Key Features: - Gps Navigation with Uconnect 4C Nav and 8.4"" Touchscreen Display - Apple CarPlay and Android Auto smartphone integration - Heated and ventilated leather front seats with power adjustment - Power moonroof for open-air driving - ParkView rear backup camera with parking assistance - SiriusXM satellite radio with 1-year Guardian trial and Traffic Plus - 18"" off-road aluminum wheels designed for Trailhawk capability - Electronic Stability Control and traction control for all-weather confidence - Dual-zone automatic climate control with rear heating - Heated steering wheel and auto-dimming mirrors The 3.6L V6 engine with 8-speed automatic transmission delivers responsive performance while achieving 18 city and 25 highway MPG. Four-wheel independent suspension with auto-leveling provides a smooth ride on any surface, while the Trailhawk's engineering ensures capability when the pavement ends. This vehicle is equipped with comprehensive safety features including dual front airbags, side-impact protection, knee airbags, and an emergency communication system. The advanced brake system combines 4-wheel disc brakes with ABS for reliable stopping power. We stand behind this Grand Cherokee with a 3-year, 36,000-mile warranty, plus complimentary oil changes and tire rotations for one year. Visit us today to experience the perfect blend of luxury and capability.",available,used,26270.00 USD,https://www.thatguythatsellscars.com/inventory/3025681,https://pictures.web.dealer.com/l/lewischryslerdodgecllc/0149/5bccab5e4f3317c4f186e4f9d23e5d12x.jpg,1C4RJFLG8MC816670,2021,Jeep,Grand Cherokee,Trailhawk,SUV,77650,MI,Bright White Clearcoat,Black,AUTOMATIC,4X4,GASOLINE,"{addr1: '323 E Main Street', city: 'Farmington', region: 'AR', postal_code: '72730', country: 'US'}"
3C7WRTCL2PG501858,2023 Ram 3500 Tradesman,"Bright Front Bumper, Bright Wheel Skins, Center Hub, Chrome Appearance Group, Chrome Grille Surround, Chrome Headlamp Bezels, Matte Black Mesh Grille w/Chrome. Billet Silver Metallic Clearcoat 2023 Ram 3500 Tradesman 4WD Aisin 6-Speed Automatic Cummins 6.7L I6 Turbodiesel",available,used,44056.00 USD,https://www.thatguythatsellscars.com/inventory/3026542,https://pictures.web.dealer.com/l/lewischryslerdodgecllc/0269/79e26408e2931db8c29ed0baf20ec974x.jpg,3C7WRTCL2PG501858,2023,Ram,3500,Tradesman,TRUCK,154120,MI,Billet Silver Metallic Clearcoat,Black,AUTOMATIC,4X4,DIESEL,"{addr1: '323 E Main Street', city: 'Farmington', region: 'AR', postal_code: '72730', country: 'US'}"
3GNAXUEG2RL349472,2024 Chevrolet Equinox LT,"This 2024 Chevrolet Equinox LT delivers reliable everyday performance with modern comfort and convenience. Finished in crisp white with just 47,270 miles, this AWD crossover is ready for your next adventure while offering the efficiency you need. The 1.5L Dohc engine paired with a 6-speed automatic provides a balanced blend of power and fuel economy, achieving 24 city and 30 highway MPG. **Key Features:** - 1 Year Free Oil Changes - 1 Year Free Tire Rotation - 5-Year/60,000-Mile Warranty - Front Dual Zone Automatic Climate Control - Chevrolet Infotainment 3 System with SiriusXM - Heated Front Seats with 2-Way Power Lumbar Control - 8-Way Power Driver Seat - Bluetooth Phone Connectivity - Alloy Wheels with All-Season Tires - Advanced Safety Suite: Electronic Stability Control, ABS Brakes, Multiple Airbags This Equinox LT combines thoughtful design with practical features you'll use every day. The spacious interior welcomes five passengers with comfortable front bucket seats and a split-folding rear seat for flexible cargo management. Dual-zone climate control keeps everyone comfortable, while the intuitive Infotainment 3 system with Bluetooth and SiriusXM keeps you connected and entertained on every drive. Stop by our showroom today to experience this capable crossover firsthand and take it for a test drive.",available,used,25831.00 USD,https://www.thatguythatsellscars.com/inventory/3025699,https://pictures.web.dealer.com/l/lewischryslerdodgecllc/1567/df83862cfe2f457c5b74cf9b1f6af818x.jpg,3GNAXUEG2RL349472,2024,Chevrolet,Equinox,LT,SUV,47285,MI,Summit White,Black,AUTOMATIC,AWD,GASOLINE,"{addr1: '323 E Main Street', city: 'Farmington', region: 'AR', postal_code: '72730', country: 'US'}"
3GNAXUEG4RL271678,2024 Chevrolet Equinox LT,"Home OF The Lewis Guarantee This 2024 Chevrolet Equinox LT in Black pairs practical design with dependable performance. With a 1.5L Dohc engine, AWD capability, and a 6-speed automatic transmission, this Suv delivers a smooth drive and achieves 24 city and 30 highway MPG. Well-equipped with modern comfort and technology features, this Equinox is ready to handle your daily adventures. Key Features: - Chevrolet Infotainment 3 System with AM/FM and SiriusXM - Heated front seats with 8-way power driver adjustment - Automatic temperature control with front dual-zone A/C - Bluetooth connectivity and steering wheel audio controls - Power liftgate and remote keyless entry - Electronic Stability Control and four-wheel independent suspension - Alloy wheels with automatic and delay-off headlights - SpeedSense steering and speed control - OnStar and Chevrolet connected services capable - Split-folding rear seat with rear USB charging ports This vehicle is in excellent condition, showing minimal wear and well-maintained throughout its ownership. The black exterior and premium cloth interior present fresh and inviting. This Equinox is certified and comes backed by a 3-year/36,000-mile warranty, plus one year of free oil changes and tire rotations, giving you peace of mind on the road. Visit us today to experience this capable Equinox firsthand and discover why it's the perfect choice for your next vehicle.",available,used,23482.00 USD,https://www.thatguythatsellscars.com/inventory/3025695,https://pictures.web.dealer.com/l/lewisfordfd/1472/0208dc2dc77ba5c4e7c0a6bc7f417000x.jpg,3GNAXUEG4RL271678,2024,Chevrolet,Equinox,LT,SUV,69915,MI,Mosaic Black Metallic,Black,AUTOMATIC,AWD,GASOLINE,"{addr1: '323 E Main Street', city: 'Farmington', region: 'AR', postal_code: '72730', country: 'US'}"
3GNAXUEG1RL362617,2024 Chevrolet Equinox LT,"Home OF The Lewis Guarantee This 2024 Chevrolet Equinox LT in white combines practical design with solid everyday performance. With just over 57,000 miles, this AWD crossover delivers strong fuel efficiency and reliable capability for your daily commute and weekend adventures. Key Features: - 1 Year Free Oil Changes - 1 Year Free Tire Rotation - 3 Year/36,000 Mile Warranty - Chevrolet Infotainment 3 System with SiriusXM - Heated Front Seats - Power Driver Seat with 8-Way Adjustment - Dual Zone Automatic Climate Control - Bluetooth Phone Connectivity - Remote Keyless Entry - Electronic Stability Control and Traction Control The Equinox LT offers comfort and convenience throughout. Heated front seats keep you warm during cold weather, while the power-adjustable driver seat and dual-zone automatic climate control make every drive more enjoyable. The Chevrolet Infotainment 3 system with SiriusXM provides entertainment and connectivity, and Bluetooth allows seamless phone integration without taking your hands off the wheel. Safety and handling are engineered into every element. This vehicle features electronic stability control, traction control, multiple airbags, four-wheel independent suspension, and reliable disc brakes. The 1.5L Dohc engine with 6-speed automatic transmission delivers a balance of power and efficiency, achieving 24 city and 30 highway MPG. This Equinox LT is ready to serve you with confidence. Visit us today to experience this capable crossover firsthand and explore what it can do for your lifestyle.",available,used,24145.00 USD,https://www.thatguythatsellscars.com/inventory/3025690,https://pictures.web.dealer.com/l/lewisfordfd/0733/a4f8268baaa4750cc81482512b920d93x.jpg,3GNAXUEG1RL362617,2024,Chevrolet,Equinox,LT,SUV,57153,MI,Summit White,Black,AUTOMATIC,AWD,GASOLINE,"{addr1: '323 E Main Street', city: 'Farmington', region: 'AR', postal_code: '72730', country: 'US'}"
1G1ZD5ST2SF149728,2025 Chevrolet Malibu LT,"Home OF The Lewis Guarantee This 2025 Chevrolet Malibu LT 1LT delivers reliable performance and comfort in a sleek black sedan. With a 1.5L Dohc engine and Cvt transmission, this front-wheel-drive vehicle achieves an impressive 28 city and 36 highway MPG, making it an economical choice for daily driving. The Malibu combines practical features with modern technology to create an enjoyable driving experience. Key Features: - Wireless Apple CarPlay and Android Auto connectivity - Chevrolet Infotainment 3 Plus with SiriusXM trial subscription - Heated driver and front passenger seats with power lumbar adjustment - 8-way power driver seat with 6-way manual passenger adjustment - Automatic temperature control with front dual-zone air conditioning - Rear backup camera and wireless connectivity - Electronic Stability Control and traction control - 1 Year Free Oil Changes - 1 Year Free Tire Rotation - 3-Year/36,000-Mile Warranty This Malibu comes equipped with comprehensive safety features including dual front and side impact airbags, knee and overhead airbags, four-wheel disc brakes with ABS, and OnStar emergency communication capability. The vehicle features a premium cloth interior with heated front seats, split folding rear seat, and front center armrest for added convenience and comfort. Built with Chevrolet quality standards and backed by our comprehensive warranty coverage, this Malibu is ready for your next adventure. Visit our dealership today to experience the Malibu's blend of efficiency, technology, and affordability.",available,used,20146.00 USD,https://www.thatguythatsellscars.com/inventory/3025694,https://pictures.web.dealer.com/l/lewisfordfd/1686/a762facac9b249528c64960a17ae9014x.jpg,1G1ZD5ST2SF149728,2025,Chevrolet,Malibu,LT,SEDAN,57097,MI,Mosaic Black Metallic,Gray,AUTOMATIC,FWD,GASOLINE,"{addr1: '323 E Main Street', city: 'Farmington', region: 'AR', postal_code: '72730', country: 'US'}"
1G1ZD5ST4RF124971,2024 Chevrolet Malibu LT,"Home OF The Lewis Guarantee This 2024 Chevrolet Malibu LT delivers a refined driving experience with reliable performance and thoughtful features. With 28 city and 36 highway MPG, this sedan balances efficiency with everyday practicality. The gray exterior presents a sleek, modern appearance that complements any lifestyle. - 1 Year Free Oil Changes - 1 Year Free Tire Rotation - 3-Year/36,000-Mile Warranty - Power Tilt-Sliding Sunroof - Chevrolet Infotainment 3 Plus with SiriusXM - Wireless Apple CarPlay and Android Auto - Heated Front Seats - 8-Way Power Driver Seat - Remote Keyless Entry - Rear Parking Camera The interior combines comfort and convenience with premium cloth seating, dual-zone automatic temperature control, and a power steering wheel that tilts and telescopes for your ideal driving position. The Chevrolet Infotainment 3 Plus system keeps you connected with SiriusXM satellite radio and wireless smartphone integration. Heated front seats provide warmth on cold mornings, while the 8-way power driver seat adjusts to find your perfect comfort zone. Safety is prioritized with electronic stability control, traction control, four-wheel independent suspension, and airbag protection throughout the cabin. A rear parking camera assists with backing maneuvers, and OnStar with Chevrolet connected services offers emergency support and vehicle assistance. Visit us today to experience the quality and value of this well-appointed 2024 Chevrolet Malibu LT.",available,used,21279.00 USD,https://www.thatguythatsellscars.com/inventory/3025697,https://pictures.web.dealer.com/l/lewisfordfd/1374/d0192b7e6df0d3226a95a4bfeebe569bx.jpg,1G1ZD5ST4RF124971,2024,Chevrolet,Malibu,LT,SEDAN,58159,MI,Sterling Gray Metallic,Black,AUTOMATIC,FWD,GASOLINE,"{addr1: '323 E Main Street', city: 'Farmington', region: 'AR', postal_code: '72730', country: 'US'}"
1G1ZD5ST6RF183813,2024 Chevrolet Malibu LT,"Home OF The Lewis Guarantee This 2024 Chevrolet Malibu LT delivers refined styling and practical efficiency in a modern sedan. With its white exterior finish, this Malibu combines contemporary design with everyday reliability. Finished at 62,436 miles, this vehicle remains well-maintained and ready for the road ahead. The Malibu LT comes equipped with a 1.5L Dohc engine paired with a Cvt transmission, delivering an impressive 28 city and 36 highway MPG for balanced fuel economy. You'll enjoy: - Power Tilt-Sliding Sunroof - SiriusXM Satellite Radio - Chevrolet Infotainment 3 Plus with Wireless Apple CarPlay and Android Auto - Heated Driver and Front Passenger Seats - Remote Keyless Entry and Power Door Locks - Automatic Temperature Control with Front Dual Zone A/C - 17"" Aluminum Wheels - Rear Parking Camera - 8-Way Power Driver Seat with Lumbar Control This Malibu has been thoroughly inspected and is backed by a 3-year/36,000-mile warranty, giving you confidence in your purchase. Additionally, you'll receive one year of complimentary oil changes and tire rotations, helping you maintain peak performance. With OnStar emergency communication and Chevrolet connected services, this sedan prioritizes your safety and peace of mind. Visit us today to experience the comfort and value of this well-equipped Malibu LT.",available,used,19859.00 USD,https://www.thatguythatsellscars.com/inventory/3025691,https://pictures.web.dealer.com/l/lewisfordfd/0879/aaf2e630bfa1371517ae974c068a6e0fx.jpg,1G1ZD5ST6RF183813,2024,Chevrolet,Malibu,LT,SEDAN,62436,MI,Summit White,Black,AUTOMATIC,FWD,GASOLINE,"{addr1: '323 E Main Street', city: 'Farmington', region: 'AR', postal_code: '72730', country: 'US'}"
2C4RC1GG5PR619829,2023 Chrysler Pacifica Limited,"Home OF The Lewis Guarantee This 2023 Chrysler Pacifica Limited is a premium family vehicle ready to elevate your driving experience. With its sleek black exterior and thoughtfully designed interior, this minivan combines style with practical functionality. The 3.6L V6 engine delivers reliable performance, while the 9-speed automatic transmission provides smooth acceleration and strong highway efficiency at 28 MPG. Key Features: - Uconnect 5 Navigation with 10.1"" touchscreen display - Apple CarPlay and Android Auto compatibility - Heated and ventilated front seats plus heated rear seats - Power folding third row seat for flexible cargo space - ParkView rear backup camera - Sunroof with power operation - Premium leather bucket seating - SiriusXM 360L satellite radio with Guardian emergency service - Dual-zone automatic climate control with rear air conditioning - 18"" aluminum alloy wheels This Pacifica has been carefully maintained and is ready for its next owner. The vehicle presents well inside and out, reflecting responsible ownership and regular care. We stand behind every vehicle in our inventory with comprehensive certification that ensures your peace of mind. Your purchase includes one year of free oil changes and tire rotations, plus a 3-year/36,000-mile warranty for added protection and savings. Visit our showroom today to experience the comfort and capability of this exceptional Pacifica Limited firsthand.",available,used,24469.00 USD,https://www.thatguythatsellscars.com/inventory/3025685,https://pictures.web.dealer.com/l/lewisfordfd/1443/4e1dc8f7b6f1733a633f2bd78d61206fx.jpg,2C4RC1GG5PR619829,2023,Chrysler,Pacifica,Limited,MINIVAN,66282,MI,Brilliant Black Crystal Pearlcoat,Black,AUTOMATIC,FWD,GASOLINE,"{addr1: '323 E Main Street', city: 'Farmington', region: 'AR', postal_code: '72730', country: 'US'}"
2C4RC1BG9SR532340,2025 Chrysler Pacifica Select,"Meet the 2025 Chrysler Pacifica Select, a well-maintained, one-owner minivan designed for families who value comfort and convenience. This White beauty is powered by a 3.6L V6 engine delivering reliable performance with an impressive 28 highway MPG. With comprehensive care included, this Pacifica is ready to serve your family for years to come. Key Features: - 1 Year Free Oil Changes - 1 Year Free Tire Rotation - 3-Year/36,000-Mile Warranty - Uconnect 5 with 10.1"" Touchscreen Display - Apple CarPlay and Android Auto Integration - SiriusXM Guardian with Included Trial - ParkView Rear Back-Up Camera - Heated Front Seats and Steering Wheel - Dual Zone Automatic Climate Control - Power Liftgate and Remote Keyless Entry This Select model has been expertly maintained throughout its ownership, ensuring every system operates as intended. You'll find the interior thoughtfully appointed with leatherette bucket seats, heated front seating, and comprehensive climate zones for passenger comfort. Advanced safety features including multiple airbags, electronic stability control, and a rear backup camera give you peace of mind on every journey. The Pacifica Select arrives certified and ready for your family. This certification reflects our commitment to quality and provides added confidence in your purchase decision. Don't miss this opportunity to own a dependable, feature-rich minivan. Schedule your test drive today and experience the Pacifica difference firsthand.",available,used,25687.00 USD,https://www.thatguythatsellscars.com/inventory/3025680,https://pictures.web.dealer.com/l/lewischryslerdodgecllc/0493/4d994c7b328ad1982f8048d1bb54a89cx.jpg,2C4RC1BG9SR532340,2025,Chrysler,Pacifica,Select,MINIVAN,68175,MI,Bright White Clearcoat,Black,AUTOMATIC,FWD,GASOLINE,"{addr1: '323 E Main Street', city: 'Farmington', region: 'AR', postal_code: '72730', country: 'US'}"
1FMCU9MN1RUA52640,2024 Ford Escape ST-Line,"The 2024 Ford Escape ST-Line delivers a compelling blend of capability and comfort in a refined compact Suv. This one-owner vehicle features a 1.5L EcoBoost engine paired with an 8-speed automatic transmission and available AWD, achieving an impressive 26 city and 32 highway mpg. With 64,120 miles on the odometer, this Escape remains well-maintained and ready for your next adventure. Key Features: - Sync 4 infotainment system - Heated steering wheel and heated front row seats - Heated sideview mirrors with remote starter system - Cold Weather Package and Equipment Group 300A - All-wheel drive with 18"" rock metallic aluminum wheels - Backup camera with parking assistance - Automatic temperature control with dual-zone A/C - Power liftgate and remote keyless entry - Electronic stability control and traction control This Escape has been meticulously cared for and comes backed by a 3-year, 36,000-mile warranty. You'll also enjoy complimentary oil changes and tire rotations for one full year. The black exterior presents a sleek, professional appearance, while the interior offers comfortable seating for five with split-folding rear seats for added versatility. Don't miss this well-equipped ST-Line. Schedule your visit today and experience the perfect balance of efficiency, technology, and everyday practicality.",available,used,24531.00 USD,https://www.thatguythatsellscars.com/inventory/3025687,https://pictures.web.dealer.com/l/lewischryslerdodgecllc/0139/ca48ae115e7031648e09d5f173fe66b8x.jpg,1FMCU9MN1RUA52640,2024,Ford,Escape,ST-Line,SUV,64120,MI,Black Metallic,Ebony,AUTOMATIC,AWD,GASOLINE,"{addr1: '323 E Main Street', city: 'Farmington', region: 'AR', postal_code: '72730', country: 'US'}"
3GKALTEG1RL367917,2024 GMC Terrain SLE,"Meet this sharp 2024 Gmc Terrain Sle, finished in pristine white with an all-wheel-drive 1.5L engine delivering responsive performance and impressive fuel economy. This one-owner vehicle offers dependable capability with strong highway efficiency at 28 mpg, making it an excellent choice for both daily commuting and weekend adventures. With just over 48,600 miles on the odometer, this Terrain remains in excellent condition and ready to serve you well. **Key Features:** - 1 Year Free Oil Changes - 1 Year Free Tire Rotation - 5-Year/60,000-Mile Warranty - Wireless Apple CarPlay and Wireless Android Auto - 7"" Gmc Infotainment Audio System with SiriusXM Satellite Radio - Bluetooth Phone Connectivity - Remote Keyless Entry - Heated Power Door Mirrors - 17"" Silver Aluminum Alloy Wheels - Four-Wheel Independent Suspension This Terrain presents beautifully with meticulous maintenance throughout its history. The white exterior shows well with body-color bumpers and a sleek spoiler, while the interior features premium cloth seating, front bucket seats with a center armrest, and a telescoping tilt steering wheel for comfortable driving positions. Climate control is handled by automatic temperature regulation and a rear window defroster, ensuring comfort in any season. This vehicle comes certified and ready for the road, backed by GMC's comprehensive warranty protection. You'll appreciate the added peace of mind knowing this Terrain has been thoroughly evaluated and meets our quality standards. Don't miss out on this well-maintained Terrain Sle. Visit us today to take this capable Suv for a test drive and experience its smooth handling and practical features firsthand.",available,used,25552.00 USD,https://www.thatguythatsellscars.com/inventory/3025688,https://pictures.web.dealer.com/l/lewischryslerdodgecllc/0557/b2440fb3ae925638ac4f603814affda4x.jpg,3GKALTEG1RL367917,2024,GMC,Terrain,SLE,SUV,48667,MI,Summit White,Black,AUTOMATIC,AWD,GASOLINE,"{addr1: '323 E Main Street', city: 'Farmington', region: 'AR', postal_code: '72730', country: 'US'}"
3GKALPEG4RL139028,2024 GMC Terrain SLT,"Home OF The Lewis Guarantee This 2024 Gmc Terrain Slt is a practical and comfortable compact Suv ready for your daily adventures. With its reliable 1.5L engine delivering 24 city and 29 highway MPG, this white Terrain balances efficiency with capability. You'll find the spacious interior well-appointed with quality materials and thoughtful features that make every drive more enjoyable. - Perforated leather-appointed seat trim - 8-Way power driver seat adjuster with memory - Heated front seats with power driver lumbar control - Automatic temperature control with front dual zone A/C - Gmc infotainment audio system with 8"" display and SiriusXM - Wireless Apple CarPlay and Android Auto - Bluetooth connectivity with steering wheel mounted audio controls - Auto high-beam headlights with fog lights - 18"" silver painted aluminum wheels This Terrain is in excellent condition throughout, showing careful ownership and meticulous maintenance. The interior remains fresh and clean, with all systems functioning as intended. The exterior finish is pristine, and the vehicle drives smoothly with responsive handling. This vehicle is certified, giving you added confidence in its quality and performance. You can drive with peace of mind knowing this Terrain meets rigorous inspection standards. Come experience this 2024 Gmc Terrain Slt in person and discover why it's the right choice for your next vehicle. Our team is ready to answer your questions and help you drive home today.",available,used,24412.00 USD,https://www.thatguythatsellscars.com/inventory/3025696,https://pictures.web.dealer.com/l/lewisfordfd/1623/ddf48f62c1c4ef68563731036ea818c5x.jpg,3GKALPEG4RL139028,2024,GMC,Terrain,SLT,SUV,61448,MI,Summit White,Black,AUTOMATIC,FWD,GASOLINE,"{addr1: '323 E Main Street', city: 'Farmington', region: 'AR', postal_code: '72730', country: 'US'}"
KMHLS4DG3SU918872,2025 Hyundai Elantra SEL Convenience,"Home OF The Lewis Guarantee This 2025 Hyundai Elantra Sel Convenience offers refined efficiency and modern convenience wrapped in a sleek white finish. With an I4 engine paired with Cvt transmission and front-wheel drive, this sedan delivers solid performance with 30 city MPG and 39 highway MPG. The Elantra combines everyday practicality with thoughtful features designed to enhance your driving experience. Key Features: - 1 Year Free Oil Changes - 1 Year Free Tire Rotation - 5Yr/60,000 Mile Warranty - Apple CarPlay & Android Auto Integration - Heated Front Bucket Seats - Navigation System - Rear Parking Camera - Power Moonroof - 17"" Alloy Wheels - Emergency Communication System with Bluelink+ This vehicle is equipped with modern safety and convenience technologies including dual-zone automatic climate control, fully automatic headlights, and a comprehensive airbag system. The interior features premium cloth seating with a leather steering wheel, heated front seats, and a user-friendly display audio system with SiriusXM satellite radio. You'll appreciate the intuitive steering wheel-mounted audio controls and the rear window defroster for added comfort. This Elantra arrives certified, providing you with assurance and peace of mind. Certified vehicles undergo comprehensive inspections to ensure they meet quality standards before reaching our lot. Stop by today to test drive this dependable sedan and experience everything the 2025 Hyundai Elantra Sel Convenience has to offer.",available,used,21652.00 USD,https://www.thatguythatsellscars.com/inventory/3025684,https://pictures.web.dealer.com/l/lewisfordfd/0695/800e23377bdbcb9d9d55d9c31df6bf0bx.jpg,KMHLS4DG3SU918872,2025,Hyundai,Elantra,SEL Convenience,SEDAN,47465,MI,Serenity White,Black,AUTOMATIC,FWD,GASOLINE,"{addr1: '323 E Main Street', city: 'Farmington', region: 'AR', postal_code: '72730', country: 'US'}"
3FMCR9B68RRF68174,2024 Ford Bronco Sport Big Bend,"Home OF The Lewis Guarantee This 2024 Ford Bronco Sport Big Bend delivers versatility and capability in a compact Suv package. With its 1.5L EcoBoost engine paired with an 8-speed automatic transmission and 4WD, this green beauty offers responsive performance and confident handling on any terrain. At 25,154 miles, this vehicle has been meticulously maintained and is ready for its next adventure. - 1 Year Free Oil Changes - 1 Year Free Tire Rotation - 5-Year/60,000-Mile Warranty - Sync 3 Communications & Entertainment System with SiriusXM - Heated Front Bucket Seats - Convenience Package - Rear Parking Sensors - LED Fog Lamps - Wireless Charging Pad - 17"" Carbonized Gray-Painted Aluminum Wheels This Big Bend is equipped with premium features including heated front bucket seats, wireless charging, and a comprehensive suite of safety systems. The Sync 3 entertainment system keeps you connected with SiriusXM capability, while automatic temperature control and rear window defrost ensure comfort in any season. LED fog lamps and rear parking sensors enhance visibility and convenience for every drive. Certified and backed by our warranty coverage, this Bronco Sport represents a smart investment in quality and peace of mind. Every detail has been inspected to ensure you're getting a vehicle that meets our rigorous standards. We invite you to experience the capability and style of this Bronco Sport firsthandâ""visit us today to take it for a test drive.",available,used,29791.00 USD,https://www.thatguythatsellscars.com/inventory/3026535,https://pictures.web.dealer.com/l/lewisfordfd/0581/aa96072e14b02bca2ac07e24cdec16dax.jpg,3FMCR9B68RRF68174,2024,Ford,Bronco Sport,Big Bend,SUV,25154,MI,Cactus,Ebony,AUTOMATIC,4X4,GASOLINE,"{addr1: '323 E Main Street', city: 'Farmington', region: 'AR', postal_code: '72730', country: 'US'}"
3FMCR9B69PRD56705,2023 Ford Bronco Sport Big Bend,"Certified. 5YR/60,000 Mile Warranty, 1 Year Free Oil Changes, 1 Year Free Tire Rotation. Gray Metallic 2023 Ford Bronco Sport Big Bend 4WD 8-Speed Automatic 1.5L EcoBoost Odometer is 17631 miles below market average! 25/28 City/Highway MPG Certification Program Details: Lewis Automotive Guarantee",available,used,28326.00 USD,https://www.thatguythatsellscars.com/inventory/3026536,https://pictures.web.dealer.com/l/lewisfordfd/1687/5b27f50547f02b478b1876fe53f79cdfx.jpg,3FMCR9B69PRD56705,2023,Ford,Bronco Sport,Big Bend,SUV,24465,MI,Gray Metallic,Ebony,AUTOMATIC,4X4,GASOLINE,"{addr1: '323 E Main Street', city: 'Farmington', region: 'AR', postal_code: '72730', country: 'US'}"
3FMCR9B64PRE08208,2023 Ford Bronco Sport Big Bend,"Certified. 5YR/60,000 Mile Warranty, 1 Year Free Oil Changes, 1 Year Free Tire Rotation. Cactus 2023 Ford Bronco Sport Big Bend 4WD 8-Speed Automatic 1.5L EcoBoost Odometer is 15147 miles below market average! 25/28 City/Highway MPG Certification Program Details: Lewis Automotive Guarantee",available,used,28376.00 USD,https://www.thatguythatsellscars.com/inventory/3026539,https://pictures.web.dealer.com/l/lewisfordfd/1372/d2cec989170d49d1d2ea449aa7279bafx.jpg,3FMCR9B64PRE08208,2023,Ford,Bronco Sport,Big Bend,SUV,28442,MI,Cactus,Ebony,AUTOMATIC,4X4,GASOLINE,"{addr1: '323 E Main Street', city: 'Farmington', region: 'AR', postal_code: '72730', country: 'US'}"
3FMCR9B60MRA31047,2021 Ford Bronco Sport Big Bend,"This 2021 Ford Bronco Sport Big Bend delivers capable off-road performance paired with everyday practicality. With its 1.5L EcoBoost engine and 4WD system, you get responsive power and confident handling across any terrain. The green exterior makes a bold statement while the well-appointed interior ensures comfort for every drive. - 1 Year Free Oil Changes - 1 Year Free Tire Rotation - 3Yr/36,000 Mile Warranty - Class II Trailer Tow Package with Trailer Sway Control - Leather-Wrapped Steering Wheel - Heated Front Bucket Seats - Wireless Charging Pad - Power Moonroof - Reverse Sensing System - Sync 3 with Apple CarPlay and Android Auto This locally owned vehicle has been well maintained and is ready for its next owner. At 81,017 miles, it demonstrates responsible use while offering plenty of life ahead. The Big Bend package elevates the experience with premium touches and thoughtful appointments that enhance every commute and weekend adventure. Premium features include heated front bucket seats for cold-weather comfort, a power moonroof to flood the cabin with natural light, and a wireless charging pad for convenient device management. The reverse sensing system adds confidence when backing into tight spaces, while the leather-wrapped steering wheel provides a refined grip. Entertainment is handled through Sync 3, which integrates Apple CarPlay and Android Auto for seamless smartphone connectivity. Visit our showroom today to experience the 2021 Ford Bronco Sport Big Bend firsthand and discover why this versatile Suv is the perfect blend of adventure and refinement.",available,used,22000.00 USD,https://www.thatguythatsellscars.com/inventory/3027384,https://pictures.web.dealer.com/l/lewischryslerdodgecllc/0886/9b0eed4fd781d72ed19d93b2b9c01e22x.jpg,3FMCR9B60MRA31047,2021,Ford,Bronco Sport,Big Bend,SUV,81017,MI,Area 51,Ebony,AUTOMATIC,4X4,GASOLINE,"{addr1: '323 E Main Street', city: 'Farmington', region: 'AR', postal_code: '72730', country: 'US'}"
2FMPK4J92RBB26686,2024 Ford Edge ST Line,"Home OF The Lewis Guarantee This 2024 Ford Edge ST Line delivers confident performance and refined comfort in a sophisticated silver exterior. With a turbocharged 2.0L EcoBoost engine and available all-wheel drive, this midsize Suv balances responsive handling with fuel efficiency, achieving 21 city and 28 highway mpg. At just over 31,000 miles, this vehicle remains practically new and ready for the road ahead. Key Features: - Sync 4A with Enhanced Voice Recognition - Heated Front Seats with Power Adjustment - 20"" Premium Gloss Black-Painted Aluminum Wheels - Automatic High-Beam Headlights with Fog Lights - Rear Parking Sensors - Black Roof-Rack Side Rails - Four-Wheel Independent Suspension - Electronic Stability Control with Traction Control - Emergency Communication System: Sync 4 911 Assist - Auto-Dimming Rear-View Mirror This Edge arrives in excellent condition with a well-maintained interior and exterior. The cabin showcases heated bucket seats, a leather steering wheel, and intuitive climate controls that enhance every drive. As a certified vehicle, this Edge has been thoroughly inspected and conditioned to meet our quality standards, giving you confidence in your purchase. We back this vehicle with a 5-year/60,000-mile warranty, plus one year of complimentary oil changes and tire rotations. Visit our showroom today to experience the St Line's commanding presence and responsive performance firsthand. We're confident you'll find this 2024 Edge to be an exceptional choice for your next vehicle.",available,used,33140.00 USD,https://www.thatguythatsellscars.com/inventory/3026532,https://pictures.web.dealer.com/l/lewisfordfd/0469/43cbb00cffdf16fefbea54090bdb872bx.jpg,2FMPK4J92RBB26686,2024,Ford,Edge,ST Line,SUV,31854,MI,Silver Metallic,Ebony,AUTOMATIC,AWD,GASOLINE,"{addr1: '323 E Main Street', city: 'Farmington', region: 'AR', postal_code: '72730', country: 'US'}"
1FMCU0GN5RUB03547,2024 Ford Escape Active,"Home OF The Lewis Guarantee This 2024 Ford Escape Active delivers practical capability and everyday reliability in a compact Suv built for active lifestyles. With its efficient 1.5L EcoBoost engine paired with an 8-speed automatic transmission, you'll enjoy 27 city and 34 highway MPG. The white exterior sits on 17"" shadow silver-painted aluminum wheels, creating a clean, modern appearance that turns heads while maintaining exceptional fuel economy. - 1 Year Free Oil Changes - 1 Year Free Tire Rotation - 5 Year/60,000 Mile Warranty - Sync 4 with SiriusXM Radio - Rear Parking Camera - Power Liftgate - Automatic Headlights with Delay-Off - Dual Zone Automatic Climate Control - Electronic Stability Control and Traction Control - Remote Keyless Entry This Escape Active features a well-appointed interior with unique cloth front bucket seats, a front center armrest, and split folding rear seat for flexible cargo configurations. You'll appreciate the convenience of power windows, power door mirrors, and a telescoping steering wheel. Safety is prioritized with dual front and side impact airbags, knee airbags, overhead airbags, and an emergency communication system through Sync 4 911 Assist. The powertrain combines responsive handling with four-wheel independent suspension and speed-sensing steering. Advanced features include FordPass Connect, brake assist, auto high-beam headlights, and a rear window wiper for enhanced visibility. A nine-speaker audio system with steering wheel controls keeps you connected and entertained on every drive. Visit us today to experience this capable 2024 Ford Escape Active firsthand.",available,used,24367.00 USD,https://www.thatguythatsellscars.com/inventory/3026541,https://pictures.web.dealer.com/l/lewisfordfd/0933/e33559b1130985418e160ab4f07ae781x.jpg,1FMCU0GN5RUB03547,2024,Ford,Escape,Active,SUV,26733,MI,Oxford White,Ebony,AUTOMATIC,FWD,GASOLINE,"{addr1: '323 E Main Street', city: 'Farmington', region: 'AR', postal_code: '72730', country: 'US'}"
1FMCU0GN8RUA10019,2024 Ford Escape Active,"Home OF The Lewis Guarantee Discover the 2024 Ford Escape Active in striking silver. This compact Suv combines efficiency with modern technology, delivering 27 city and 34 highway MPG with its responsive 1.5L EcoBoost engine. With just over 32,000 miles, this vehicle represents an excellent opportunity for a pre-owned compact crossover. Key Features: - Sync 4 with Enhanced Voice Recognition and Connected Navigation - Ford Co-Pilot360 Assist+ with Adaptive Cruise Control and Stop-and-Go - Automatic Temperature Control with Front and Rear Climate Zones - Power Liftgate and Rear-View Camera with Rear Parking Sensor - Remote Keyless Entry with Illuminated Entry System - 17-Inch Shadow Silver-Painted Aluminum Wheels - Dual Zone Front Air Conditioning - Steering Wheel Mounted Audio Controls - Speed-Sensitive Wipers - Electronic Stability Control with Traction Control This Active trim showcases excellent condition with well-maintained upholstery, clean carpeting, and no significant wear to the interior or exterior surfaces. The vehicle has been carefully inspected and is ready for the road. This 2024 Escape carries a comprehensive 5-year/60,000-mile warranty, plus complimentary oil changes and tire rotations for one yearâ""adding tremendous value to your purchase. Experience the comfort and capability of the 2024 Ford Escape Active. Contact us today to schedule your test drive and discover why this crossover is the smart choice for today's driver.",available,used,24610.00 USD,https://www.thatguythatsellscars.com/inventory/3026548,https://pictures.web.dealer.com/l/lewisfordfd/1242/0baeaca23a4c93dbc0768c51a0d91507x.jpg,1FMCU0GN8RUA10019,2024,Ford,Escape,Active,SUV,32295,MI,Silver Metallic,Ebony,AUTOMATIC,FWD,GASOLINE,"{addr1: '323 E Main Street', city: 'Farmington', region: 'AR', postal_code: '72730', country: 'US'}"
1FMCU0MN5RUB01026,2024 Ford Escape ST-Line,"Home OF The Lewis Guarantee Discover the perfect balance of style and practicality with this 2024 Ford Escape ST-Line, finished in sleek gray. This compact Suv delivers impressive fuel economy with an EPA-estimated 27 city and 34 highway miles per gallon, making every trip efficient and economical. The responsive 1.5L EcoBoost engine paired with an 8-speed automatic transmission provides smooth acceleration and reliable performance for your daily commute or weekend adventures. Key Features: - Sync 4 with Enhanced Voice Recognition - 18"" Alloy Wheels with Rock Metallic Painted Finish - Adaptive Cruise Control with Stop-and-Go - Dual Zone Automatic Climate Control - Power Liftgate and Remote Keyless Entry - Rear Parking Sensors and Backup Camera - Ford Co-Pilot360 Assist+ Safety System - Connected Navigation - Sport Steering Wheel with Audio Controls - Rear Window Wiper with Speed-Sensitive Operation This ST-Line has been well-maintained with 28,449 miles and shows excellent care throughout its ownership. The interior features supportive sport bucket seats with a front center armrest, split-folding rear seat for versatility, and intuitive Sync 4 connectivity to keep you connected on the road. This vehicle is certified, giving you added confidence and peace of mind with your purchase. We back your investment with our comprehensive coverage, including five years or 60,000 miles of warranty protection, plus one year of complimentary oil changes and tire rotations. Visit our showroom today to experience the Escape ST-Line's blend of capability and comfort firsthand.",available,used,26006.00 USD,https://www.thatguythatsellscars.com/inventory/3026534,https://pictures.web.dealer.com/l/lewisfordfd/1429/bad64d2b158a47e1041d0f8305163d97x.jpg,1FMCU0MN5RUB01026,2024,Ford,Escape,ST-Line,SUV,28449,MI,Gray Metallic,Ebony,AUTOMATIC,FWD,GASOLINE,"{addr1: '323 E Main Street', city: 'Farmington', region: 'AR', postal_code: '72730', country: 'US'}"
1FDUF4HN3NEC05907,2022 Ford F-450SD XL,"This 2022 Ford F-450SD XL Drw combines heavy-duty capability with practical features built for serious work. With 42,974 miles, this White truck is powered by a robust 7.3L V8 engine delivering 335 horsepower paired with a 10-Speed Automatic transmission and 4WD, making it ready to handle demanding tasks efficiently. Key Features: - 7.3L V8 Pfi Ohv 16V Federal 335hp engine with 10-Speed Automatic transmission - Trailer Brake Controller for enhanced towing control - Medium Earth Gray cloth 40/20/40 split bench seat - Power Equipment Group with multiple convenience features - Rear View Camera & Prep Kit for improved visibility - XL Value Package - Folding Trailer Tow Mirrors with Power Heated Glass - Sync Communications & Entertainment System - Dual rear wheels with 19.5"" Argent Painted Steel wheels - Utility Lighting System for enhanced work capability This truck is equipped with comprehensive safety features including dual front impact airbags, dual front side impact airbags, overhead airbag, 4-wheel disc brakes with ABS, and an Emergency Communication System with 911 Assist. The advanced security package and MyKey system provide additional peace of mind. Power steering, power locks, power windows, and remote keyless entry combine with steering wheel-mounted cruise control and audio controls for comfortable operation. Air conditioning keeps the cab comfortable, while the tachometer, trip computer, and outside temperature display provide essential information at a glance. Visit us today to experience this capable F-450SD and discover how it can meet your commercial and personal hauling needs.",available,used,44985.00 USD,https://www.thatguythatsellscars.com/inventory/3027383,https://pictures.web.dealer.com/l/lewisfordfd/1061/55cd54c25f637a18f1f835f13374da19x.jpg,1FDUF4HN3NEC05907,2022,Ford,F-450SD,XL,TRUCK,42974,MI,Oxford White,Medium Earth Gray,AUTOMATIC,4X4,GASOLINE,"{addr1: '323 E Main Street', city: 'Farmington', region: 'AR', postal_code: '72730', country: 'US'}"
5J6RW2H82LA004765,2020 Honda CR-V EX-L,"Home OF The Lewis Guarantee This 2020 Honda CR-V EX-L combines reliability and capability in a well-appointed package. With its 1.5L I4 engine and all-wheel drive, you'll enjoy a responsive drive paired with solid fuel economy of 27 city and 32 highway mpg. The white exterior presents a clean, versatile appearance that works for any lifestyle. Key Features: - 1 Year Free Oil Changes - 1 Year Free Tire Rotation - 3Yr/36,000 Mile Warranty - Locally Owned - Adaptive Cruise Control with Low-Speed Follow - Premium Audio System with SiriusXM and Apple CarPlay/Android Auto - Heated Front Bucket Seats with Leather Trim - Power Moonroof - Blind Spot Information System with Forward Collision Mitigation - 18"" Alloy Wheels This CR-V is equipped with comprehensive comfort and convenience features including dual-zone automatic climate control, a power liftgate, and heated leather seats. Safety is prioritized with blind spot monitoring, forward collision warning with mitigation braking, electronic stability control, and multiple airbags throughout the cabin. The intuitive infotainment system integrates Apple CarPlay and Android Auto for seamless smartphone connectivity. This vehicle comes certified with our confidence-backing warranty and maintenance package, ensuring peace of mind with every mile. We stand behind this CR-V's quality and condition. Ready to experience this capable, well-equipped Honda CR-V? Visit us today to take it for a test drive and discover why it's the perfect fit for your needs.",available,used,26292.00 USD,https://www.thatguythatsellscars.com/inventory/3026546,https://pictures.web.dealer.com/l/lewisfordfd/0016/e06893fc2abb24c53a242e3795c1ac02x.jpg,5J6RW2H82LA004765,2020,Honda,CR-V,EX-L,SUV,91082,MI,White,Black,AUTOMATIC,AWD,GASOLINE,"{addr1: '323 E Main Street', city: 'Farmington', region: 'AR', postal_code: '72730', country: 'US'}"
1C6PJTAG8SL513935,2025 Jeep Gladiator Nighthawk,"Meet the 2025 Jeep Gladiator Nighthawk, a commanding pickup truck built for those who demand capability and distinctive style. With low mileage at just over 10,000 miles, this locally owned, one-owner vehicle delivers the performance and rugged character Jeep owners expect. The striking Fathom Blue Pearlcoat exterior paired with the body color 3-piece hard top creates an aggressive, modern presence on any road. Key Features: - Quick Order Package 24X Night Hawk with premium Nighthawk styling - Uconnect 5 touchscreen with 12.3"" display and smartphone integration - Body color 3-piece hard top with freedom panel storage - 20"" painted black aluminum wheels on sport suspension - Power heated mirrors and rear window defroster - Dana M210 wide front and M220 wide rear axles - ParkView rear backup camera - Deep tint sunscreen windows and daytime running lamps - Anti-spin differential rear axle and sport rear shock absorbers This truck comes equipped with a potent 3.6L V6 engine delivering 22 highway MPG, paired with an 8-speed automatic transmission and confident 4WD capability. The interior features supportive front bucket seats, SiriusXM satellite radio, and advanced connectivity including Apple CarPlay and Android Auto compatibility. Intelligent safety systems including electronic stability control, traction control, and multiple airbags provide peace of mind on every journey. We stand behind this vehicle with comprehensive peace of mind: one year of free oil changes, one year of free tire rotations, and a solid 5-year/60,000-mile warranty to protect your investment. This is your opportunity to own a distinctive, well-maintained Gladiator with modern technology and rugged capability. Schedule your test drive today and experience why the Nighthawk stands out in the truck segment.",available,used,39000.00 USD,https://www.thatguythatsellscars.com/inventory/3026547,https://pictures.web.dealer.com/l/lewischryslerdodgecllc/0372/2aface44f306036e8580c855249d1a39x.jpg,1C6PJTAG8SL513935,2025,Jeep,Gladiator,Nighthawk,TRUCK,10494,MI,Fathom Blue Pearlcoat,Black,AUTOMATIC,4X4,GASOLINE,"{addr1: '323 E Main Street', city: 'Farmington', region: 'AR', postal_code: '72730', country: 'US'}"
5LM5J6XC1NGL21610,2022 Lincoln Aviator Standard,"Certified. 5YR/60,000 Mile Warranty, 1 Year Free Oil Changes, 1 Year Free Tire Rotation. Black Metallic 2022 Lincoln Aviator Standard Premium AWD 10-Speed Automatic 3.0L V6 Odometer is 28234 miles below market average! Certification Program Details: Lewis Automotive Guarantee",available,used,38461.00 USD,https://www.thatguythatsellscars.com/inventory/3026545,https://pictures.web.dealer.com/l/lewisfordfd/0897/05a63188e981bbcbaf37c7732fba018dx.jpg,5LM5J6XC1NGL21610,2022,Lincoln,Aviator,Standard,SUV,34972,MI,Black Metallic,Ebony,AUTOMATIC,AWD,GASOLINE,"{addr1: '323 E Main Street', city: 'Farmington', region: 'AR', postal_code: '72730', country: 'US'}"
1G1YY22G9X5109516,1999 Chevrolet Corvette Base,"This 1999 Chevrolet Corvette Base delivers classic American sports car performance in a stunning red exterior. With just 22,526 miles, this well-preserved example showcases the timeless appeal of the C5 generation. Powered by a 5.7L V8 Sfi engine paired with a 4-speed automatic transmission with overdrive, it combines spirited performance with driver-friendly convenience. Key Features: - Removable transparent blue tint roof panel - Heads-up display instrumentation - Electronic dual zone air conditioning - Memory package with 6-way power passenger seat - Etr AM/FM stereo with compact disc and auto tone control - Fog lamps and performance ratio axle - Leather bucket seats and leather steering wheel - Power windows, doors, and mirrors with memory function - Speed-sensing steering and traction control This Corvette's low mileage reflects careful ownership and meticulous maintenance. The interior combines comfort and sportiness with leather appointments, power-adjustable seating, and a full suite of convenience features. The distinctive removable roof panel offers open-air driving pleasure on demand, while the heads-up display keeps essential information within your line of sight. Experience the thrill of authentic Corvette driving by visiting us today to take the wheel of this exceptional sports car.",available,used,21572.00 USD,https://www.thatguythatsellscars.com/inventory/3026537,https://pictures.web.dealer.com/l/lewisfordfd/0118/a927b610a640c5b9eca0f248cdc51f46x.jpg,1G1YY22G9X5109516,1999,Chevrolet,Corvette,Base,COUPE,22526,MI,Torch Red,Black,AUTOMATIC,RWD,GASOLINE,"{addr1: '323 E Main Street', city: 'Farmington', region: 'AR', postal_code: '72730', country: 'US'}"
1GTUUAED3RZ351467,2024 GMC Sierra 1500 Pro,"Certified. 3YR/36,000 Mile Warranty, 1 Year Free Oil Changes, 1 Year Free Tire Rotation, Locally Owned, 10-Speed Automatic, 4WD, Black Cloth, 2 Charge/Data USB Ports, 220 Amp Alternator, Auto-Locking Rear Differential, Body Color Lower Front Bumper, Body Color Upper Grille, Chrome Header w/Flat Black Grille Insert Bars, Color-Keyed Carpeting Floor Covering, Convenience Package, Cruise Control, Deep-Tinted Glass, Electric Rear-Window Defogger, EZ Lift Power Lock & Release Tailgate, Front Frame-Mounted Black Recovery Hooks, Front Rubberized-Vinyl Floor Mats, Gmc Connected Access Capable, Graphite Edition, HD Rear Vision Camera, Heated Power-Adjustable Outside Mirrors, Heavy-Duty Air Filter, High Capacity Suspension Package, Hill Descent Control, Hitch Guidance, LED Cargo Area Lighting, Off-Road Suspension, OnStar & Gmc Connected Services Capable, Power Door Locks, Power Front Windows w/Driver Express Up/Down, Power Front Windows w/Passenger Express Down, Power Rear Windows w/Express Down, Preferred Equipment Group 1SA, Pro Value Package, Push Button Start, Rear Body-Color Bumper, Rear Rubberized-Vinyl Floor Mats, Remote Keyless Entry, Remote Vehicle Starter System, SiriusXM, Solar Absorbing Tinted Glass, Theft Deterrent System (Unauthorized Entry), Trailering Package, Wheels: 20"" x 9"" High Gloss Black Painted Aluminum, Wi-Fi Hotspot Capable, X31 Hard Badge, X31 Off-Road Package. Summit White 2024 Gmc Sierra 1500 Pro 4WD 10-Speed Automatic EcoTec3 5.3L V8 Certification Program Details: Lewis Automotive Guarantee",available,used,36897.00 USD,https://www.thatguythatsellscars.com/inventory/3028237,https://pictures.web.dealer.com/l/lewischryslerdodgecllc/0125/af900e4f6850a1b7a897c9969ea376b1x.jpg,1GTUUAED3RZ351467,2024,GMC,Sierra 1500,Pro,TRUCK,67410,MI,Summit White,Black,AUTOMATIC,4X4,GASOLINE,"{addr1: '323 E Main Street', city: 'Farmington', region: 'AR', postal_code: '72730', country: 'US'}"
1C4PJLCB8LD653649,2020 Jeep Cherokee Latitude,"This 2020 Jeep Cherokee Latitude combines practicality with reliable performance, delivering a smooth driving experience suited for daily commutes and weekend adventures. With its white exterior and efficient 2.4L four-cylinder engine paired with a nine-speed automatic transmission, this front-wheel-drive compact Suv offers an ideal balance of capability and fuel economy. Achieving 22 mpg city and 31 mpg highway, this Cherokee provides excellent value for budget-conscious drivers. **Key Features:** - Uconnect 4 infotainment system with 7"" touchscreen display - Apple CarPlay and Android Auto smartphone integration - ParkView rear backup camera - Remote keyless entry and push-button start - Heated power mirrors with integrated turn signals - Electronic stability control and traction control - Four-wheel independent suspension for confident handling - Dual front and side airbags with knee airbags - Split-folding rear seats for flexible cargo space This locally owned vehicle has been well maintained throughout its service life and shows the care expected from an owner who valued regular upkeep. The Cherokee comes equipped with our confidence-building warranty and complimentary service offerings to keep your investment protected. Visit us today to experience the 2020 Jeep Cherokee Latitude and discover why this Suv remains a trusted choice for drivers seeking dependable transportation with modern convenience features at a fair price.",available,used,17814.00 USD,https://www.thatguythatsellscars.com/inventory/3027385,https://pictures.web.dealer.com/l/lewischryslerdodgecllc/0193/90e243c37a39686e35100b97aace7acax.jpg,1C4PJLCB8LD653649,2020,Jeep,Cherokee,Latitude,SUV,80860,MI,Bright White Clearcoat,Black,AUTOMATIC,FWD,GASOLINE,"{addr1: '323 E Main Street', city: 'Farmington', region: 'AR', postal_code: '72730', country: 'US'}"
1C6HJTAG2NL121350,2022 Jeep Gladiator Sport,"Home OF The Lewis Guarantee This 2022 Jeep Gladiator Altitude is a capable truck built for work and adventure. Finished in Sting-Gray Clearcoat with a rugged stance, this 4WD crew cab delivers power and practicality with its 3.6L V6 engine paired to an 8-speed automatic transmission. With an average of around 19 mpg combined, this Gladiator balances performance with reasonable efficiency for a truck of its class. **Key Features:** - Quick Order Package 24T Altitude - 8.4"" Uconnect Radio & Premium Audio Group - Alpine Premium Audio System with 8 speakers - Mopar All-Weather Slush Mats - Corning Gorilla Glass with deep tint sunscreen windows - ParkView Rear Back-Up Camera - Class IV Receiver Hitch with Trailer Tow Package - Apple CarPlay and Android Auto integration - Leather-wrapped steering wheel with audio controls - Power-heated mirrors and remote keyless entry This truck shows approximately 70,030 miles and comes well-maintained. The Altitude trim adds refined styling details and comfort upgrades that distinguish it from base models, including aluminum wheels and premium moldings. We've backed this Gladiator with a comprehensive 3-year/36,000-mile warranty. Plus, enjoy one year of free oil changes and free tire rotations to keep your truck running strong. Visit us today to experience the capability and comfort this Gladiator Altitude has to offer.",available,used,32975.00 USD,https://www.thatguythatsellscars.com/inventory/3027379,https://pictures.web.dealer.com/l/lewisfordfd/1910/da01308452947fd033ca6e603e3416d3x.jpg,1C6HJTAG2NL121350,2022,Jeep,Gladiator,Sport,TRUCK,63538,MI,Sting-Gray Clearcoat,Black,AUTOMATIC,4X4,GASOLINE,"{addr1: '323 E Main Street', city: 'Farmington', region: 'AR', postal_code: '72730', country: 'US'}"
5XYP64HC6LG021971,2020 Kia Telluride S,"This 2020 Kia Telluride S is a spacious three-row Suv built to handle whatever your family needs. With a powerful 3.8L V6 engine, responsive handling, and an eight-speed automatic transmission, it delivers smooth performance on both city streets and highway drives. The sleek black exterior and well-appointed interior make this Telluride an attractive choice for those seeking reliability and comfort in a full-size Suv. - 1 Year Free Oil Changes - 1 Year Free Tire Rotation - 6-Month/6,000-Mile Warranty - Apple CarPlay & Android Auto - SiriusXM Satellite Radio - Heated Front Bucket Seats - Power Moonroof - Three-Row Seating with Reclining Third Row - 20-Inch Machined Alloy Wheels - Power Driver Seat This Telluride presents in excellent condition with well-maintained features throughout. The interior remains clean and ready for daily driving, while the exterior finish is in solid shape. All systems are functioning as intended, giving you confidence in your purchase. Come experience this capable Suv firsthand. Visit us today to take the Telluride for a test drive and discover why it's the perfect fit for your lifestyle.",available,used,20933.00 USD,https://www.thatguythatsellscars.com/inventory/3027863,https://pictures.web.dealer.com/l/lewischryslerdodgecllc/1725/b0d2ccf8a2573c0ef1fa664af67b902ax.jpg,5XYP64HC6LG021971,2020,Kia,Telluride,S,SUV,112955,MI,Ebony Black,Black,AUTOMATIC,FWD,GASOLINE,"{addr1: '323 E Main Street', city: 'Farmington', region: 'AR', postal_code: '72730', country: 'US'}"
3GNAXHEG0TL342017,2026 Chevrolet Equinox LT,"Discover this well-maintained 2026 Chevrolet Equinox LT, a versatile compact Suv with only 18,810 miles and one previous owner. This white exterior Equinox combines practical design with thoughtful technology features to meet your everyday driving needs. With its 1.5L Dohc engine and convenient continuously variable transmission, this vehicle delivers 26 city and 29 highway MPG for efficient performance on any road. - Dual-Zone Automatic Climate Control - Autosense Hands-Free Programmable Power Liftgate - Wireless Phone Charging For Portable Devices - Navigation System with 11.3"" Advanced Color Lcd Display - Driver 8-Way Power Seat Adjuster with 2-Way Power Lumbar Control - Heated Driver and Front Passenger Seats - Heated Steering Wheel - Programmable Universal Home Remote - SiriusXM with 360L Trial Subscription - Rain-Sensing Wipers with Heated Park Function This Equinox arrives with exceptional care reflected in its low mileage for the model year. The vehicle has been maintained to dealership standards, ensuring you're investing in a reliable compact Suv ready for your daily commute and weekend adventures. This vehicle is certified and backed by our commitment to quality. You can drive with confidence knowing this Equinox meets our certification standards and is supported by comprehensive coverage. Don't miss this opportunity to own a practical, well-equipped 2026 Chevrolet Equinox LT. Visit our dealership today to experience this capable Suv firsthand and take it for a test drive.",available,used,30900.00 USD,https://www.thatguythatsellscars.com/inventory/3028960,https://pictures.web.dealer.com/l/lewischryslerdodgecllc/0608/797fb520122e38d128bbf4c7bcdd1abax.jpg,3GNAXHEG0TL342017,2026,Chevrolet,Equinox,LT,SUV,18810,MI,Summit White,Artemis Gray,AUTOMATIC,FWD,GASOLINE,"{addr1: '323 E Main Street', city: 'Farmington', region: 'AR', postal_code: '72730', country: 'US'}"
ZACCJAAT6FPC06628,2015 Jeep Renegade Sport,"Meet this spirited 2015 Jeep Renegade Sport in eye-catching green, a locally owned, one-owner vehicle ready for your next adventure. With a 2.4L I-4 flex fuel engine delivering 22 city and 31 highway MPG, this nimble Suv balances capability with efficiency. The Renegade Sport combines practical styling with the versatility Jeep owners expect. **Features & Benefits:** - Uconnect 3.0 AM/FM Radio with steering wheel controls - Power & Air Group for convenience - Electronic Stability Control and Traction Control for confident handling - Four-wheel independent suspension for smooth rides - Dual front impact and side impact airbags with knee airbag protection - Split folding rear seat for flexible cargo space - Power steering, windows, and heated mirrors - Remote keyless entry and illuminated entry - Air conditioning with rear window defroster - 4-wheel disc brakes with ABS This Sport model arrives well-maintained and ready to impress. You'll appreciate the straightforward, capable design that makes the Renegade a smart choice for daily driving and weekend exploration alike. The durable interior, responsive handling, and fuel efficiency create an engaging ownership experience. We're confident in this vehicle's quality, which is why we back it with a 6-month/6,000-mile warranty plus one year of free oil changes and tire rotations. These added protections reflect our commitment to your satisfaction and peace of mind behind the wheel. Visit our showroom today to test drive this capable Renegade Sport and discover why so many drivers trust Jeep's legendary durability and design.",available,used,10997.00 USD,https://www.thatguythatsellscars.com/inventory/3027864,https://pictures.web.dealer.com/l/lewischryslerdodgecllc/0867/1ce952f92fb53643c2e8f6b91af6fcfbx.jpg,ZACCJAAT6FPC06628,2015,Jeep,Renegade,Sport,SUV,138558,MI,Commando,Black,AUTOMATIC,FWD,GASOLINE,"{addr1: '323 E Main Street', city: 'Farmington', region: 'AR', postal_code: '72730', country: 'US'}"
JTJHW31U582049471,2008 LEXUS RX 400h,"This 2008 Lexus RX 400h combines luxury and efficiency with its hybrid powertrain, delivering an estimated 26 city and 24 highway mpg. The green exterior presents a distinctive appearance, while the well-appointed interior reflects Lexus's commitment to quality and comfort. With advanced technology and premium features, this Suv is ready to enhance your driving experience. - 18"" Alloy Wheels - Navigation System - Heated Front Seats with Rain-Sensing Wipers - BluetoothÂ® - Rear-View Camera - One-Touch Open/Close Moonroof - Power Tilt/Telescoping Steering Wheel with Memory - Premium Plus Package - Adaptive Front Lighting System - Leather Seat Trim This RX 400h offers a roomy cabin designed for passenger comfort and convenience. The hybrid V6 engine paired with all-wheel drive provides capable performance while maintaining impressive fuel economy. Premium amenities including wood interior trim, a sophisticated audio system, and comprehensive climate control create an upscale atmosphere for every journey. Don't miss the opportunity to own this refined Lexus hybrid. Visit our showroom today to experience the RX 400h's blend of luxury, efficiency, and reliability firsthand.",available,used,6879.00 USD,https://www.thatguythatsellscars.com/inventory/3028961,https://pictures.web.dealer.com/l/lewischryslerdodgecllc/1220/eb87441cad3b7dcb994fe3ea682074e3x.jpg,JTJHW31U582049471,2008,LEXUS,RX,400h,SUV,259689,MI,Bamboo Pearl,Ivory,AUTOMATIC,AWD,HYBRID,"{addr1: '323 E Main Street', city: 'Farmington', region: 'AR', postal_code: '72730', country: 'US'}"
3TYLC5LN7ST018766,2025 Toyota Tacoma Hybrid TRD Sport,"Home OF The Lewis Guarantee This 2025 Toyota Tacoma Hybrid Trd Sport delivers powerful performance and versatility in striking orange. Built for those who demand capability and efficiency, this 2.4L turbocharged hybrid pairs impressive fuel economy with genuine truck functionality. With 22 city and 24 highway MPG, you get the power of a truck without sacrificing efficiency at the pump. Key Features: - 1 Year Free Oil Changes - 1 Year Free Tire Rotation - 5-Year/60,000-Mile Warranty - Premium Audio with 14"" Display - Arb Rear Tow Hooks - Predator Drop Step - Non-Skid Spray-On Bed Liner - Black Chrome Exhaust Tip - Bed Scene Lighting - 18"" Trd Sport Alloy Wheels This hybrid truck arrives in excellent condition with just 17,700 miles, representing minimal use and maximum value. The Trd Sport trim delivers aggressive styling and genuine off-road capability wrapped in a vehicle that respects both your wallet and the environment. This vehicle is certified, giving you confidence in its quality and performance. Don't miss this exceptional hybrid truck. Visit our showroom today to experience the perfect blend of power, efficiency, and style.",available,used,47308.00 USD,https://www.thatguythatsellscars.com/inventory/3027872,https://pictures.web.dealer.com/l/lewisfordfd/1608/dd2322679a2d529943379041a2d50498x.jpg,3TYLC5LN7ST018766,2025,Toyota,Tacoma Hybrid,TRD Sport,TRUCK,17765,MI,Terra,Black,AUTOMATIC,4X4,HYBRID,"{addr1: '323 E Main Street', city: 'Farmington', region: 'AR', postal_code: '72730', country: 'US'}"
3GCUYDED8KG120091,2019 Chevrolet Silverado 1500 LT,"8-Speed Automatic, 4WD, Jet Black Cloth, 10-Way Power Driver Seat w/Lumbar, 12-Volt Rear Auxiliary Power Outlet, 120-Volt Bed Mounted Power Outlet, 120-Volt Instrument Panel Power Outlet, 2 USB Ports, 40/20/40 Front Split-Bench Seat, All-Star Edition, Convenience Package, Convenience Package II, Dual-Zone Automatic Climate Control, Electric Rear-Window Defogger, Electrical Lock Control Steering Column, EZ Lift Power Lock & Release Tailgate, HD Radio, HD Rear Vision Camera, Heated Driver & Front Passenger Seats, Heated Steering Wheel, Heavy-Duty Rear Locking Differential, Hitch Guidance, Keyless Open & Start, Leather Wrapped Steering Wheel, LED Cargo Area Lighting, Manual Tilt/Telescoping Steering Column, Power Sliding Rear Window w/Rear Defogger, Radio: Chevrolet Infotainment 3 Plus System, Rear Dual USB Charging-Only Ports, Remote Vehicle Starter System, SiriusXM Radio, Theft Deterrent System (Unauthorized Entry), Trailering Package, Universal Home Remote. Red Hot 2019 Chevrolet Silverado 1500 LT 4WD 8-Speed Automatic EcoTec3 5.3L V8",available,used,21781.00 USD,https://www.thatguythatsellscars.com/inventory/3029735,https://pictures.web.dealer.com/l/lewischryslerdodgecllc/0751/9f6a4743f693473518a7063daf47c7cex.jpg,3GCUYDED8KG120091,2019,Chevrolet,Silverado 1500,LT,TRUCK,293938,MI,Red Hot,Jet Black,AUTOMATIC,4X4,GASOLINE,"{addr1: '323 E Main Street', city: 'Farmington', region: 'AR', postal_code: '72730', country: 'US'}"
1GNSKHKC7GR100635,2016 Chevrolet Suburban LT,"This 2016 Chevrolet Suburban LT is a locally owned, well-maintained full-size Suv ready to serve your family with capability and comfort. With its EcoTec3 5.3L V8 Flex Fuel engine, 4WD system, and spacious three-row seating, this Suburban delivers the versatility you need for any adventure. **Key Features:** - Power Tilt-Sliding Sunroof with Express-Open/Close - Luxury Package with Premium Amenities - Rear Seat Entertainment System with Blu-Ray/DVD - Bose Premium Audio System with SiriusXM - Heated Leather Steering Wheel and Heated 2nd Row Seats - Power-Adjustable Accelerator & Brake Pedals - Enhanced Driver Alert Package - Hands-Free Power Liftgate - Wireless Charging - Lane Keep Assist with Side Blind Zone Alert This Suv offers a commanding presence with its black exterior and well-appointed interior. The Luxury Package elevates your driving experience with premium comfort features, while advanced technology like Lane Keep Assist, Rear Park Assist, and OnStar provides peace of mind on every journey. The rear seat entertainment system keeps passengers engaged, and the power-folding third row makes cargo management effortless. Visit us today to experience the commanding comfort and capability of this Suburban firsthand.",available,used,19000.00 USD,https://www.thatguythatsellscars.com/inventory/3027378,https://pictures.web.dealer.com/l/lewischryslerdodgecllc/0054/f5b3a828c85ee75c08b2b2b2c3fbc3c2x.jpg,1GNSKHKC7GR100635,2016,Chevrolet,Suburban,LT,SUV,152111,MI,Black,Jet Black,AUTOMATIC,4X4,FLEX,"{addr1: '323 E Main Street', city: 'Farmington', region: 'AR', postal_code: '72730', country: 'US'}"
1FMCU0F77JUB96501,2018 Ford Escape S,"This 2018 Ford Escape S offers practical Suv capability with a fuel-efficient 2.5L engine delivering 21 city and 29 highway MPG. The clean white exterior and front-wheel drive setup make this a reliable choice for daily commuting and weekend adventures. With modest mileage for its model year, this Escape is ready to serve you well for years to come. - Sync Communications & Entertainment System - Rear backup camera - Remote keyless entry - Bluetooth-ready audio with steering wheel controls - Climate control with rear window defroster - Power windows, mirrors, and steering - Dual front and side airbags with knee protection - 4-wheel disc brakes with electronic stability control - 17"" steel wheels with covers The Escape has been well-maintained and presents in good condition throughout. The cloth front bucket seats provide comfortable seating, while the split-folding rear seat offers flexible cargo space. Standard safety features include a full suite of airbags, traction control, and brake assist for confident handling in various driving conditions. Visit our showroom today to experience this dependable Ford Escape in person. We're confident you'll appreciate its combination of efficiency, safety, and versatile interior space.",available,used,7761.00 USD,https://www.thatguythatsellscars.com/inventory/3028235,https://pictures.web.dealer.com/l/lewisfordfd/0277/97ee7fe54682285044189ea943bdd1ccx.jpg,1FMCU0F77JUB96501,2018,Ford,Escape,S,SUV,152953,MI,Oxford White,Black,AUTOMATIC,FWD,FLEX,"{addr1: '323 E Main Street', city: 'Farmington', region: 'AR', postal_code: '72730', country: 'US'}"
5FPYK3F65SB007631,2025 Honda Ridgeline TrailSport,"Meet the 2025 Honda Ridgeline TrailSport, a capable pickup truck built for both daily driving and adventure. This Blue beauty combines rugged performance with refined comfort, delivering a dependable driving experience backed by Honda's engineering excellence. With its powerful 3.5L V6 engine and intelligent AWD system, this truck handles any terrain with confidence. - 1 Year Free Oil Changes - 1 Year Free Tire Rotation - 5-Year/60,000-Mile Warranty - One Owner - Honda Satellite-Linked Navigation System - SiriusXM Satellite Radio with 215-Watt Audio System - Heated Leather Front Bucket Seats with Power Controls - Blind Spot Information System with Rear Camera - Power Moonroof - 18"" TrailSport Pewter Gray Alloy Wheels This Ridgeline arrives in excellent condition with 22,145 miles, demonstrating careful ownership and light use. The truck's well-maintained interior features leather seating, dual-zone automatic climate control, and premium audio entertainment to keep you comfortable on every journey. As a certified pre-owned vehicle, this Ridgeline has been thoroughly inspected and approved to meet Honda standards for quality and reliability. You can drive with confidence knowing this truck has passed rigorous testing. The Ridgeline TrailSport represents the perfect blend of truck capability and premium amenities. Visit us today to experience this exceptional vehicle firsthand.",available,used,41500.00 USD,https://www.thatguythatsellscars.com/inventory/3028244,https://pictures.web.dealer.com/l/lewischryslerdodgecllc/0024/a58bd67abf1f6008c62e252c4ce8c3c5x.jpg,5FPYK3F65SB007631,2025,Honda,Ridgeline,TrailSport,TRUCK,22145,MI,Pearl,Black,AUTOMATIC,AWD,GASOLINE,"{addr1: '323 E Main Street', city: 'Farmington', region: 'AR', postal_code: '72730', country: 'US'}"
1C4HJXEN9LW127926,2020 Jeep Wrangler Unlimited Sahara,"Meet this standout 2020 Jeep Wrangler Unlimited Sahara in striking yellowâ""a vehicle built for adventure and designed to turn heads. With a one-owner history and meticulous maintenance records, this Wrangler delivers the iconic capability and style you expect from the Jeep brand, paired with modern conveniences for everyday driving. Key Features: - 2.0L EcoBoost I4 engine with 8-speed automatic transmission - 4WD with heavy-duty suspension and gas shocks - Heated door mirrors for year-round comfort - Uconnect 4 with 7"" display, Apple CarPlay, and SiriusXM - ParkView rear backup camera - 18"" polished wheels with gray spokes - Electronic stability and traction control - Dual front airbags and occupant sensing protection - Split folding rear seats with front bucket seating This well-maintained Unlimited Sahara combines rugged performance with thoughtful features. The fuel efficiency of 21 city and 22 highway MPG makes it practical for daily use, while the spacious Unlimited cabin offers room for passengers and cargo. Climate control, power windows, remote keyless entry, and integrated voice command keep you comfortable and connected on every drive. Our one-year complimentary oil changes and tire rotations, along with a six-month, 6,000-mile warranty, demonstrate our commitment to your satisfaction. We stand behind this vehicle's quality and reliability. Experience this exceptional Wrangler in personâ""stop by today and discover why it's ready for your next journey.",available,used,25956.00 USD,https://www.thatguythatsellscars.com/inventory/3027380,https://pictures.web.dealer.com/l/lewischryslerdodgecllc/0537/97542e05bd56b14928a2a6491c1d8bc4x.jpg,1C4HJXEN9LW127926,2020,Jeep,Wrangler,Unlimited Sahara,SUV,102625,MI,Baja Yellow Clearcoat,Black,AUTOMATIC,4X4,GASOLINE,"{addr1: '323 E Main Street', city: 'Farmington', region: 'AR', postal_code: '72730', country: 'US'}"
JN8AY2NC5H9508973,2017 Nissan Armada Platinum,"Home OF The Lewis Guarantee This 2017 Nissan Armada Platinum in striking Orange delivers commanding presence and capability for families who demand more from their vehicle. With its robust 5.6L V8 engine, 4WD system, and seating for up to eight passengers, this full-size Suv is engineered to handle whatever your lifestyle requires. - 1 Year Free Oil Changes - 1 Year Free Tire Rotation - 3-Year/36,000-Mile Warranty - 5.6L V8 Dohc 32V Engine with 7-Speed Automatic - 4WD with Auto-Leveling Suspension - Heated & Cooled Front Bucket Seats with Leather Trim - Three-Zone Automatic Climate Control with Rear A/C - Navigation System with Backup Camera - Bose Premium Audio with SiriusXM and CD Player - Power Moonroof - 20-Inch Chrome Wheels with Machine-Faced Design - Roof Rail Cross Bars - USB Charging Ports Throughout - Power Liftgate - Lane Departure Warning System The Platinum trim represents the pinnacle of comfort and refinement for this generation Armada. Heated and cooled leather front seats welcome you each time you drive, while the extensive interior lighting package, illuminated kick plates, and HomeLink garage door transmitter add everyday convenience. The three-row configuration with split-folding capability ensures you can adapt cargo space to fit your needs, and the reclining third row seats make long trips more comfortable for all passengers. Technology and safety work together seamlessly in this Armada. Lane Departure Warning System, Electronic Stability Control, and a comprehensive airbag system including overhead airbags provide security for you and your family. The navigation system keeps you on course, while steering wheel-mounted audio controls and the Bose sound system keep your journey connected and entertaining. Dual-zone automatic temperature control means front and rear passengers enjoy their preferred climate independently. Built for real-world capability, the 4WD system and auto-leveling suspension deliver composed handling whether you're navigating city streets or venturing off the beaten path. The power steering, speed-sensing steering, and four-wheel independent suspension contribute to a controlled, responsive driving experience. Fully automatic headlights with delay-off functionality and rain-sensing wipers add practical touches that enhance every drive. At 81,555 miles, this Armada has been maintained and is ready to serve your family well into the future. The complimentary oil changes and tire rotations for one year, plus the three-year warranty, provide added peace of mind and value. The combination of premium features, proven reliability, and genuine capability make this Platinum model an outstanding choice for buyers serious about quality and functionality. We invite you to experience this 2017 Nissan Armada Platinum firsthand and discover why it stands as a leader in the full-size Suv segment.",available,used,21895.00 USD,https://www.thatguythatsellscars.com/inventory/3023311,https://pictures.web.dealer.com/l/lewisfordfd/1693/a570af657c3af00cd2e41331248216cbx.jpg,JN8AY2NC5H9508973,2017,Nissan,Armada,Platinum,SUV,81559,MI,Forged Copper,Tan,AUTOMATIC,4X4,GASOLINE,"{addr1: '323 E Main Street', city: 'Farmington', region: 'AR', postal_code: '72730', country: 'US'}"
2C4RC1BG2RR122750,2024 Chrysler Pacifica Touring L,"Home OF The Lewis Guarantee This 2024 Chrysler Pacifica Touring L offers reliable family transportation with practicality and comfort at the forefront. With nearly 34,000 miles, this minivan delivers an efficient 19 city and 28 highway MPG, making it a sensible choice for daily driving and longer journeys alike. The sharp white exterior combines with an inviting interior to create an appealing package ready for your family's adventures. Key Features: - 1 Year Free Oil Changes - 1 Year Free Tire Rotation - 5-Year/60,000-Mile Warranty - Uconnect 5 with 10.1"" Touchscreen Display - Apple CarPlay and Android Auto Integration - ParkView Rear Back-Up Camera - Heated Front Seats and Steering Wheel - Power Liftgate with Remote Access - Front Dual Zone and Rear Air Conditioning - Electronic Stability Control and Traction Control This vehicle is well-maintained and ready to serve you reliably. The interior features comfortable leatherette bucket seating, heated front seats, and an intuitive Uconnect 5 system with a 10.1-inch display that keeps you connected on every drive. Climate control extends throughout the cabin with front dual-zone air conditioning and rear climate zones, ensuring passenger comfort regardless of the season. This Pacifica comes certified with our commitment to quality and peace of mind. With our comprehensive warranty coverage and included maintenance services, you're backed by our dedication to customer satisfaction. Visit us today to experience this versatile minivan firsthand and discover why families choose the Pacifica for their transportation needs.",available,used,30879.00 USD,https://www.thatguythatsellscars.com/inventory/3028964,https://pictures.web.dealer.com/l/lewisfordfd/0110/29f469b602d986cf5c75a66a64043b76x.jpg,2C4RC1BG2RR122750,2024,Chrysler,Pacifica,Touring L,MINIVAN,33272,MI,Bright White Clearcoat,Black/Alloy/Black,AUTOMATIC,FWD,GASOLINE,"{addr1: '323 E Main Street', city: 'Farmington', region: 'AR', postal_code: '72730', country: 'US'}"
1FMCU0MN0RUB48075,2024 Ford Escape ST-Line,"Home OF The Lewis Guarantee Introducing the 2024 Ford Escape ST-Line, a silver compact Suv delivering a perfect blend of style and efficiency. With its 1.5L EcoBoost engine and 8-speed automatic transmission, this front-wheel-drive vehicle achieves an impressive 27 city and 34 highway MPG, making it an excellent choice for both daily commutes and weekend adventures. At just over 12,400 miles, this low-mileage escape is ready to serve its next owner with years of reliable performance. Key Features: - Sync 4 with Enhanced Voice Recognition - Adaptive Cruise Control with Stop-and-Go - Ford Co-Pilot360 Assist+ safety technology - Rear parking sensors and backup camera - 18-inch rock metallic painted aluminum wheels - Power liftgate and power driver seat - Dual-zone automatic temperature control - Premium sport steering wheel This well-maintained Escape showcases careful ownership with clean condition throughout both interior and exterior. The ST-Line trim offers sport-inspired styling with body-color bumpers, roof rack rails, and a distinctive spoiler that enhance its athletic appearance. This vehicle comes certified with comprehensive warranty coverage including a 5-year, 60,000-mile warranty, plus one year of complimentary oil changes and tire rotationsâ""giving you confidence in your investment and valuable savings on routine maintenance. Stop by today to experience the 2024 Ford Escape ST-Line firsthand and discover why it's the perfect balance of capability, comfort, and value for your next vehicle.",available,used,27447.00 USD,https://www.thatguythatsellscars.com/inventory/3028957,https://pictures.web.dealer.com/l/lewisfordfd/0903/8d2128170e8a6631bfe9d671cea2614cx.jpg,1FMCU0MN0RUB48075,2024,Ford,Escape,ST-Line,SUV,12469,MI,Silver Metallic,Ebony,AUTOMATIC,FWD,GASOLINE,"{addr1: '323 E Main Street', city: 'Farmington', region: 'AR', postal_code: '72730', country: 'US'}"
KMHDH4AE8DU501269,2013 Hyundai Elantra GLS,Blue Sky Metallic 2013 Hyundai Elantra Gls FWD 6-Speed Automatic with Overdrive 1.8L 4-Cylinder Dohc 16V Dual Cvvt Odometer is 26297 miles below market average! 28/38 City/Highway MPG,available,used,9000.00 USD,https://www.thatguythatsellscars.com/inventory/3027868,https://pictures.web.dealer.com/s/springdalefordfd/0313/d608a459adacf662bd19f55daee6113dx.jpg,KMHDH4AE8DU501269,2013,Hyundai,Elantra,GLS,SEDAN,104685,MI,Blue Sky Metallic,Beige,AUTOMATIC,FWD,GASOLINE,"{addr1: '323 E Main Street', city: 'Farmington', region: 'AR', postal_code: '72730', country: 'US'}"
KMHLP4DG6TU144801,2026 Hyundai Elantra Limited,"Home OF The Lewis Guarantee This 2026 Hyundai Elantra Limited is a sharp, fuel-efficient sedan that delivers excellent value and everyday practicality. With 17,268 miles, this is a lightly driven example that offers both reliability and modern features to enhance your driving experience. The gray exterior presents a clean, versatile appearance that pairs well with the Limited trim's premium appointments. Key Features: - 1 Year Free Oil Changes - 1 Year Free Tire Rotation - 5-Year/60,000-Mile Warranty - Apple CarPlay & Android Auto - Heated Front Bucket Seats - Rear Backup Camera - Power Moonroof - Automatic Temperature Control - Navigation System - Remote Keyless Entry This Elantra delivers impressive fuel economy at 30 city and 39 highway MPG, making it an economical choice for your commute. The I4 engine paired with a Cvt transmission provides smooth, efficient performance. Inside, you'll find comfortable H-Tex leatherette seating with heating functions, dual-zone automatic climate control, and a responsive infotainment system featuring Apple CarPlay and Android Auto connectivity. The power moonroof and backup camera add convenience and visibility, while the navigation system ensures you'll always find your way. We've certified this vehicle to meet our rigorous standards for quality and reliability. Every component has been thoroughly inspected and tested to ensure it meets our stringent criteria, giving you confidence in your purchase. Schedule your test drive today and discover why the Elantra Limited is a smart choice for drivers seeking value, efficiency, and modern comfort.",available,used,26800.00 USD,https://www.thatguythatsellscars.com/inventory/3028962,https://pictures.web.dealer.com/l/lewisfordfd/0001/d0ef7be2c50982fd0503db880279044fx.jpg,KMHLP4DG6TU144801,2026,Hyundai,Elantra,Limited,SEDAN,17272,MI,Amazon Gray,Light Gray,AUTOMATIC,FWD,GASOLINE,"{addr1: '323 E Main Street', city: 'Farmington', region: 'AR', postal_code: '72730', country: 'US'}"
3C4NJDBN1RT170659,2024 Jeep Compass Latitude,"Home OF The Lewis Guarantee This 2024 Jeep Compass Latitude in stunning Red Hot Pearlcoat delivers capable performance with 4WD versatility and everyday practicality. With 38,553 miles, this model offers proven reliability paired with a responsive 2.0L I4 engine and 8-speed automatic transmission that achieves 24 city and 32 highway mpg. Built for adventure and refined for comfort, this Compass is ready for your next journey. Key Features: - Uconnect 5 with 10.1"" touchscreen display - 4-Wheel drive with 3.73 final drive ratio - ParkView rear back-up camera - Leather steering wheel and shift knob - Heated power door mirrors - Auto high-beam headlights with fog lights - Remote keyless entry and emergency communication - Premium cloth/vinyl bucket seats with split-folding rear seat - SiriusXM satellite radio - Electronic stability control with traction control This Compass arrives in excellent condition, meticulously maintained and ready for the road. You'll appreciate the thoughtful details including the telescoping tilt steering wheel, trip computer, and convenient front center armrest with storage. The comprehensive safety suite features dual front and side airbags, knee airbag, ABS brakes, and brake assist for peace of mind on every drive. This vehicle is certified, backed by a 5-year/60,000-mile warranty plus complimentary oil changes and tire rotations for one year. Our certification process ensures quality and reliability you can trust. Come experience the capability and comfort of this 2024 Jeep Compass Latitude at our showroom today. We're confident you'll find exactly what you're looking for.",available,used,23949.00 USD,https://www.thatguythatsellscars.com/inventory/3028963,https://pictures.web.dealer.com/l/lewisfordfd/1348/96bf4c02959fb50a66a7f5e8f00a4f63x.jpg,3C4NJDBN1RT170659,2024,Jeep,Compass,Latitude,SUV,38563,MI,Red Hot Pearlcoat,Black,AUTOMATIC,4X4,GASOLINE,"{addr1: '323 E Main Street', city: 'Farmington', region: 'AR', postal_code: '72730', country: 'US'}"
JM3TCBCY3N0625556,2022 Mazda CX-9 Touring,"This stunning 2022 Mazda CX-9 Touring in Soul Red Crystal Metallic offers the perfect blend of style, capability, and comfort. With just over 40,000 miles, this three-row Suv delivers the reliability and features you expect from a trusted nameplate. The refined red exterior turns heads while the spacious interior accommodates your entire family with ease. **Key Features:** - Power Sliding Glass Moonroof with Interior Sunshade - AppLink/Apple CarPlay and Android Auto - Wireless Phone Charger - LED Foglights - Touring Premium Package - Heated Front Bucket Seats - Leather Seat Trim - Rear Air Conditioning - Backup Camera - 18"" Aluminum Alloy Wheels This CX-9 operates smoothly with its 2.5L 4-Cylinder engine paired with a 6-Speed Automatic transmission and AWD, achieving an impressive 20 city and 26 highway MPG. The available three-row bench seating provides flexibility for passengers and cargo, while power-operated features including the liftgate and sliding moonroof enhance convenience. Climate control spans the full cabin with front dual-zone air conditioning and rear air, keeping all occupants comfortable. Advanced safety technology protects you and your family with dual front impact airbags, side airbags, overhead airbags, electronic stability control, traction control, brake assist, and a rearview camera. The leather-trimmed steering wheel and shift knob add an upscale touch, while steering wheel-mounted audio controls and voice command keep your hands where they belong. This vehicle comes backed by a 5-year/60,000-mile warranty, plus one year of complimentary oil changes and tire rotations. We invite you to experience this exceptional CX-9 in personâ""schedule your test drive today.",available,used,28250.00 USD,https://www.thatguythatsellscars.com/inventory/3029731,https://pictures.web.dealer.com/l/lewischryslerdodgecllc/0292/38cfd26134e98ea9bee3f04993bce3b4x.jpg,JM3TCBCY3N0625556,2022,Mazda,CX-9,Touring,SUV,40896,MI,Soul Red Crystal Metallic,Black,AUTOMATIC,AWD,GASOLINE,"{addr1: '323 E Main Street', city: 'Farmington', region: 'AR', postal_code: '72730', country: 'US'}"
1N4BL4CV9SN355968,2025 Nissan Altima 2.5 SR,"Home OF The Lewis Guarantee This 2025 Nissan Altima 2.5 SR delivers a perfect combination of efficiency, style, and everyday practicality. With its sleek gray exterior and responsive 2.5L 4-cylinder engine paired with Xtronic Cvt transmission, this sedan offers an impressive 27 city and 37 highway MPG. The SR trim provides premium features and a refined driving experience at a competitive price point. - 1 Year Free Oil Changes - 1 Year Free Tire Rotation - 5-Year/60,000-Mile Warranty - NissanConnect with Apple CarPlay and Android Auto - Heated Front Seats with Leather-Appointed Trim - Remote Engine Start with Intelligent Climate Control - Blind Spot Warning and Rear Parking Sensors - 19"" Sport Machined Alloy Wheels - Dual Zone Automatic Hvac - Single Panel Moonroof This Altima has been well-maintained and is ready for its next owner. The cabin reflects careful stewardship with quality finishes throughout, and all systems have been thoroughly inspected. This vehicle is certified, ensuring you're purchasing with confidence and peace of mind backed by our rigorous inspection process. Don't miss the opportunity to own this efficient, feature-rich Altima. Schedule your test drive today and experience its smooth handling and comfortable interior firsthand.",available,used,26115.00 USD,https://www.thatguythatsellscars.com/inventory/3028966,https://pictures.web.dealer.com/l/lewisfordfd/1262/75256c40fc6693ac2e324ee3a1dfc384x.jpg,1N4BL4CV9SN355968,2025,Nissan,Altima,2.5 SR,SEDAN,41780,MI,Gun Metallic,Sport,AUTOMATIC,FWD,GASOLINE,"{addr1: '323 E Main Street', city: 'Farmington', region: 'AR', postal_code: '72730', country: 'US'}"
4S4BSENC4K3376314,2019 Subaru Outback 3.6R,"Home OF The Lewis Guarantee This 2019 Subaru Outback 3.6R Limited delivers the combination of capability and comfort that makes the Outback an ideal choice for drivers seeking adventure without compromise. With a 3.6L Boxer H6 engine paired with Cvt Lineartronic transmission and standard AWD, this green wagon offers responsive performance alongside excellent fuel efficiency at 20 city and 27 highway MPG. At just over 57,000 miles, this vehicle represents a well-maintained example ready for the next chapter of ownership. Key features include: - Moonroof and navigation system with Subaru Starlink multimedia - Heated front and rear seats with perforated leather-trimmed upholstery - Power liftgate and all-weather floor liners - High Beam Assist and Reverse Automatic Braking technology - Harman/Kardon Premium Surround Sound Speaker System - LED steering-responsive headlights - 18-inch alloy wheels with roof rack - Rear parking camera and power moonroof This Outback presents in excellent condition with clean lines and a well-preserved interior. The leather and heated seating, combined with the premium audio system, creates an inviting cabin for both daily commutes and weekend explorations. This vehicle comes with a 3-year/36,000-mile warranty, plus 1 year of complimentary oil changes and tire rotations to keep your Outback running smoothly. Visit our showroom today to experience this capable Outback firsthand and discover why Subaru owners continue to choose the brand for reliable, versatile vehicles.",available,used,25027.00 USD,https://www.thatguythatsellscars.com/inventory/3028241,https://pictures.web.dealer.com/l/lewisfordfd/0659/35f70c8ea15a36b8ea2a7b46bb084345x.jpg,4S4BSENC4K3376314,2019,Subaru,Outback,3.6R,SUV,57200,MI,Wilderness Green Metallic,Ivory,AUTOMATIC,AWD,GASOLINE,"{addr1: '323 E Main Street', city: 'Farmington', region: 'AR', postal_code: '72730', country: 'US'}"
1FMJU1J85PEA01480,2023 Ford Expedition XLT,"Home OF The Lewis Guarantee This 2023 Ford Expedition Xlt combines full-size capability with refined comfort for families and adventurers alike. With its powerful EcoBoost 3.5L V6 Twin Turbocharged engine and responsive 10-Speed Automatic transmission, this four-wheel-drive Suv delivers the performance you need while returning respectable fuel economy at 16 city and 22 highway MPG. The pristine white exterior and premium black ActiveX-trimmed seating create an impression of quality inside and out. - 1 Year Free Oil Changes - 1 Year Free Tire Rotation - 5-Year/60,000-Mile Warranty - Sync 4 with Enhanced Voice Recognition & Connected Navigation - Heated and Ventilated Front Seats with Power Driver Seat - Intelligent Adaptive Cruise Control & Evasive Steering - Remote Start & Wireless Charging Pad - Power-Folding Second Row Captain's Chairs - LED Fog Lamps & LED Reflector Headlamps - Rear Parking Camera & Front Parking Sensors This Expedition has been meticulously maintained and shows excellent condition throughout. The 49,887-mile reading reflects careful ownership and highway miles, preserving the vehicle's integrity and performance potential for years to come. This vehicle arrives fully certified and ready for your immediate confidence. You're backed by manufacturer protections and our commitment to quality assurance. Experience the capability and comfort of this three-row powerhouse in person. Visit our showroom today to take the wheel and discover why the Expedition remains America's preferred full-size family Suv.",available,used,46754.00 USD,https://www.thatguythatsellscars.com/inventory/3029725,https://pictures.web.dealer.com/l/lewisfordfd/1902/b334916a69bea2d0668b03858b8b2dc4x.jpg,1FMJU1J85PEA01480,2023,Ford,Expedition,XLT,SUV,49517,MI,White Metallic,Black Onyx,AUTOMATIC,4X4,GASOLINE,"{addr1: '323 E Main Street', city: 'Farmington', region: 'AR', postal_code: '72730', country: 'US'}"
1FTFW1EF8BFA59762,2011 Ford F-150 FX4,"This 2011 Ford F-150 FX4 is a powerful 4WD truck built for serious work and adventure. Finished in striking black, it delivers a commanding presence with authentic truck capability backed by a robust 5.0L V8 Ffv engine paired with a 6-speed automatic transmission. With highway efficiency at 19 mpg, this F-150 combines performance with practical fuel economy for its class. **Key Features:** - FX Luxury Package with premium appointments - FX Sport Leather-Trimmed Bucket Seats with Memory System - PowerFold Heated Side Mirrors and Power Adjustable Pedals - 20"" Premium Painted 6-Spoke Aluminum Wheels - 6"" Painted Angular Running Boards - Remote Start System and Rear-View Camera with Reverse Sensing - Dual-Zone Electronic Automatic Temperature Control - Power Sliding Rear Window with Defrost & Privacy Tint - AM/FM Stereo with Sony 6-Disc In-Dash CD & MP3 Changer - Electronic Locking Differential with 3.73 Axle Ratio This truck is equipped with aftermarket accessories. Contact us today to schedule a test drive and experience the capability and comfort this F-150 FX4 offers.",available,used,14500.00 USD,https://www.thatguythatsellscars.com/inventory/3030565,https://pictures.web.dealer.com/l/lewischryslerdodgecllc/1603/bf1612f3bf43ed26923d680d079d0bd3x.jpg,1FTFW1EF8BFA59762,2011,Ford,F-150,FX4,TRUCK,183130,MI,Tuxedo Black Metallic,Black,AUTOMATIC,4X4,FLEX,"{addr1: '323 E Main Street', city: 'Farmington', region: 'AR', postal_code: '72730', country: 'US'}"
1C6SRFGP6SN760533,2025 Ram 1500 Warlock,"Meet the 2025 Ram 1500 Warlock, a rugged pickup truck engineered for those who demand capability and distinctive style. This white beauty arrives with low mileage and a proven track record of meticulous care from a single owner, making it an excellent choice for buyers seeking reliability and performance in a truck that truly stands out. **Key Features:** - 3.0L I6 Twin Turbocharged engine with 3.92 rear axle ratio - Quick Order Package 21B Warlock with Tradesman Level 1 Equipment Group - Raised ride height with performance-tuned front and rear shock absorbers - E-Locker rear axle and dual exhaust with black tips - SiriusXM Satellite Radio and Uconnect 5 with 8.4"" touchscreen - Front LED fog lamps and 18"" black painted aluminum wheels - Rear 60/40 folding seat and power sliding rear window - Trailer brake control and tow hooks This truck delivers strong fuel economy at 17 city and 24 highway MPG, paired with a spacious 33-gallon fuel tank for extended range. The Warlock's thoughtful interior features a 40/20/40 split bench seat, in-floor storage bins, 115V auxiliary power outlet, and comprehensive tech including Apple CarPlay and Android Auto compatibility. The ParkView rear backup camera and full suite of safety systems including electronic stability control, ABS brakes, and multiple airbags provide confidence in any driving situation. You'll appreciate the locally owned, single-owner history backed by our commitment to quality. We include one year of free oil changes and tire rotation, plus a five-year, 60,000-mile warranty to protect your investment and keep you on the road worry-free. Don't miss this opportunity to own a truck that combines aggressive styling with serious capability. Visit us today to experience the Warlock difference firsthand.",available,used,45875.00 USD,https://www.thatguythatsellscars.com/inventory/3030564,https://pictures.web.dealer.com/l/lewischryslerdodgecllc/1448/2b2e9c1bd12ba275663ab8bcf7ce37d0x.jpg,1C6SRFGP6SN760533,2025,Ram,1500,Warlock,TRUCK,19410,MI,Bright White Clearcoat,Black,AUTOMATIC,4X4,GASOLINE,"{addr1: '323 E Main Street', city: 'Farmington', region: 'AR', postal_code: '72730', country: 'US'}"
WBA73BJ00NCJ34557,2022 BMW 5 Series 540i xDrive,"This stunning 2022 Bmw 5 Series 540i xDrive sedan delivers premium German engineering in a sophisticated black exterior with black leather appointments. With well-maintained history and just over 37,000 miles, this low-mileage luxury sedan offers an exceptional balance of performance and refinement. The turbocharged 3.0L inline-six engine pairs with an 8-speed automatic transmission to provide responsive power, while all-wheel drive ensures confident handling in all seasons. - Low Miles - Well Maintained - Executive Package - Connected Package Pro - harman/kardon Surround Sound System - Head-Up Display - Remote Engine Start - Heated Front Seats - Power Tailgate - 19"" Burnished Orbit Grey V-Spoke Wheels This Bmw combines luxury and technology seamlessly. The Connected Package Pro integrates Live Cockpit Pro navigation with smartphone integration, while the harman/kardon premium audio system elevates your driving experience. Additional highlights include power moonroof, power rear sunshade, gesture control, rear parking camera, and all the premium comfort and convenience features expected from BMW's executive sedan lineup. Come experience this exceptional 5 Series in person. Schedule your test drive today and discover why discerning drivers choose Bmw.",available,used,38844.00 USD,https://www.thatguythatsellscars.com/inventory/3028965,https://pictures.web.dealer.com/s/springdalefordfd/0855/3c64f564f9919a0a218d7d66006fccd0x.jpg,WBA73BJ00NCJ34557,2022,BMW,5 Series,540i xDrive,SEDAN,37908,MI,Jet Black,Black,AUTOMATIC,AWD,GASOLINE,"{addr1: '323 E Main Street', city: 'Farmington', region: 'AR', postal_code: '72730', country: 'US'}"
1FTFW1RG7TFB10155,2026 Ford F-150 Raptor,"Home OF The Lewis Guarantee The 2026 Ford F-150 Raptor delivers premium performance and capability in a commanding Black exterior. With just 2,444 miles on the odometer, this truck is practically new and ready for years of dependable service. Powered by a 3.5L V6 EcoBoost High Output engine paired with a 10-speed automatic transmission and 4WD, this Raptor combines power with efficiency, achieving 15 city and 18 highway mpg. Key Features: - 1 Year Free Oil Changes - 1 Year Free Tire Rotation - 5YR/60,000 Mile Warranty - Locally Owned - B&O Unleashed Sound System by Bang & Olufsen with 14 Speakers - Sync 4 with Connected Navigation and Ford Connectivity Package - Lane Departure Warning System and Electronic Stability Control - Heated and Ventilated Leather Front Seats - Heated Rear Seats - Auto High-beam Headlights with Fog Lights This low-mileage F-150 Raptor boasts a premium cabin with heated steering wheel, memory seats, and dual-zone automatic climate control. The comprehensive safety suite includes dual front impact airbags, side airbags, overhead airbags, brake assist, and traction control. Advanced technology features like the heads-up display, navigation system, and Sync 4 911 Assist keep you connected and informed. Don't miss your opportunity to own this exceptional F-150 Raptor. Visit our showroom today to experience its commanding presence and refined capabilities firsthand.",available,used,83602.00 USD,https://www.thatguythatsellscars.com/inventory/3031300,https://pictures.web.dealer.com/l/lewisfordfd/0086/f4015e4b0e04dc4939b158c332d72e6ax.jpg,1FTFW1RG7TFB10155,2026,Ford,F-150,Raptor,TRUCK,2444,MI,Black Metallic,Black,AUTOMATIC,4X4,GASOLINE,"{addr1: '323 E Main Street', city: 'Farmington', region: 'AR', postal_code: '72730', country: 'US'}"
1FTFW4L52TFA86825,2026 Ford F-150 Tremor,"Meet the 2026 Ford F-150 Tremor, a premium pickup truck that combines rugged capability with refined comfort. Finished in sleek silver with black leather interior, this SuperCrew Extra Short Box delivers serious power and versatility on every drive. The 5.0L V8 engine and 10-Speed Automatic transmission provide confident performance, while 4WD ensures excellent traction in all conditions. - 1 Year Free Oil Changes and Tire Rotation - 5-Year/60,000-Mile Warranty - Twin Panel Moonroof - B&O Sound System by Bang and Olufsen with Sync 4 - Mobile Office Package with Console Worksurface - Tow/Haul Package with Integrated Trailer Brake Controller - Tough Bed Spray-In Bedliner and LED Box Lighting - Power Tailgate and Glass Heated Sideview Mirrors - Wireless Charging and Connected Navigation - 18"" Dark Matte Alloy Wheels This vehicle is Lewis Certified, backed by rigorous inspection standards to ensure quality and peace of mind. This locally owned, one-owner F-150 Tremor is ready to exceed your expectations. Visit us today to experience the combination of capability, technology, and comfort this truck offers.",available,used,69434.00 USD,https://www.thatguythatsellscars.com/inventory/3031837,https://pictures.web.dealer.com/l/lewischryslerdodgecllc/1129/2ccdb52bd741572d3c1feab1ac0b8d41x.jpg,1FTFW4L52TFA86825,2026,Ford,F-150,Tremor,TRUCK,1985,MI,Silver Metallic,Black,AUTOMATIC,4X4,GASOLINE,"{addr1: '323 E Main Street', city: 'Farmington', region: 'AR', postal_code: '72730', country: 'US'}"
3C4NJDCN2TT172149,2026 Jeep Compass Limited,"This 2026 Jeep Compass Limited delivers refined capability wrapped in striking design. With its 2.0L I4 engine paired with an 8-speed automatic transmission and 4WD, this white Suv balances responsive performance with efficiency. Achieving 23 city and 31 highway mpg, this locally owned, one-owner vehicle has been carefully maintained and is ready for your next adventure. - Quick Order Package 29W Limited Altitude - 19"" Aluminum Painted Wheels with Gloss Black Surround - Neutral Gray Exterior Accents and Badging - Black Daytime Running Light Moldings - Piano Black Interior Accents with Leather Steering Wheel - Uconnect 5 with 10.1"" Touchscreen Display and SiriusXM - Heated Front Seats and Heated Steering Wheel - Front Dual Zone Automatic Temperature Control - ParkView Rear Backup Camera and Auto High-Beam Headlights - Four-Wheel Independent Suspension with Electronic Stability Control The interior presents a refined atmosphere with leatherette seating, power-adjustable driver seat, and a leather shift knob. The Uconnect 5 infotainment system with its 10.1"" display keeps you connected with SiriusXM, while the 4G Lte Wi-Fi hotspot ensures you remain linked while on the road. Premium comfort features include automatic temperature control with front dual zones, heated front seats, and the convenience of a power liftgate. This vehicle comes equipped with a comprehensive safety suite featuring dual front impact airbags, front side impact airbags, knee airbag, and overhead airbag protection. Four-wheel disc brakes with ABS, traction control, and electronic stability control work together to keep you secure in all conditions. Additional safety technology includes the ParkView rear backup camera and SiriusXM Guardian emergency communication system. We've invested in your peace of mind with one year of free oil changes, one year of free tire rotations, and a five-year/60,000-mile warranty. Visit our dealership today to experience this Limited edition Compass firsthand and discuss financing options tailored to your needs.",available,used,28143.00 USD,https://www.thatguythatsellscars.com/inventory/3031299,https://pictures.web.dealer.com/l/lewischryslerdodgecllc/0228/3fea09e79348680e1660d2d611faaddex.jpg,3C4NJDCN2TT172149,2026,Jeep,Compass,Limited,SUV,26080,MI,Bright White Clearcoat,Black,AUTOMATIC,4X4,GASOLINE,"{addr1: '323 E Main Street', city: 'Farmington', region: 'AR', postal_code: '72730', country: 'US'}"
1FMJU1P89REA33441,2024 Ford Expedition King Ranch,"Home OF The Lewis Guarantee This 2024 Ford Expedition King Ranch delivers premium capability and refined comfort in a full-size Suv built for families who demand both performance and luxury. With its EcoBoost 3.5L V6 Twin Turbocharged engine and 4WD, you get impressive power and control whether you're navigating daily drives or tackling adventurous terrain. The Star White Metallic Tri-Coat exterior presents a striking, sophisticated appearance that turns heads. Key features include: - Heavy-Duty Trailer Tow Package with Integrated Trailer Brake Controller - ControlTrac with 3.73 axle ratio for enhanced traction - Sync 4 with Enhanced Voice Recognition and Connected Navigation - 360-Degree Camera with Trailer Reverse Guidance - B&O Unleashed Sound System with 22 speakers and SiriusXM 360L - Heated and ventilated premium leather front captain's chairs - Power moonroof with overhead airbags and dual-zone climate control - Continuous Controlled Damping suspension for smooth, responsive handling This King Ranch has been locally owned and meticulously maintained. You'll appreciate the attention to detail throughout the spacious cabin, from the genuine wood accents to the heated steering wheel and power liftgate. Every journey promises comfort with advanced technology at your fingertips. We stand behind this Expedition with a 5-year/60,000-mile warranty, complimentary oil changes for one year, and free tire rotations for one year. Visit our showroom today to experience the commanding presence and refined luxury of this exceptional King Ranch model.",available,used,59889.00 USD,https://www.thatguythatsellscars.com/inventory/3031830,https://pictures.web.dealer.com/l/lewisfordfd/1500/c27baee933629c00300fd80b7b1081f9x.jpg,1FMJU1P89REA33441,2024,Ford,Expedition,King Ranch,SUV,46865,MI,White Metallic,Java,AUTOMATIC,4X4,GASOLINE,"{addr1: '323 E Main Street', city: 'Farmington', region: 'AR', postal_code: '72730', country: 'US'}"
KM8J33A27GU231327,2016 Hyundai Tucson Limited,"Home OF The Lewis Guarantee This 2016 Hyundai Tucson Limited is a well-maintained compact Suv finished in Black with approximately 65,920 miles. Powered by a 1.6L turbocharged four-cylinder engine delivering 175 horsepower paired with a seven-speed automatic transmission, this vehicle offers solid performance with EPA-estimated fuel economy of 25 city and 30 highway miles per gallon. The Tucson Limited trim brings refined features and capability to family adventures and daily commuting alike. Key Features: - 1 Year Free Oil Changes - 1 Year Free Tire Rotation - 3-Year/36,000-Mile Warranty - Leather heated front bucket seats with power driver seat - Rear backup camera with parking assistance - SiriusXM satellite radio with AM/FM and HD Radio - Automatic temperature control with front dual-zone air conditioning - Heated power door mirrors with turn signal indicators - All-weather capability with rear window defroster and rear wiper - Remote keyless entry and illuminated entry system This Tucson Limited has been carefully maintained and presents in solid condition throughout. The leather-trimmed interior shows proper care, and all mechanical systems operate as intended. The carpeted floor mats and cargo accessories demonstrate responsible ownership. The vehicle has been inspected and certified to meet our high standards for reliability and performance. You can feel confident in this vehicle's dependable history and current mechanical condition. We invite you to experience this capable Tucson in person. Contact us today to schedule a test drive and discover why this vehicle is an excellent choice for your next Suv.",available,used,16343.00 USD,https://www.thatguythatsellscars.com/inventory/3031819,https://pictures.web.dealer.com/l/lewisfordfd/0118/a927b610a640c5b9eca0f248cdc51f46x.jpg,KM8J33A27GU231327,2016,Hyundai,Tucson,Limited,SUV,65951,MI,Ash Black,Beige,AUTOMATIC,FWD,GASOLINE,"{addr1: '323 E Main Street', city: 'Farmington', region: 'AR', postal_code: '72730', country: 'US'}"
WVWSA7CDXSW260726,2025 Volkswagen Golf GTI 2.0T SE,"Home OF The Lewis Guarantee Meet the 2025 Volkswagen Golf Gti 2.0T SE, a performance-driven compact car engineered for drivers who demand both agility and everyday practicality. With its 2.0L Tsi engine paired to a 7-speed Dsg automatic transmission, this Gti delivers responsive power and impressive fuel economy at 24 city and 32 highway mpg. At just over 8,400 miles, this nearly new vehicle is ready to make an immediate impact on your daily drive. Key Features: - 1 Year Free Oil Changes - 1 Year Free Tire Rotation - 5-Year/60,000-Mile Warranty - Navigation System with 12.9"" Touchscreen Display - Panoramic Power Moonroof - 18"" Two-Tone Diamond-Turned Alloy Wheels - Heated Front Sport Seats with Leather Steering Wheel - Remote Keyless Entry with Auto High-Beam Headlights - Harman/Kardon Premium Audio System - Forward Collision Warning with Autonomous Emergency Braking This Gti arrives in excellent condition with minimal mileage, reflecting careful ownership and meticulous maintenance. The well-appointed interior features premium seating surfaces, dual-zone climate control, and a sport-tuned steering wheel for an engaging driver experience. Safety is prioritized with a comprehensive suite of systems including stability control, multiple airbags, and VW Car-Net emergency communication. This vehicle is certified and backed by Volkswagen's commitment to quality, giving you confidence in your investment and long-term reliability. Don't miss this opportunity to own a precision-engineered performance vehicle that doesn't compromise on comfort or value. Visit us today to experience the Golf Gti difference firsthand.",available,used,36179.00 USD,https://www.thatguythatsellscars.com/inventory/3031304,https://pictures.web.dealer.com/l/lewisfordfd/0709/d099dcc2cddbba20a16a8c274d861909x.jpg,WVWSA7CDXSW260726,2025,Volkswagen,Golf GTI,2.0T SE,HATCHBACK,8467,MI,Opal White Pearl,Soul Black,AUTOMATIC,FWD,GASOLINE,"{addr1: '323 E Main Street', city: 'Farmington', region: 'AR', postal_code: '72730', country: 'US'}"
2FMPK4K97JBC06665,2018 Ford Edge Titanium,"This stunning 2018 Ford Edge Titanium in Ruby Red Metallic delivers a commanding presence on the road. With just over 58,000 miles, this AWD crossover combines efficiency with versatility, achieving 20 city and 27 highway MPG. The turbocharged EcoBoost engine and six-speed automatic transmission work seamlessly to provide responsive performance and smooth acceleration. **Key Features:** - Sync 3 Communications & Entertainment System with Voice-Activated Touchscreen Navigation - Technology Package with Apple CarPlay and Android Auto integration - Premium Sony audio system with SiriusXM Radio and 12 speakers - Leather-trimmed heated sport bucket seats with power adjustment and memory function - Panoramic sunroof and power liftgate for easy cargo access - Rear parking sensors and exterior parking camera - Heated front seats and dual-zone automatic temperature control - Remote start system and keyless entry - 19-inch nickel-painted aluminum wheels This Edge is equipped with comprehensive safety features including dual front and side airbags, electronic stability control, traction control, and four-wheel independent suspension. The Titanium trim brings a refined interior with leather shift knob, overhead console with garage door transmitter, and ambient lighting throughout. The split-folding rear seat and generous cargo space make this vehicle perfect for both daily commuting and weekend adventures. Visit us today to experience the comfort, capability, and technology that define the Edge Titanium.",available,used,19000.00 USD,https://www.thatguythatsellscars.com/inventory/3031823,https://images.dealer.com/autodata/us/large_stockphoto-color/2018/USC80FOS152C0/R3.jpg,2FMPK4K97JBC06665,2018,Ford,Edge,Titanium,SUV,58657,MI,Ruby Red Metallic,Ebony,AUTOMATIC,AWD,GASOLINE,"{addr1: '323 E Main Street', city: 'Farmington', region: 'AR', postal_code: '72730', country: 'US'}"
1C4HJXEG5JW298574,2018 Jeep Wrangler Unlimited Sahara,"This 2018 Jeep Wrangler Unlimited Sahara is a locally owned, one-owner vehicle ready for your next adventure. With its striking white exterior and iconic design, this Wrangler combines rugged capability with refined comfort, backed by a 3.6L V6 engine and smooth 8-speed automatic transmission. - 1 Year Free Oil Changes - 1 Year Free Tire Rotation - 3-Year/36,000-Mile Warranty - Black/Heritage Tan Leather-Trimmed Seats with Sahara Logo - Body Color 3-Piece Hard Top - Trailer Tow & HD Electrical Group with Class II Receiver Hitch - Remote Start System - Rear Window Defroster & Wiper/Washer - ParkView Rear Back-Up Camera - Apple CarPlay Integration with Uconnect 4 Display This well-maintained single-owner Wrangler has been carefully preserved with just over 50,000 miles. The interior features comfortable leather-trimmed seating and modern technology including Apple CarPlay and SiriusXM satellite radio. Practical additions like the rear defroster, automatic headlights, and integrated roll-over protection enhance both convenience and security. This vehicle is ready for ownership with factory-backed warranty coverage and complimentary maintenance included. We've invested in ensuring every system performs as intended, giving you peace of mind from day one. Don't miss this opportunity to own an iconic Wrangler Unlimited with proven reliability and premium features. Visit us today to experience this exceptional vehicle firsthand.",available,used,31644.00 USD,https://www.thatguythatsellscars.com/inventory/3031824,https://pictures.web.dealer.com/l/lewischryslerdodgecllc/0075/a3f4f9bfeabb9769ac1c9b1d2f79ea4bx.jpg,1C4HJXEG5JW298574,2018,Jeep,Wrangler,Unlimited Sahara,SUV,50838,MI,Bright White Clearcoat,Black/Heritage Tan,AUTOMATIC,4X4,GASOLINE,"{addr1: '323 E Main Street', city: 'Farmington', region: 'AR', postal_code: '72730', country: 'US'}"
1C6RR7NT9ES446627,2014 Ram 1500 Laramie,"Home OF The Lewis Guarantee This 2014 Ram 1500 Laramie is a powerful full-size pickup truck built to work and built to last. Finished in striking black with black leather-trimmed bucket seats, this 4WD beauty combines capability with comfort. The legendary 5.7L Hemi V8 engine with 8-speed automatic transmission delivers the performance you expect from a Ram, while the Laramie trim brings premium appointments and refined features to your daily drive. Key Features: - 5.7L V8 Hemi Engine with 8-Speed Automatic - 4WD with Anti-Spin Differential Rear Axle - Black Leather-Trimmed Bucket Seats - Uconnect 8.4A Navigation System with Bluetooth - Remote Start System - Power 10-Way Memory Driver Seat - Heated Front Seats - ParkView Rear Back-Up Camera - 20"" Chrome Clad Aluminum Wheels This truck presents well with an active lifestyle history. The Laramie package includes the Convenience Group with dual-zone climate control, heated steering wheel, and premium audio. Modern conveniences like Gps navigation, Bluetooth connectivity, and SiriusXM satellite radio keep you entertained on every journey. Rest assured this Ram has been inspected and certified to meet our standards for quality and reliability. We stand behind every vehicle on our lot with thorough evaluations and transparent reporting. With over a decade of Ram engineering behind it, this Laramie remains a capable, comfortable truck ready for work or weekend adventures. We invite you to visit our showroom to see this truck in person and experience the Lewis advantage firsthand.",available,used,19248.00 USD,https://www.thatguythatsellscars.com/inventory/3031818,https://pictures.web.dealer.com/l/lewisfordfd/0351/f10749e154aa2c982ccff30482dfbee5x.jpg,1C6RR7NT9ES446627,2014,Ram,1500,Laramie,TRUCK,137454,MI,Black Clearcoat,Black,AUTOMATIC,4X4,GASOLINE,"{addr1: '323 E Main Street', city: 'Farmington', region: 'AR', postal_code: '72730', country: 'US'}"
3GCUKREC8JG575320,2018 Chevrolet Silverado 1500 LT,"This 2018 Chevrolet Silverado 1500 LT LT2 crew cab is a well-maintained, locally owned workhorse built for capability and comfort. With the proven EcoTec3 5.3L V8 engine and 4WD, this truck is ready for both job site and weekend adventure. Gray exterior paired with jet black cloth interior creates a clean, professional appearance that won't show wear. - One owner, locally owned - 6-month/6,000-mile warranty - 1 year free oil changes and tire rotations - Chevrolet MyLink navigation with 8"" touchscreen and AM/FM stereo - Integrated trailer brake controller with trailering package - Dual-zone automatic climate control - Remote vehicle starter system - Bose audio system with 6 speakers This vehicle is Lewis Certified, giving you confidence in its condition and history. Whether you need a dependable truck for work or a capable platform for your next adventure, this Silverado delivers proven performance. Stop by to see this truck in person and take it for a test drive today.",available,used,27500.00 USD,https://www.thatguythatsellscars.com/inventory/3032541,https://pictures.web.dealer.com/l/lewischryslerdodgecllc/1689/67963d6842002ab3a72176c8489d83b5x.jpg,3GCUKREC8JG575320,2018,Chevrolet,Silverado 1500,LT,TRUCK,112605,MI,Graphite Metallic,Jet Black,AUTOMATIC,4X4,GASOLINE,"{addr1: '323 E Main Street', city: 'Farmington', region: 'AR', postal_code: '72730', country: 'US'}"
1FTFW1RG6SFA58936,2025 Ford F-150 Raptor,"5YR/60,000 Mile Warranty, Locally Owned, Well Maintained, Raptor, 4WD, Heads-Up Display, Internet access capable: FordPass Connect 5G, Navigation system: Connected Navigation, Rain sensing wipers, Tough Bed Spray-In Bedliner, Variably intermittent wipers. White Metallic 2025 Ford F-150 Raptor 4WD 10-Speed Automatic 3.5L V6 EcoBoost",available,used,72591.00 USD,https://www.thatguythatsellscars.com/inventory/3027377,https://pictures.web.dealer.com/l/lewisfordfd/0287/51c0c82b9339b6cc3b06b3a8aecd225bx.jpg,1FTFW1RG6SFA58936,2025,Ford,F-150,Raptor,TRUCK,37588,MI,White Metallic,Black,AUTOMATIC,4X4,GASOLINE,"{addr1: '323 E Main Street', city: 'Farmington', region: 'AR', postal_code: '72730', country: 'US'}"
1FT8W2BT5NED57348,2022 Ford F-250SD Lariat,"Home OF The Lewis Guarantee This 2022 Ford F-250SD Lariat is a powerful diesel workhorse finished in silver that delivers capability and refinement. With the legendary Power Stroke 6.7L V8 turbodiesel engine, 10-speed automatic transmission, and 4WD, this truck handles any terrain or task with confidence. The Lariat trim brings premium comfort and technology to the jobsite or highway. Key Features: - FX4 Off-Road Package with hill descent control - High Capacity Trailer Tow Package with electronic-locking 3.55 axle ratio - 20"" bright machined cast aluminum wheels - PowerScope trailer tow mirrors with heat and memory - Sync 4 with enhanced voice recognition and navigation - B&O Sound System by Bang & Olufsen with SiriusXM 360L - Heated and ventilated power leather seats - Rear camera and parking sensors - Engine block heater - 6"" angular bright polished step bar with tailgate step and handle This F-250 comes with the FX4 off-road package, specifically tuned shock absorbers, and upfitter switches for customization. The interior features leather seating surfaces, automatic temperature control with front dual zone air conditioning, remote start, and universal garage door opener. Safety features include electronic stability control, traction control, brake assist, and emergency communication via Sync 4 911 Assist. Your purchase includes 1 year of free oil changes, 1 year of free tire rotations, and a 6-month/6,000-mile warranty for added peace of mind. Schedule your visit to experience this capable Lariat and discover why it's the right choice for serious truck buyers.",available,used,47523.00 USD,https://www.thatguythatsellscars.com/inventory/3032533,https://pictures.web.dealer.com/l/lewisfordfd/0932/fb2846a67ea5ebd10c7957706be8023dx.jpg,1FT8W2BT5NED57348,2022,Ford,F-250SD,Lariat,TRUCK,124075,MI,Silver Metallic,Black Onyx,AUTOMATIC,4X4,DIESEL,"{addr1: '323 E Main Street', city: 'Farmington', region: 'AR', postal_code: '72730', country: 'US'}"
1FT7W2B68KEC95302,2019 Ford F-250SD Lariat,"Home OF The Lewis Guarantee This 2019 Ford F-250SD Lariat is a powerful Super Duty built to handle serious work and adventure. With its 6.2L V8 Efi engine paired with a 6-speed automatic transmission and 4WD capability, this truck delivers the performance you need. The gray exterior presents a clean, professional appearance backed by a well-equipped cabin designed for comfort and capability. - Gooseneck Hitch Kit (pre-installed) - FX4 Off-Road Package - Lariat Ultimate Package - Twin Panel Power Moonroof - Blind Spot Information System (Blis) - Tow Technology Bundle - Electronic-Locking w/3.73 Axle Ratio - Extra Heavy-Duty 240-Amp Alternator - B&O Sound System with SiriusXM - Sync 3 with Apple CarPlay and Android Auto This truck features premium amenities including power heated and cooled leather seats, an auto-dimming rear-view mirror, and a comprehensive camera system for towing confidence. The 18-inch bright machined aluminum wheels ride on all-weather floor mats, while six upfitter switches provide flexibility for customization. Advanced technology like voice-activated navigation and the Ultimate Trailer Tow Camera System make this F-250 ready for whatever you bring to it. The truck comes with impressive coverage to back your investment: one year of free oil changes, one year of free tire rotation, and a six-month/6,000-mile warranty. This ensures your new truck stays in top condition. Visit us today to experience this capable Super Duty firsthand and discover why it's the right choice for your needs.",available,used,38381.00 USD,https://www.thatguythatsellscars.com/inventory/3032531,https://pictures.web.dealer.com/l/lewisfordfd/1171/c18e7c9090959898c49d99cbfd6e5806x.jpg,1FT7W2B68KEC95302,2019,Ford,F-250SD,Lariat,TRUCK,134365,MI,Magnetic,Black,AUTOMATIC,4X4,FLEX,"{addr1: '323 E Main Street', city: 'Farmington', region: 'AR', postal_code: '72730', country: 'US'}"
1FAGP8FFXT5107252,2026 Ford Mustang GT Premium,"Home OF The Lewis Guarantee This stunning 2026 Ford Mustang GT Premium brings iconic American performance to the road with its aggressive Vapor Blue Metallic finish and commanding presence. Powered by a potent 5.0L V8 Ti-VCT engine paired with a 6-Speed Manual transmission, this rear-wheel-drive muscle car delivers the authentic driving experience Mustang enthusiasts demand. With just 1,458 miles, this vehicle is essentially new and has been meticulously maintained. Key Features: - 5.0L V8 Ti-VCT Engine with 6-Speed Manual Transmission - Equipment Group 401A High Package - Bronze Appearance Package with Black GT and Pony Badges - 19"" Shadow Silver-Painted Aluminum Wheels - Power Convertible Roof with Convertible Roof Lining - Sync 4 Infotainment with SiriusXM 360L and HD Radio - Leather Steering Wheel and Heated Steering Wheel - Climate-Controlled Heated and Cooled Front Seats - Rear Parking Sensors and Exterior Parking Camera - 3.55 Limited Slip Rear Axle This vehicle comes backed by our comprehensive warranty coverage, including a 5-year/60,000-mile warranty, plus 1 year of complimentary oil changes and tire rotations. We stand behind every vehicle we sell, and this meticulously maintained Mustang is no exception. Low mileage combined with premium factory options makes this GT Premium a rare find. Visit us today to experience the legendary performance and style of this exceptional Mustang firsthand.",available,used,72695.00 USD,https://www.lewisfarmington.com/used/Ford/2026-Ford-Mustang-b208b48fac185e19df2a9b92e49dec8a.htm,https://pictures.web.dealer.com/l/lewisfordfd/1963/bccac3f2ca90b0aa9bfec84962e7412bx.jpg,1FAGP8FFXT5107252,2026,Ford,Mustang,GT Premium,CONVERTIBLE,1458,MI,Vapor Blue,Gray,MANUAL,RWD,GASOLINE,"{addr1: '323 E Main Street', city: 'Farmington', region: 'AR', postal_code: '72730', country: 'US'}"
3GNAXNEV8MS161591,2021 Chevrolet Equinox Premier,"Home OF The Lewis Guarantee This 2021 Chevrolet Equinox Premier combines capability and comfort in a versatile package. With a 1.5L Dohc engine and 6-speed automatic transmission, this front-wheel-drive crossover delivers 26 city and 31 highway MPG. The clean white exterior presents a sharp appearance ready for any season or occasion. **Key Features:** - Premium Chevrolet Infotainment 3 Plus System with Apple CarPlay and Android Auto - SiriusXM and AM/FM Radio with 6-speaker audio - Heated front seats with perforated leather trim - 8-way power driver seat with 2-way lumbar control - Automatic dual-zone climate control with rear window defroster - Dual front and side impact airbags plus overhead airbag protection - Electronic stability control and traction control - 18-inch alloy wheels - Auto high-beam and fog lights with delay-off feature - OnStar connected services capability This Equinox has been expertly maintained and shows regular care throughout its service history. The cabin presents in excellent condition with well-preserved leather seating surfaces and clean trim throughout. This vehicle arrives certified and ready for the road, giving you the confidence that comes with a thoroughly inspected and approved crossover. We're pleased to offer 1 year of free oil changes and tire rotations, plus a 3-year/36,000-mile warranty for additional peace of mind. Stop by today to experience the quality and value this Premier has to offer.",available,used,20757.00 USD,https://www.thatguythatsellscars.com/inventory/3033185,https://pictures.web.dealer.com/l/lewisfordfd/0867/67b4d6316fed82f11d0f442b455d7787x.jpg,3GNAXNEV8MS161591,2021,Chevrolet,Equinox,Premier,SUV,73342,MI,Summit White,Jet Black,AUTOMATIC,FWD,GASOLINE,"{addr1: '323 E Main Street', city: 'Farmington', region: 'AR', postal_code: '72730', country: 'US'}"
1FMEE2BP2RLB24324,2024 Ford Bronco Wildtrak,"Home OF The Lewis Guarantee This 2024 Ford Bronco Wildtrak delivers serious capability wrapped in striking gray styling. With a 2.7L EcoBoost V6 engine, 10-speed automatic transmission, and 4WD, this Wildtrak is built for adventure on any terrain. The carbonized gray molded-in-color hard top pairs beautifully with the powder-coated tube steps and 17-inch black aluminum wheels for a commanding presence. Key Features: - 1 Year Free Oil Changes - 1 Year Free Tire Rotation - 5Yr/60,000 Mile Warranty - Carbonized Gray Molded-In-Color Hard Top - Powder Coated Tube Steps - Heated Leather-Trimmed Bucket Seats - Connected Navigation System - Sync 4 Infotainment with SiriusXM 360L - Exterior Rear Parking Camera - Auto High-Beam Headlights with Fog Lights This Bronco comes well-equipped with modern conveniences including automatic climate control, remote keyless entry, and steering wheel-mounted audio controls. The heated leather seats and tilt-telescoping steering wheel ensure comfort on long drives. Safety features include electronic stability control, traction control, dual front airbags, and an integrated roll-over protection system designed for peace of mind. This vehicle is certified, giving you added confidence in its quality and condition. Our certification process ensures this Bronco meets our standards for reliability and performance. Don't miss the chance to drive this capable and stylish 2024 Bronco Wildtrak. Visit our showroom today to experience its impressive performance and features firsthand.",available,used,52890.00 USD,https://www.thatguythatsellscars.com/inventory/3033187,https://pictures.web.dealer.com/l/lewisfordfd/0335/262a7f414e86572d54d7d910bad9f01cx.jpg,1FMEE2BP2RLB24324,2024,Ford,Bronco,Wildtrak,SUV,40179,MI,Azure Gray Metallic,Black,AUTOMATIC,4X4,GASOLINE,"{addr1: '323 E Main Street', city: 'Farmington', region: 'AR', postal_code: '72730', country: 'US'}"
1FMJU2AT9KEA04238,2019 Ford Expedition Limited,"Home OF The Lewis Guarantee This 2019 Ford Expedition Limited is a three-row powerhouse built for families who demand capability and comfort. With its twin-turbocharged EcoBoost engine and 4WD system, this full-size Suv delivers both performance and versatility for any adventure. The black exterior presents a commanding presence on the road, while the spacious interior accommodates up to eight passengers with premium amenities throughout. Key Features: - 2nd Row Leather Bucket Seats - LED Headlamps & Fog Lamps - Sync 3 Communications & Entertainment System with Voice-Activated Navigation - Bang & Olufsen Premium Sound System with SiriusXM Satellite Radio - Panoramic Vista Roof - Heated & Cooled Leather Front Bucket Seats - Power Liftgate with Remote Keyless Entry - Adaptive Cruise Control with Pre-Collision Assist - Lane-Keeping System - 20"" Premium Dark Tarnish-Painted Aluminum Wheels This Expedition has been thoroughly inspected and certified to meet our rigorous standards. We stand behind this vehicle with certification that ensures your complete confidence and peace of mind. We're offering complimentary benefits to make ownership even more rewarding: one year of free oil changes, one year of free tire rotations, and a six-month/6,000-mile warranty. Drive this impressive Suv today and experience the perfect blend of luxury, space, and performance that makes the Expedition a family favorite.",available,used,23831.00 USD,https://www.lewisfarmington.com/used/Ford/2019-Ford-Expedition-b5715b8cac1811a58638d073e421a325.htm,https://pictures.web.dealer.com/l/lewisfordfd/1163/453bb000f97cf4c13180df4275af1e9cx.jpg,1FMJU2AT9KEA04238,2019,Ford,Expedition,Limited,SUV,147829,MI,Black Metallic,Ebony,AUTOMATIC,4X4,GASOLINE,"{addr1: '323 E Main Street', city: 'Farmington', region: 'AR', postal_code: '72730', country: 'US'}"
1FT8W2BTXTEC33783,2026 Ford F-250SD XL,"Home OF The Lewis Guarantee This 2026 Ford F-250SD XL Super Duty delivers the power and capability you need for work or adventure. With a legendary Power Stroke 6.7L V8 turbodiesel engine paired with a 10-speed automatic transmission and 4WD, this truck handles demanding tasks with confidence. The white exterior combined with premium features creates a commanding presence on any job site or road. Key Features: - Stx Appearance Package with unique styling - FX4 Off-Road Package with specially tuned shock absorbers - Platform running boards for convenient entry - 20"" dark carbonized gray painted aluminum wheels - LED box lighting and LED fog lamps - Sync 4 with 8"" center display and 5G modem connectivity - Medium dark slate cloth 40/20/40 split bench seat - Electronic-locking rear differential with 3.31 axle ratio - Dual Agm 68 AH battery system - F-250 >10K Gvwr payload package This well-maintained truck shows only 3,600 miles, reflecting minimal use and excellent condition throughout. The interior remains fresh with its split bench seating and full carpet with floor mats. All systems operate as designed, and the robust diesel engine runs smoothly and reliably. Come see this impressive Super Duty at our dealership today. Our team is ready to answer your questions and arrange a test drive. This F-250SD XL is equipped to exceed your expectations.",available,used,62935.00 USD,https://www.lewisfarmington.com/used/Ford/2026-Ford-F-250SD-f7642f26ac1819acc11d1fff49bff6d6.htm,https://pictures.web.dealer.com/l/lewisfordfd/0080/3387aa0dc441e5ca268409526eb0a386x.jpg,1FT8W2BTXTEC33783,2026,Ford,F-250SD,XL,TRUCK,3600,MI,Avalanche,Medium Dark Slate,AUTOMATIC,4X4,DIESEL,"{addr1: '323 E Main Street', city: 'Farmington', region: 'AR', postal_code: '72730', country: 'US'}"
1FTBF2A66LEE36963,2020 Ford F-250SD XL,"Home OF The Lewis Guarantee This 2020 Ford F-250SD XL Super Duty is ready to work. Powered by a 6.2L V8 Efi engine paired with a 6-Speed Automatic transmission, this truck delivers the capability you need for tough jobs. With just over 63,000 miles, this white Super Duty remains in excellent condition for years of reliable service. - 1 Year Free Oil Changes - 1 Year Free Tire Rotation - 3 Year/36,000 Mile Warranty - SiriusXM Radio - Sync 3 Communications & Entertainment System - Rear Parking Camera - Electronic Stability Control & Traction Control - 18"" Sparkle Silver Aluminum Wheels - Dual Front Impact & Side Airbags - Front & Rear Anti-Roll Bars This F-250SD comes equipped with modern conveniences including Sync 3 connectivity, steering wheel audio controls, and SiriusXM satellite radio. Climate control, power steering, and fully automatic headlights enhance daily driving. Safety features include electronic stability control, traction control, brake assist, ABS brakes, and comprehensive airbag protection along with a rear parking camera. The truck's 3.73 axle ratio and 10,000 lb Gvwr payload capacity make it suited for demanding work. Standard features include a telescoping and tilt steering wheel, trip computer, outside temperature display, and front reading lights. The cloth 40/20/40 split bench seat with front center armrest storage keeps the cabin practical. Visit us today to inspect this capable F-250SD and discover why it's the right choice for your needs.",available,used,31563.00 USD,https://www.thatguythatsellscars.com/inventory/3033182,https://pictures.web.dealer.com/l/lewisfordfd/0118/a927b610a640c5b9eca0f248cdc51f46x.jpg,1FTBF2A66LEE36963,2020,Ford,F-250SD,XL,TRUCK,63016,MI,Oxford White,Medium Earth Gray,AUTOMATIC,RWD,FLEX,"{addr1: '323 E Main Street', city: 'Farmington', region: 'AR', postal_code: '72730', country: 'US'}"
1FD7X2A69KEG32344,2019 Ford F-250SD XL,"Home OF The Lewis Guarantee This 2019 Ford F-250SD XL Super Duty combines capability and value with a robust 6.2L V8 Flex Fuel engine paired to a smooth 6-speed automatic transmission. With just over 55,000 miles, this white pickup truck delivers the strong performance and towing readiness you expect from Ford's legendary Super Duty line. Whether you're tackling work or weekend adventures, this F-250 is equipped to handle the job. Key Features: - 1 Year Free Oil Changes - 1 Year Free Tire Rotation - 3-Year/36,000-Mile Warranty - Trailer Brake Controller - Electronic-Locking Rear Differential with 4.30 Axle Ratio - 110V/400W Outlet - Heavy-Service Package for Pickup Box - Rear Backup Camera - Electronic Stability Control - All-Terrain Suspension with Independent Front Suspension This truck is in excellent condition and shows the care of a well-maintained owner. You'll find practical features throughout, including air conditioning, power steering, fully automatic headlights with delay-off, tilt and telescoping steering wheel, trip computer, and exterior temperature display. The cab features comfortable seating with a 40/20/40 split bench seat, center armrest storage, and front reading lights. Safety is prioritized with dual front impact airbags, dual side airbags, overhead airbags, ABS brakes, brake assist, and traction control. This F-250SD XL is certified and backed by comprehensive warranty coverageâ""including three years and 36,000 miles of protectionâ""plus a full year of complimentary oil changes and tire rotations. That's our commitment to your confidence in this vehicle. Don't miss this opportunity to own a proven Super Duty workhorse. Contact us today to schedule your test drive and experience this F-250 firsthand.",available,used,31017.00 USD,https://www.thatguythatsellscars.com/inventory/3033180,https://pictures.web.dealer.com/l/lewisfordfd/0412/4fd5647afd1c8447c62e5c2abfa9f355x.jpg,1FD7X2A69KEG32344,2019,Ford,F-250SD,XL,TRUCK,55874,MI,Oxford White,Medium Earth Gray,AUTOMATIC,RWD,FLEX,"{addr1: '323 E Main Street', city: 'Farmington', region: 'AR', postal_code: '72730', country: 'US'}"
1FD7X2A64KEG00689,2019 Ford F-250SD XL,"Home OF The Lewis Guarantee This 2019 Ford F-250SD XL delivers the power and capability you need, finished in clean white with a commanding 6.2L V8 Efi engine and 6-speed automatic transmission. With under 74,000 miles, this Super Duty is ready for work or weekend getaways. The XL trim provides a solid platform with genuine truck essentials and proven Ford durability. - 1 Year Free Oil Changes - 1 Year Free Tire Rotation - 3-Year/36,000-Mile Warranty - Trailer Brake Controller - Electronic-Locking Rear Differential with 4.30 Axle Ratio - 110V/400W Outlet - Rear Backup Camera - Power Steering with Tilt and Telescoping Wheel - Electronic Stability Control and Traction Control - AM/FM Stereo with 4 Speakers This truck has been well-maintained and shows responsible ownership. The 6.2L flex fuel V8 provides the muscle you expect from a Super Duty, while the heavy-service pickup box package ensures this rig is built to handle serious tasks. You'll appreciate the trailer brake controller for safe towing and the electronic-locking rear differential for enhanced traction in tough conditions. Visit us today to see this F-250SD in person and experience the quality and confidence that comes with a truck built to last.",available,used,29754.00 USD,https://www.thatguythatsellscars.com/inventory/3033184,https://pictures.web.dealer.com/l/lewisfordfd/0939/c42074ac21a52b7ba24dd0e8e3b46703x.jpg,1FD7X2A64KEG00689,2019,Ford,F-250SD,XL,TRUCK,73863,MI,Oxford White,Medium Earth Gray,AUTOMATIC,RWD,FLEX,"{addr1: '323 E Main Street', city: 'Farmington', region: 'AR', postal_code: '72730', country: 'US'}"
1GT4UNEY4SF360938,2025 GMC Sierra 2500HD SLT,"Home OF The Lewis Guarantee This 2025 Gmc Sierra 2500HD Slt commands the road with its powerful Duramax 6.6L V8 Turbodiesel engine and four-wheel drive capability. Finished in striking Volcanic Red Tintcoat, this truck combines rugged capability with premium comfort and technology. The Slt package delivers refined features designed for those who demand both performance and sophistication. - Slt Premium Package with enhanced comfort and convenience - Duramax 6.6L V8 Turbodiesel with 10-Speed Automatic transmission - X31 Off-Road Package with advanced suspension capabilities - Gooseneck/5th Wheel Prep Package for serious towing versatility - 20"" Bright Face Wheels with LT275/65R20 All-Terrain Blackwall Tires - Dual 220-Amp Primary and 170-Amp Auxiliary Alternators - Trailer Tire Pressure Monitor Sensors and Hitch Guidance with Hitch View - Engine Block Heater for dependable cold-weather performance - Three Years of SiriusXM Satellite Radio - Premium Bose Audio System with Steering Wheel Controls This truck exhibits excellent condition with just under 14,000 miles, ensuring it remains virtually new with full manufacturer capability and longevity ahead. The meticulous maintenance and careful handling are evident in every detail. This vehicle is certified and ready for ownership, backed by comprehensive warranty coverage including a 5-year/60,000-mile warranty plus one year of complimentary oil changes and tire rotations to keep your investment protected. Experience the capability and luxury of this Sierra 2500HD in person. Visit us today to take command of this exceptional truck and discover why discerning buyers trust this combination of power, technology, and premium refinement.",available,used,68247.00 USD,https://www.lewisfarmington.com/used/GMC/2025-GMC-Sierra-2500HD-b12abe67ac182087090c39b23007b391.htm,https://pictures.web.dealer.com/l/lewisfordfd/0094/2bae9db7841049027d25311f31566e65x.jpg,1GT4UNEY4SF360938,2025,GMC,Sierra 2500HD,SLT,TRUCK,13768,MI,Volcanic Red Tintcoat,Black,AUTOMATIC,4X4,DIESEL,"{addr1: '323 E Main Street', city: 'Farmington', region: 'AR', postal_code: '72730', country: 'US'}"
1C4BJWDG6FL769111,2015 Jeep Wrangler Unlimited Sport,"This 2015 Jeep Wrangler Unlimited Sport delivers authentic off-road capability with practical everyday usability. With its legendary 4WD system, responsive 3.6L V6 engine, and proven durability, this Wrangler is built for adventure and backed by local ownership and meticulous maintenance. - 1 Year Free Oil Changes - 1 Year Free Tire Rotation - 6-Month/6,000-Mile Warranty - Black 3-Piece Hard Top - Uconnect Voice Command with Bluetooth - Leather-Wrapped Steering Wheel - Auto-Dimming Mirror with Reading Lamp - Sirius Satellite Radio - 17"" Aluminum Wheels - Deep Tint Sunscreen Windows This vehicle is Lewis Certified, giving you added confidence in its quality and condition. This well-maintained Wrangler Unlimited Sport is ready for your next journey, whether on city streets or rugged terrain. Come see it in person and experience the capability that makes Jeep a legend in its class.",available,used,18500.00 USD,https://www.thatguythatsellscars.com/inventory/3032535,https://pictures.web.dealer.com/l/lewischryslerdodgecllc/0293/03176508db7178262862bc90dbf12714x.jpg,1C4BJWDG6FL769111,2015,Jeep,Wrangler,Unlimited Sport,SUV,109550,MI,Black Clearcoat,Black,AUTOMATIC,4X4,GASOLINE,"{addr1: '323 E Main Street', city: 'Farmington', region: 'AR', postal_code: '72730', country: 'US'}"
1C6SRFJTXRN193257,2024 Ram 1500 Laramie,"Meet this impressive 2024 Ram 1500 Laramieâ""a silver powerhouse delivering premium performance and capability. With its muscular Hemi 5.7L V8 engine paired with an 8-speed automatic transmission and 4WD, this crew cab truck commands the road while offering substantial towing and hauling strength. The black leather interior, dual-pane panoramic sunroof, and thoughtfully appointed cabin provide a refined experience that exceeds typical truck expectations. - Harman/Kardon 19-speaker premium sound system with Uconnect 5 Nav 12.0"" touchscreen display - Heated and ventilated front seats with power 8-way adjustment and memory settings - Dual-pane panoramic sunroof and heated second-row seats for enhanced comfort - ParkSense front and rear park assist with rear backup camera - Heated steering wheel and power adjustable pedals with memory - Remote tailgate release and 4G Lte Wi-Fi hot spot - Class IV receiver hitch with trailer brake control - LED fog lamps and auto high-beam headlight control - Apple CarPlay and Android Auto with voice command integration - 22-inch forged aluminum wheels on a sport performance package Lewis Certifiedâ""providing you peace of mind with a thorough inspection and quality assurance backing this vehicle. Discover why this Ram 1500 Laramie stands out for truck buyers seeking capability, comfort, and dependability. Visit us today to experience the commanding presence and refined interior this premium pickup offers.",available,used,45900.00 USD,https://www.thatguythatsellscars.com/inventory/3033176,https://pictures.web.dealer.com/l/lewischryslerdodgecllc/1472/924ac5550ad9ff44edb39265ce8916a3x.jpg,1C6SRFJTXRN193257,2024,Ram,1500,Laramie,TRUCK,45272,MI,Billet Silver Metallic Clearcoat,Black,AUTOMATIC,4X4,GASOLINE,"{addr1: '323 E Main Street', city: 'Farmington', region: 'AR', postal_code: '72730', country: 'US'}"
1GNSKCKC3GR425012,2016 Chevrolet Tahoe LTZ,"Home OF The Lewis Guarantee This 2016 Chevrolet Tahoe Ltz delivers commanding presence and capability in a refined full-size Suv package. With its EcoTec3 5.3L V8 engine paired with a 6-Speed Automatic transmission and 4WD, this Tahoe combines power with practicality. The white exterior and luxurious cocoa and mahogany perforated leather interior create an inviting, upscale atmosphere for all your journeys. Key Features: - Power-retractable assist steps - 20"" chrome wheels - Enhanced 8"" multi-color configurable driver information center - Adaptive cruise control - Active 2-speed electronic AutoTrac transfer case - Premium Bose 10-speaker surround sound with navigation - Heated and cooled front seats with memory settings - Hands-free power liftgate - Rear seat Blu-Ray/DVD entertainment system - Lane departure warning and rear cross-traffic alert This Tahoe presents itself in solid condition, ready for its next owner. The comprehensive warranty packageâ""6 months and 6,000 milesâ""provides peace of mind, backed by one year of free oil changes and tire rotations. Whether navigating city streets or highway drives, this certified vehicle offers the reliability and comfort Tahoe owners expect. We invite you to experience this capable Suv firsthand. Schedule your test drive today and discover why this Tahoe Ltz remains a trusted choice for families and adventurers alike.",available,used,22166.00 USD,https://www.lewisfarmington.com/used/Chevrolet/2016-Chevrolet-Tahoe-b208b5ecac180edf8db7c817df1b98b9.htm,https://pictures.web.dealer.com/l/lewisfordfd/0326/becc631b16149c57142c8599362c4de7x.jpg,1GNSKCKC3GR425012,2016,Chevrolet,Tahoe,LTZ,SUV,141482,MI,Iridescent Pearl Tricoat,Cocoa/Mahogany,AUTOMATIC,4X4,GASOLINE,"{addr1: '323 E Main Street', city: 'Farmington', region: 'AR', postal_code: '72730', country: 'US'}"
1GTG6CEN2H1248145,2017 GMC Canyon SLE1,"Home OF The Lewis Guarantee This 2017 Gmc Canyon SLE1 delivers capable truck performance in a midsize package. Finished in White with a V6 engine and 4WD, this truck combines practical utility with dependable driving dynamics. With an 8-speed automatic transmission and fuel economy rated at 17 city and 24 highway mpg, the Canyon balances power and efficiency for work or weekend adventures. Key Features: - 1 Year Free Oil Changes - 1 Year Free Tire Rotation - 6 Month/6,000 Mile Warranty - Black Spray-On Bedliner with Gmc Logo - All Terrain Package - Sle Convenience Package - Front License Plate Kit - Remote Vehicle Starter System - Rear Backup Camera - Power Driver Seat with Lumbar Control The Canyon arrives in excellent condition, ready to serve as either a workhorse or daily driver. Its well-maintained interior and solid mechanical foundation make it a reliable choice. This truck is locally owned, adding confidence to your purchase decision. Come visit us and experience what this capable Canyon has to offer. We're confident you'll find the truck you're looking for.",available,used,21941.00 USD,https://www.lewisfarmington.com/used/GMC/2017-GMC-Canyon-b208b7a5ac180edf8db7c81755c7380c.htm,https://pictures.web.dealer.com/l/lewisfordfd/0233/fef257e0d4789280c408a74c1b073756x.jpg,1GTG6CEN2H1248145,2017,GMC,Canyon,SLE1,TRUCK,188075,MI,Summit White,Jet Black/Cobalt Red,AUTOMATIC,4X4,GASOLINE,"{addr1: '323 E Main Street', city: 'Farmington', region: 'AR', postal_code: '72730', country: 'US'}"
3C7WRNFL1SG554440,2025 Ram 5500HD Tradesman,"Meet this 2025 Ram 5500HD Tradesmanâ""a powerful crew cab chassis built for serious work and backed by one owner's careful stewardship. With the legendary Cummins 6.7L turbodiesel engine and 8-speed automatic transmission, this 4WD truck delivers the capability you need for hauling and towing with confidence. The clean white exterior and black cloth interior create a professional appearance, while well-maintained condition and reasonable mileage make this an excellent choice for buyers seeking a proven work platform. - Cummins 6.7L I-6 Turbodiesel with 8-Speed Automatic - Max Tow Package for enhanced hauling capability - Electronic Shift-On-The-Fly Transfer Case with 4WD - Black Power Heated Fold Telescope Mirrors with Courtesy Lamps - Uconnect 5 Infotainment with 8.4"" Display, Apple CarPlay, and Android Auto - 4G Lte Wi-Fi Hot Spot and SiriusXM - Trailer Brake Control and Trailer Light Check - Full-Size Spare Tire - Electronic Stability Control and Traction Control - Remote Keyless Entry and Speed Control This Ram 5500HD represents the perfect blend of capability and value for contractors and fleet operators. Its proven diesel engine, modern connectivity features, and comprehensive towing package stand ready to handle any job. Visit us today to experience the power and reliability this Tradesman chassis has to offer.",available,used,75148.00 USD,https://www.lewisfarmington.com/used/Ram/2025-Ram-5500HD-f48a64f0ac1836726c443e6027a020ed.htm,https://pictures.web.dealer.com/l/lewischryslerdodgecllc/0952/cd0b0db780f1a830c67c866fd6217bcdx.jpg,3C7WRNFL1SG554440,2025,Ram,5500HD,Tradesman,TRUCK,19482,MI,Bright White Clearcoat,Black,AUTOMATIC,4X4,DIESEL,"{addr1: '323 E Main Street', city: 'Farmington', region: 'AR', postal_code: '72730', country: 'US'}"
JTEBU5JR1G5372883,2016 Toyota 4Runner SR5,"This 2016 Toyota 4Runner SR5 delivers capable family Suv performance with a proven 4.0L V6 engine and responsive 5-speed automatic transmission. The gray exterior with graphite cloth interior presents a clean, professional appearance, while the 4WD system ensures confident handling in varied conditions. - 1 year free oil changes - 1 year free tire rotation - 6-month/6,000-mile warranty - Rigid running boards - Entune Premium Audio with Navigation - Remote keyless entry with power door locks - Exterior parking camera - Front fog lights - Tilt and telescoping steering wheel - Split-folding rear seat This vehicle is Lewis Certified, giving you added confidence in its quality and service history. The 4Runner SR5 combines capability with comfort for those who value versatility on and off the road. With locally owned history and comprehensive dealer support, this Suv is ready for your next adventure. Visit us to experience this dependable Toyota in person.",available,used,27900.00 USD,https://www.lewisfarmington.com/used/Toyota/2016-Toyota-4Runner-c44edf26ac1807bdc04585117e64d4e4.htm,https://pictures.web.dealer.com/l/lewischryslerdodgecllc/0557/37aee1084884adfbd78d54c815eaad10x.jpg,JTEBU5JR1G5372883,2016,Toyota,4Runner,SR5,SUV,129179,MI,Magnetic Gray Metallic,Graphite,AUTOMATIC,4X4,GASOLINE,"{addr1: '323 E Main Street', city: 'Farmington', region: 'AR', postal_code: '72730', country: 'US'}"
5TFDW5F14EX359881,2014 Toyota Tundra SR5,"Home OF The Lewis Guarantee This 2014 Toyota Tundra SR5 delivers capable, dependable truck performance in a clean white exterior. Equipped with a powerful 5.7L 8-cylinder engine paired with a 6-speed automatic transmission and 4WD capability, this Tundra handles both highway driving and off-road terrain with confidence. The SR5 trim brings comfort and convenience features designed for serious truck owners who demand reliability and functionality. Key Features: - Trd Off Road Package - SR5 Upgrade Package - 1 Year Free Oil Changes - 1 Year Free Tire Rotation - 6-Month/6,000 Mile Warranty - Electronic Stability Control - Exterior Parking Camera Rear - Remote Keyless Entry - Heated Door Mirrors - SiriusXM Radio with CD Player This truck combines utility with driver comfort. You'll appreciate the electronic stability control, traction control, and four-wheel disc ABS brakes that work together for confident stopping and control. The cabin features air conditioning, power windows, power steering, and a tilt steering wheel. Convenience touches include illuminated entry, outside temperature display, and the rear step bumper for easy bed access. Dual front airbags, side impact airbags, and knee airbags provide comprehensive safety protection for you and your passengers. We stand behind this Tundra with a 6-month/6,000-mile warranty, plus one year of complimentary oil changes and tire rotations to keep your truck running smoothly. This is our commitment to your satisfaction and peace of mind. Come see this well-maintained Tundra today and experience the reliability Toyota trucks are known for. Schedule your test drive now.",available,used,25604.00 USD,https://www.lewisfarmington.com/used/Toyota/2014-Toyota-Tundra-b12abca8ac183ecbd73d4eae030a0982.htm,https://pictures.web.dealer.com/l/lewisfordfd/0346/be24255478c2dc60456f67ecc0f557e2x.jpg,5TFDW5F14EX359881,2014,Toyota,Tundra,SR5,TRUCK,146806,MI,Super White,Graphite,AUTOMATIC,4X4,FLEX,"{addr1: '323 E Main Street', city: 'Farmington', region: 'AR', postal_code: '72730', country: 'US'}"
1GC4K1C87CF131480,2012 Chevrolet Silverado 3500HD LTZ,"Allison 1000 6-Speed Automatic, 4WD, Ebony Leather. Black 2012 Chevrolet Silverado 3500HD Ltz 4WD Allison 1000 6-Speed Automatic Duramax 6.6L V8 Turbodiesel",available,used,26750.00 USD,https://www.lewisfarmington.com/used/Chevrolet/2012-Chevrolet-Silverado-3500HD-c4772bb8ac18193b227a1cbf064c2e60.htm,https://pictures.web.dealer.com/l/lewischryslerdodgecllc/0774/f4ffd4c0df97c43f019014179b9fee8ex.jpg,1GC4K1C87CF131480,2012,Chevrolet,Silverado 3500HD,LTZ,TRUCK,235110,MI,Black,Ebony,AUTOMATIC,4X4,DIESEL,"{addr1: '323 E Main Street', city: 'Farmington', region: 'AR', postal_code: '72730', country: 'US'}"
1FMJK1M89SEA46318,2025 Ford Expedition Max Platinum,"This 2025 Ford Expedition Max Platinum combines impressive capability with refined comfort, delivering a seven-passenger Suv engineered for those who demand both performance and luxury. Finished in striking Blue with a powerful EcoBoost 3.5L V6 engine and intelligent 4WD, this Expedition Max commands the road while offering exceptional value with its comprehensive warranty. Key Features: - B&O Unleashed Sound System by Bang & Olufsen with SiriusXM 360L - 2nd Row Power-Folding Captain's Chairs with heating and ventilation - Heated & Ventilated Leather Front Captain's Chairs with memory settings - Continuous Control Damping Suspension for enhanced ride quality - Power Moonroof with Vista Roof design - Navigation System with Exterior Parking Camera - Apple CarPlay and Android Auto integration - Driver's Package with 20"" Ebony Bright Machined Aluminum wheels - Electronic Stability Control with advanced traction management - Emergency Communication System with 911 Assist This Expedition Max has been meticulously maintained and is backed by a comprehensive 5-year/60,000-mile warranty, giving you confidence in your investment. Every detail reflects Platinum-level refinement, from the genuine wood accents to the premium leather appointments and power-adjustable pedals with memory. Visit us today to experience the commanding presence and thoughtful engineering of this 2025 Ford Expedition Max Platinum. We're confident you'll find it the perfect blend of capability, comfort, and style.",available,used,72500.00 USD,https://www.lewisfarmington.com/used/Ford/2025-Ford-Expedition-Max-b572b363ac1812be80b66b4f94474ec5.htm,https://images.dealer.com/autodata/us/color/2025/USD50FOS322C0/C8.jpg,1FMJK1M89SEA46318,2025,Ford,Expedition Max,Platinum,SUV,20707,MI,Blue Metallic,Black Onyx,AUTOMATIC,4X4,GASOLINE,"{addr1: '323 E Main Street', city: 'Farmington', region: 'AR', postal_code: '72730', country: 'US'}"
1FTEW1EF6FFB97561,2015 Ford F-150 Lariat,"Home OF The Lewis Guarantee This 2015 Ford F-150 Lariat SuperCrew delivers impressive capability and refinement in an iconic pickup truck. With its powerful 5.0L V8 Flex Fuel engine paired with a 6-speed automatic transmission and 4WD drive, this truck is ready for work or weekend adventure. The black exterior and black leather interior create a sophisticated appearance, while the well-maintained condition reflects careful ownership. Key Features: - Twin panel moonroof - Equipment Group 502A Luxury package - Trailer tow package with integrated brake controller - FX4 off-road package - Leather-trimmed bucket seats with power adjustment - 20"" premium painted aluminum wheels - Tailgate step with lift assist - Extended range 36-gallon fuel tank - Sync with MyFord Touch infotainment - Electronic locking differential with 3.55 axle ratio This truck is Lewis Certified, ensuring it meets our rigorous standards for quality and reliability. You can purchase with confidence knowing this F-150 has passed our comprehensive inspection process. Stop by today to experience this capable Lariat firsthand and discover why so many drivers trust Ford F-150s for their towing, hauling, and everyday driving needs.",available,used,24735.00 USD,https://www.lewisfarmington.com/used/Ford/2015-Ford-F-150-bc503fbeac1804415d9b37e0c69a9911.htm,https://pictures.web.dealer.com/l/lewisfordfd/0929/b0633486f01cbd223ec0b17ac6f0a1bdx.jpg,1FTEW1EF6FFB97561,2015,Ford,F-150,Lariat,TRUCK,116299,MI,Tuxedo Black Metallic,Black,AUTOMATIC,4X4,FLEX,"{addr1: '323 E Main Street', city: 'Farmington', region: 'AR', postal_code: '72730', country: 'US'}"
1FTPW12V18FA52404,2008 Ford F-150 Lariat,"This 2008 Ford F-150 Lariat Crew Cab combines capability with comfort in a proven full-size pickup platform. With its powerful 5.4L V8 Flex Fuel engine and 4-speed automatic transmission, this truck delivers the performance and versatility you expect from an F-150. The spacious crew cab accommodates five passengers with Black and Flint Sport Cloth Captain's Chairs, making every drive comfortable whether you're heading to the job site or on a weekend adventure. - 5.4L V8 Flex Fuel engine - Remote keyless entry - Heated door mirrors - Alloy wheels - Automatic temperature control - Power driver seat with leather-trimmed 40/20/40 front seat - AM/FM Stereo with CD player - Tilt steering wheel with audio and A/C controls - Low tire pressure warning - Front fog lights This Lariat trim delivers the features truck buyers value, from its chrome bumpers and 18-inch aluminum wheels to its comprehensive safety suite including dual front impact airbags and ABS brakes. The truck presents an excellent opportunity for buyers seeking a capable, well-appointed F-150. Visit us today to experience this Ford's handling and performance firsthand.",available,used,9999.00 USD,https://www.lewisfarmington.com/used/Ford/2008-Ford-F-150-ba98050cac182917f2b474944d80b9d6.htm,https://pictures.web.dealer.com/l/lewisfordfd/1715/b2738771344bcea18ee47f1b72731b24x.jpg,1FTPW12V18FA52404,2008,Ford,F-150,Lariat,TRUCK,196551,MI,Dark Shadow Gray Clearcoat Metallic,Black,AUTOMATIC,RWD,FLEX,"{addr1: '323 E Main Street', city: 'Farmington', region: 'AR', postal_code: '72730', country: 'US'}"
3FTTW8H3XSRA79169,2025 Ford Maverick XLT,"Home OF The Lewis Guarantee This 2025 Ford Maverick Xlt combines practicality with impressive efficiency, delivering a capable compact truck that's ready for work or weekend adventures. With its 2.5L hybrid I-4 engine achieving 42 city and 35 highway MPG, you'll enjoy excellent fuel economy without sacrificing performance. The green exterior gives this truck distinctive curb appeal, while the spacious bed and modern amenities make it a versatile choice for truck buyers. Key Features: - 1 Year Free Oil Changes - 1 Year Free Tire Rotation - 5-Year/60,000-Mile Warranty - Bed Tie Down Locking Rails with 2 Locking Brackets - Sync 4 with Enhanced Voice Recognition - Apple CarPlay and Android Auto - Pre-Collision Assist with Automatic Emergency Braking - Rear-View Camera - 17"" Carbonized Gray Painted Aluminum Wheels - SiriusXM with 360L The Maverick Xlt arrives in excellent condition with just over 7,400 miles, showing the care of a meticulous owner. This is a certified vehicle, giving you added confidence in its quality and performance. Visit our showroom to experience the efficiency and practicality of this 2025 Ford Maverick Xlt firsthand. With the Lewis Guarantee backing your purchase, you're investing in a truck built to last.",available,used,35131.00 USD,https://www.lewisfarmington.com/used/Ford/2025-Ford-Maverick-1c3d8fb0ac183b49980e3b3b80f763b7.htm,https://pictures.web.dealer.com/l/lewisfordfd/0187/dc201ce68e687461a6405276610cc3eax.jpg,3FTTW8H3XSRA79169,2025,Ford,Maverick,XLT,TRUCK,7440,MI,Green,Navy Pier/Aspen Gray,AUTOMATIC,FWD,HYBRID,"{addr1: '323 E Main Street', city: 'Farmington', region: 'AR', postal_code: '72730', country: 'US'}"
3FMTK4SX9PMA11879,2023 Ford Mustang Mach-E GT,"This 2023 Ford Mustang Mach-E GT combines electric performance with premium comfort. With dual electric motors delivering impressive acceleration and AWD capability, this GT Performance Edition offers an exhilarating driving experience. At just over 30,700 miles, this well-maintained vehicle is ready to deliver years of efficient, thrilling performance. Key Features: - Dual Electric Motor with Single-Speed Automatic and AWD - GT Performance Edition with MagneRide Dampening System - Heated Perforated ActiveX Performance Seats - 20"" Machined-Face Aluminum Wheels - Sync 4A with Enhanced Voice Recognition and Connected Navigation - Apple CarPlay/Android Auto Integration - Interior Protection Package (Pre-Installed) - Heated Steering Wheel - 4-Wheel Disc Brakes with Electronic Stability Control - Automatic Headlights with Rain-Sensing Wipers This Mach-E delivers exceptional efficiency with an EPA-estimated 90 MPGe city and 77 MPGe highway, helping you maximize every charge. The thoughtfully appointed interior features dual-zone automatic climate control, a panoramic feel, and premium technology that keeps you connected on every drive. Don't miss the opportunity to experience this outstanding electric performance vehicle. Visit us today to take the 2023 Mustang Mach-E GT for a test drive and discover why this model represents the future of American muscle.",available,used,36000.00 USD,https://www.lewisfarmington.com/used/Ford/2023-Ford-Mustang-Mach-E-b572b1daac184da0e298c9196b2bf4b1.htm,https://images.dealer.com/autodata/us/color/2023/USD30FOS392D0/A3.jpg,3FMTK4SX9PMA11879,2023,Ford,Mustang Mach-E,GT,SUV,30745,MI,Space White Metallic,Gray/Metallic,AUTOMATIC,AWD,ELECTRIC,"{addr1: '323 E Main Street', city: 'Farmington', region: 'AR', postal_code: '72730', country: 'US'}"
3FMTK3R44SMA00609,2025 Ford Mustang Mach-E Premium,"Introducing the 2025 Ford Mustang Mach-E Premiumâ""a striking red electric vehicle engineered for modern driving. With an EPA-estimated 106 MPGe city and 98 MPGe highway, this premium EV combines efficiency with responsive performance. The Mach-E Premium delivers an exceptional ownership experience from day one. - Panoramic fixed-glass roof for an open, airy cabin - BlueCruise equipped with 1-year plan for semi-autonomous driving - B&O Sound System by Bang & Olufsen with SiriusXM 360L - Mobile Power Cord (120V/240V) for convenient charging flexibility - Sync 4A with enhanced voice recognition and connected navigation - Heated and ventilated perforated ActiveX bucket seats - Ford Connectivity Package for seamless smartphone integration - Interior and exterior protection packages included - 19-inch bright machined-face aluminum wheels - Emergency communication system with 911 Assist This Mach-E Premium showcases meticulous care with just 5,929 miles, reflecting single-owner driving patterns well below average annual usage. The vehicle benefits from a comprehensive safety suite including dual front impact airbags, side-curtain airbags, electronic stability control, and an integrated security system. Visit us today to experience the Mustang Mach-E Premium's blend of electric innovation, premium comfort, and commanding design. You'll appreciate the thoughtful technology and refined appointments that make every drive rewarding.",available,used,38000.00 USD,https://www.lewisfarmington.com/used/Ford/2025-Ford-Mustang-Mach-E-b572b049ac185bc6fc1af9b53b608794.htm,https://pictures.web.dealer.com/s/springdalefordfd/0165/a756c232fee4c68e2dede1af10e965aex.jpg,3FMTK3R44SMA00609,2025,Ford,Mustang Mach-E,Premium,SUV,5929,MI,Magenta,Black Onyx,AUTOMATIC,RWD,ELECTRIC,"{addr1: '323 E Main Street', city: 'Farmington', region: 'AR', postal_code: '72730', country: 'US'}"
1C4RJEJG4MC539643,2021 Jeep Grand Cherokee Summit,Bright White Clearcoat 2021 Jeep Grand Cherokee Summit RWD 8-Speed Automatic 3.6L V6 24V Vvt 19/26 City/Highway MPG,available,used,30586.00 USD,https://www.lewisfarmington.com/used/Jeep/2021-Jeep-Grand-Cherokee-b6c03af4ac1812be80b66b4f5eae5b54.htm,https://pictures.web.dealer.com/l/lewischryslerdodgecllc/1049/352b3a8cfa127f4cebf4f3e7d689db24x.jpg,1C4RJEJG4MC539643,2021,Jeep,Grand Cherokee,Summit,SUV,64043,MI,Bright White Clearcoat,Black,AUTOMATIC,RWD,GASOLINE,"{addr1: '323 E Main Street', city: 'Farmington', region: 'AR', postal_code: '72730', country: 'US'}"
1C4PJXAG3SW551734,2025 Jeep Wrangler Sport,"This 2025 Jeep Wrangler Sport is a capable 4WD Suv ready for adventure. Finished in Black with a Black Cloth interior, it delivers authentic Jeep performance backed by strong engineering and practical amenities. With 7,938 miles, this vehicle offers excellent value in the used market. - 1 Year Free Oil Changes - 1 Year Free Tire Rotation - 5-Year/60,000-Mile Warranty - Uconnect 5 Touchscreen with Apple CarPlay & Android Auto - ParkView Rear Back-Up Camera - SiriusXM Satellite Radio - Remote Keyless Entry - Electronic Stability Control with Traction Control - Dual Front & Side Impact Airbags with Rollover Protection - 17"" Black Steel Styled Wheels This vehicle is Lewis Certified, reflecting our confidence in its condition and reliability. The 2025 Wrangler Sport combines legendary off-road capability with everyday practicality. Its 3.6L V6 engine delivers 17 city/23 highway mpg, while the 6-speed manual transmission puts you in control. We invite you to visit our showroom to experience this Wrangler firsthand and explore what makes it the right choice for your next adventure.",available,used,33673.00 USD,https://www.lewisfarmington.com/used/Jeep/2025-Jeep-Wrangler-bc502cc9ac1812d225eec5179a58065a.htm,https://pictures.web.dealer.com/l/lewischryslerdodgecllc/1276/7ec6908ab75c96c173c71707d70ad314x.jpg,1C4PJXAG3SW551734,2025,Jeep,Wrangler,Sport,SUV,7938,MI,Black Clearcoat,Black,MANUAL,4X4,GASOLINE,"{addr1: '323 E Main Street', city: 'Farmington', region: 'AR', postal_code: '72730', country: 'US'}"
1C6RR6GT7HS590303,2017 Ram 1500 Big Horn,"This impressive 2017 Ram 1500 Big Horn Quad Cab delivers the power and capability you expect from a full-size truck. With its potent Hemi 5.7L V8 engine paired with an 8-speed automatic transmission, this silver beauty combines performance with practical everyday utility. The well-maintained interior features diesel gray and black upholstery, creating a refined cabin environment for work or weekend adventures. - 1 Year Free Oil Changes - 1 Year Free Tire Rotation - 6-Month/6,000-Mile Warranty - Hemi 5.7L V8 with 8-Speed Automatic - Uconnect 3C with 8.4"" Touchscreen Display - ParkSense Front/Rear Park Assist with ParkView Rear Camera - Power 10-Way Driver Seat with Lumbar Adjust - Remote Start System - SiriusXM Satellite Radio - 20"" Chrome Clad Aluminum Wheels This truck is Lewis Certified, ensuring it meets rigorous quality and inspection standards. You can buy with confidence knowing this vehicle has been thoroughly evaluated. Ready for your next job or adventure, this Ram 1500 Big Horn is priced right and ready to work. Visit our showroom today to experience this capable truck firsthand.",available,used,18000.00 USD,https://www.lewisfarmington.com/used/Ram/2017-Ram-1500-b72e0fd3ac1817c99dfd0f5c8492eb48.htm,https://pictures.web.dealer.com/l/lewischryslerdodgecllc/1004/1028f351957cf2b80e3b88a5c4816cc8x.jpg,1C6RR6GT7HS590303,2017,Ram,1500,Big Horn,TRUCK,142255,MI,Bright Silver Clearcoat Metallic,Diesel Gray/Black,AUTOMATIC,RWD,GASOLINE,"{addr1: '323 E Main Street', city: 'Farmington', region: 'AR', postal_code: '72730', country: 'US'}"
JTEVB5BR6T5051952,2026 Toyota 4Runner i-Force MAX Hybrid TRD Off Road Premium,"This 2026 Toyota 4Runner i-FORCE Max Hybrid Trd Off Road Premium delivers capability and efficiency in a stunning White exterior. With low mileage of just 1,950 miles, this vehicle is practically new and backed by a 5-year, 60,000-mile warranty. The 2.4L 4-cylinder hybrid engine paired with 8-speed automatic transmission and 4WD delivers responsive performance while achieving an impressive 23 city and 24 highway MPG. **Key Features:** - 5-Year/60,000-Mile Warranty - Hybrid Efficiency with 4WD Capability - Moonroof - Trd Off-Road Premium Package - 18"" Matte-Black Alloy Wheels - Front & Rear Molded Black 4Runner Mudguards - Heated and Ventilated Front Bucket Seats - Apple CarPlay/Android Auto Integration - SiriusXM and 14"" Audio System with 15 Speakers - Advanced Safety Suite with Multiple Airbags This 4Runner combines refined comfort with rugged capability. The heated and ventilated front seats, leather steering wheel, and automatic dual-zone climate control create a premium driving environment. Interior D-pillar cargo lights, color-keyed bodyside molding, and prewired auxiliary switches enhance both function and style. The intelligent inside rear-view mirror, navigation system, and SiriusXM satellite radio keep you connected on every journey. Built for adventure with proven Toyota durability, this hybrid 4Runner represents the best of modern off-road technology and everyday refinement. Visit us today to experience this exceptional vehicle and discover why the 4Runner leads its class.",available,used,59973.00 USD,https://www.lewisfarmington.com/used/Toyota/2026-Toyota-4Runner-i-Force-MAX-Hybrid-b197dbf3ac185bc6fc1af9b5e3eccfb8.htm,https://pictures.web.dealer.com/s/springdalefordfd/0946/6e3dae278e2a4d00ccd26a771e1d27dax.jpg,JTEVB5BR6T5051952,2026,Toyota,4Runner i-Force MAX Hybrid,TRD Off Road Premium,SUV,1950,MI,Ice,Black,AUTOMATIC,4X4,HYBRID,"{addr1: '323 E Main Street', city: 'Farmington', region: 'AR', postal_code: '72730', country: 'US'}"
5TFCZ5AN7KX171610,2019 Toyota Tacoma TRD Off-Road,"This 2019 Toyota Tacoma Trd Off-Road V6 is a capable and well-equipped pickup truck built for adventure. With its 3.5L V6 engine delivering 278 horsepower and 6-speed automatic transmission, this 4WD double cab short bed offers the performance and reliability Toyota owners trust. The blue exterior with graphite cloth interior presents a clean, professional appearance that works for both work and play. - Trd Off-Road Package - Entune Premium Navigation with App Suite - Smart Key with Push Button Start - Dual Zone Automatic Climate Control - LED Daytime Running Lamps - Wide Angle Front Fog Lamps - Blind Spot Monitor with Rear Cross Traffic Alert - Power Sliding Rear Window with Privacy Glass - Navigation System - Auto-Dimming Rear-View Mirror with Compass This truck is ready to tackle your next job or weekend getaway. Come see it in our showroom today and experience the capability that defines the Tacoma line.",available,used,27900.00 USD,https://www.lewisfarmington.com/used/Toyota/2019-Toyota-Tacoma-b797e0bdac185bc6fc1af9b54d4ef7dd.htm,https://pictures.web.dealer.com/l/lewischryslerdodgecllc/1331/41d6e43d560a0768d1cee6ca30a295c8x.jpg,5TFCZ5AN7KX171610,2019,Toyota,Tacoma,TRD Off-Road,TRUCK,153935,MI,Blue,Graphite,AUTOMATIC,4X4,GASOLINE,"{addr1: '323 E Main Street', city: 'Farmington', region: 'AR', postal_code: '72730', country: 'US'}"
1FMCU0GN0RUA40163,2024 Ford Escape Active,"Home OF The Lewis Guarantee This 2024 Ford Escape Active delivers excellent everyday performance with its efficient 1.5L EcoBoost engine paired with an 8-speed automatic transmission. With an impressive 27 city and 34 highway MPG, you'll enjoy confident handling and fuel economy that keeps you on the road longer. At just under 40,000 miles, this gray Active model represents outstanding value for a nearly-new Suv ready for your next adventure. Key Features: - Sync 4 infotainment system with SiriusXM satellite radio - Rear backup camera for confident parking and maneuvering - Automatic headlights with delay-off function - Dual-zone automatic climate control - Power liftgate for convenient cargo access - Remote keyless entry and FordPass Connect - 17-inch shadow silver-painted alloy wheels - Electronic stability control with traction control - Multiple airbags including front, side, and overhead protection This Escape Active has been meticulously maintained and shows minimal wear. The Gray exterior remains vibrant, and the interior cloth bucket seats with center armrest provide comfortable seating for daily commutes and weekend trips alike. Everything from the steering wheel controls to the power-adjustable driver seat reflects careful ownership. You're investing in peace of mind with our comprehensive coverage: five years or 60,000 miles of warranty protection plus one year of complimentary oil changes and tire rotations. Stop by and experience this capable, efficient Escape Active firsthand. Our team is ready to answer your questions and arrange a test drive at your convenience.",available,used,23733.00 USD,https://www.lewisfarmington.com/used/Ford/2024-Ford-Escape-bbe2ce19ac18275d9ef73f1116e45830.htm,https://pictures.web.dealer.com/l/lewisfordfd/0274/eff862eede21e261df83efa950c292c6x.jpg,1FMCU0GN0RUA40163,2024,Ford,Escape,Active,SUV,43410,MI,Gray Metallic,Gray,AUTOMATIC,FWD,GASOLINE,"{addr1: '323 E Main Street', city: 'Farmington', region: 'AR', postal_code: '72730', country: 'US'}"
1FMCU0F71HUE12742,2017 Ford Escape S,"Home OF The Lewis Guarantee This 2017 Ford Escape S delivers dependable crossover performance in an attractive silver exterior. With a 2.5L i-VCT engine paired with a 6-speed automatic transmission and front-wheel drive, it achieves 21 city and 29 highway mpg. It's ready to handle your daily commute and weekend adventures with reliable capability. Key Features: - 17"" Sparkle Silver Painted Aluminum Wheels - Sync Communications & Entertainment System - Rear Backup Camera - Dual Front Impact Airbags & Overhead Airbags - Electronic Stability Control & Traction Control - Remote Keyless Entry - Fully Automatic Headlights - Power Windows & Door Mirrors - Air Conditioning - Split Folding Rear Seat This Escape has been well-maintained and shows honest wear consistent with its mileage. The cabin remains clean and functional, with all systems operating as they should. This vehicle is certified, giving you added peace of mind with comprehensive coverage. Our commitment stands behind every certified vehicle we sell. We're offering 1 year of free oil changes, 1 year of free tire rotations, and a 6-month/6,000-mile warranty to support your ownership. Visit our showroom today to test drive this reliable Escape and discover why it's the right choice for your next vehicle.",available,used,11335.00 USD,https://www.lewisfarmington.com/used/Ford/2017-Ford-Escape-c47770d9ac185e19df2a9b9240f60ff8.htm,https://pictures.web.dealer.com/l/lewisfordfd/0747/f305f40daabc50b6bf14f2a1ba7258abx.jpg,1FMCU0F71HUE12742,2017,Ford,Escape,S,SUV,120406,MI,Ingot Silver,Black,AUTOMATIC,FWD,GASOLINE,"{addr1: '323 E Main Street', city: 'Farmington', region: 'AR', postal_code: '72730', country: 'US'}"
1FT8W3DM9SED74256,2025 Ford F-350SD King Ranch,"This 2025 Ford F-350SD King Ranch combines heavy-duty capability with premium comfort and advanced technology. Finished in gray with the iconic King Ranch design, this 4WD super duty truck features a commanding 6.7L High Output Power Stroke V8 Diesel paired with a 10-speed automatic transmission. With relatively low mileage at 25,425 miles, this truck is ready to deliver years of dependable performance backed by a comprehensive 5-year/60,000-mile warranty. Key Features: - 6.7L High Output Power Stroke V8 Diesel with 10-Speed Automatic - Sync 4 with Enhanced Voice Recognition and Navigation System - B&O Unleashed Sound System with 14 speakers and SiriusXM with 360L - Unique King Ranch Leather 40/Console/40 Seats with heated and ventilated front seats - Twin Panel Power Moonroof and Heads-Up Display - FX4 Off-Road Package with Hill Descent Control and off-road tuned shock absorbers - 5th Wheel/Gooseneck Hitch Prep Package and Chrome Package - Dual rear wheels with Limited Slip differential (3.55 axle ratio) - Electronic Stability Control, Traction Control, and comprehensive airbag system - Power driver and passenger seats with memory, heated steering wheel, and auto-dimming rear-view mirror This truck showcases premium King Ranch appointments throughout its cabin, from the distinctive leather upholstery to the heated rear seats and split folding rear seat. The FX4 Off-Road Package delivers genuine capability with off-road tuned suspension, Hill Descent Control, and aggressive styling. Advanced safety features include multiple airbags, brake assist, electronic stability control, and emergency communication through Sync 4 911 Assist. Visit us today to experience the commanding presence and versatile capability of this F-350SD King Ranch. Whether you need a work truck or a statement piece, this pickup delivers on every front.",available,used,82975.00 USD,https://www.lewisfarmington.com/used/Ford/2025-Ford-F-350SD-bbe2fc4fac185e19df2a9b924d1ed6e2.htm,https://pictures.web.dealer.com/s/springdalefordfd/1134/5d1c4646e2f6079f4c15cc92c3735c49x.jpg,1FT8W3DM9SED74256,2025,Ford,F-350SD,King Ranch,TRUCK,25429,MI,Gray Metallic,Java,AUTOMATIC,4X4,DIESEL,"{addr1: '323 E Main Street', city: 'Farmington', region: 'AR', postal_code: '72730', country: 'US'}"
1FT8W3DT0SEC38783,2025 Ford F-350SD XLT,4WD. Oxford White 2025 Ford F-350SD Xlt Drw 4WD 10-Speed Automatic Power Stroke 6.7L V8 DI 32V Ohv Turbodiesel Odometer is 14684 miles below market average!,available,used,70000.00 USD,https://www.lewisfarmington.com/used/Ford/2025-Ford-F-350SD-bb749787ac182917f2b47494b4872dc0.htm,https://pictures.web.dealer.com/l/lewischryslerdodgecllc/0481/b23cc81b2dd1bd6b53d5fe50c42cfd67x.jpg,1FT8W3DT0SEC38783,2025,Ford,F-350SD,XLT,TRUCK,22817,MI,Oxford White,Medium Dark Slate,AUTOMATIC,4X4,DIESEL,"{addr1: '323 E Main Street', city: 'Farmington', region: 'AR', postal_code: '72730', country: 'US'}"
1C6PJTAG5SL531437,2025 Jeep Gladiator High Tide,Bright White Clearcoat 2025 Jeep Gladiator High Tide 4WD 8-Speed Automatic 3.6L V6 24V Vvt Odometer is 587 miles below market average!,available,used,45834.00 USD,https://www.lewisfarmington.com/used/Jeep/2025-Jeep-Gladiator-bbe77d0dac1817c99dfd0f5ccec70f60.htm,https://pictures.web.dealer.com/l/lewischryslerdodgecllc/1990/79b11ff7d062ed95c270f88cc1f872a0x.jpg,1C6PJTAG5SL531437,2025,Jeep,Gladiator,High Tide,TRUCK,10560,MI,Bright White Clearcoat,Black,AUTOMATIC,4X4,GASOLINE,"{addr1: '323 E Main Street', city: 'Farmington', region: 'AR', postal_code: '72730', country: 'US'}"
KNDP63AC4M7853988,2021 Kia Sportage S,Pacific Blue 2021 Kia Sportage S FWD 6-Speed Automatic Electronic with Overdrive 2.4L I4 Dgi Dohc 16V Odometer is 17451 miles below market average! 23/30 City/Highway MPG Awards: * JD Power Initial Quality Study (Iqs),available,used,22000.00 USD,https://www.lewisfarmington.com/used/Kia/2021-Kia-Sportage-bc50304eac1812bef6ec8018eaebece3.htm,https://pictures.web.dealer.com/l/lewischryslerdodgecllc/0599/547b45862f64319a2f30504949472bc0x.jpg,KNDP63AC4M7853988,2021,Kia,Sportage,S,SUV,47470,MI,Pacific Blue,Black,AUTOMATIC,FWD,GASOLINE,"{addr1: '323 E Main Street', city: 'Farmington', region: 'AR', postal_code: '72730', country: 'US'}"
4T1BF1FK6HU691542,2017 Toyota Camry XLE,"Home OF The Lewis Guarantee This 2017 Toyota Camry Xle offers reliable midsize sedan performance with practical comfort features. With its 2.5L four-cylinder engine and six-speed automatic transmission, this Camry delivers solid fuel efficiency at 24 city and 33 highway MPG. The beige exterior presents a clean, professional appearance ready for your daily commute or weekend drives. - 1 Year Free Oil Changes - 1 Year Free Tire Rotation - 6 Month/6,000 Mile Warranty - Multi-Stage Heated Front Bucket Seats with Leather Trim - Remote Keyless Entry with Illuminated Entry - Exterior Parking Camera Rear - Automatic Temperature Control with Front Dual Zone A/C - AM/FM SiriusXM Radio with Entune Audio Plus and Jbl Audio - Power Driver and Passenger Seats - Electronic Stability Control and Traction Control The interior combines comfort with convenience. Heated front seats and power seating adjustments contribute to a pleasant driving experience. The Entune Audio Plus system with Jbl speakers and navigation keeps you connected, while steering wheel-mounted audio controls maintain focus on the road. Dual front and side impact airbags, knee airbags, and an extensive safety suite provide peace of mind for you and your passengers. This vehicle is ready for immediate purchase and use. We stand behind every vehicle in our inventory with careful inspection and professional preparation to ensure you drive home with confidence. Visit our dealership today to experience this dependable Camry firsthand and discover why it remains a top choice for practical sedan buyers.",available,used,16747.00 USD,https://www.lewisfarmington.com/used/Toyota/2017-Toyota-Camry-bb7553f3ac1851979897d886a470c2f3.htm,https://pictures.web.dealer.com/l/lewisfordfd/0949/c8bb0acdb2b614957eb96605c470fc83x.jpg,4T1BF1FK6HU691542,2017,Toyota,Camry,XLE,SEDAN,131248,MI,Creme Brulee Mica,Almond,AUTOMATIC,FWD,GASOLINE,"{addr1: '323 E Main Street', city: 'Farmington', region: 'AR', postal_code: '72730', country: 'US'}"
1NXBU4EE1AZ385308,2010 Toyota Corolla LE,"This 2010 Toyota Corolla LE is a dependable sedan built for everyday reliability and practical performance. With a 1.8L 4-cylinder engine delivering 26 city and 34 highway MPG, this Corolla efficiently handles your daily commute while keeping fuel costs manageable. The silver exterior presents a clean, timeless appearance, and the LE trim comes equipped with a thoughtful range of comfort and convenience features. Key Features: - AM/FM Stereo with 6-Disc In-Dash CD Changer - All Weather Guard Package - Air Conditioning - Electronic Stability Control and Traction Control - Power Windows and Power Door Mirrors - Tilt and Telescoping Steering Wheel - Dual Front and Side Impact Airbags - Front Bucket Seats with Split Folding Rear Seat - ABS Brakes with Brake Assist This sedan combines Toyota's legendary reputation for dependability with practical styling and responsive handling. The interior offers comfortable cloth seating, an illuminated entry system, and a modern stereo setup to keep you entertained on the road. Safety features including electronic stability control, traction control, and multiple airbags provide peace of mind for you and your passengers. Visit us today to test drive this solid, no-nonsense Corolla and discover why Toyota sedans remain a trusted choice for drivers everywhere.",available,used,5117.00 USD,https://www.lewisfarmington.com/used/Toyota/2010-Toyota-Corolla-c4777286ac1851979897d886bd33f86b.htm,https://pictures.web.dealer.com/l/lewisfordfd/0449/935ac65565af8903927f72b0296640a7x.jpg,1NXBU4EE1AZ385308,2010,Toyota,Corolla,LE,SEDAN,259129,MI,Classic Silver Metallic,Ash,AUTOMATIC,FWD,GASOLINE,"{addr1: '323 E Main Street', city: 'Farmington', region: 'AR', postal_code: '72730', country: 'US'}"
1GNSKCKC6KR172051,2019 Chevrolet Tahoe Premier,"Recent Arrival! 4WD, Cocoa/Dune Leather. Iridescent Pearl Tricoat 2019 Chevrolet Tahoe Premier 4WD 6-Speed Automatic Electronic with Overdrive EcoTec3 5.3L V8 Awards: * JD Power Initial Quality Study * 2019 KBB.com Best Resale Value Awards",available,used,28000.00 USD,https://www.lewisfarmington.com/used/Chevrolet/2019-Chevrolet-Tahoe-c6307c14ac18193b227a1cbf1b018520.htm,https://pictures.web.dealer.com/l/lewischryslerdodgecllc/1867/1a036c29739f10b16e31a7576ca206b0x.jpg,1GNSKCKC6KR172051,2019,Chevrolet,Tahoe,Premier,SUV,136699,MI,Iridescent Pearl Tricoat,Cocoa/Dune,AUTOMATIC,4X4,GASOLINE,"{addr1: '323 E Main Street', city: 'Farmington', region: 'AR', postal_code: '72730', country: 'US'}"
1FT7W2BN2MEC34540,2021 Ford F-250SD Lariat,"Recent Arrival! 3YR/36,000 Mile Warranty, 4WD, Black Leather, FX4 Off-Road Package, Hill Descent Control, Off-Road Specifically Tuned Shock Absorbers, Power Heated/Ventilated Driver Seat w/Memory, Power Heated/Ventilated Passenger Seat, Power passenger seat, Power Telescoping/Tilt Steering Wheel/Column, Split folding rear seat, Unique FX4 Off-Road Box Decal, Voice-Activated Navigation. White Metallic 2021 Ford F-250SD Lariat 4WD 10-Speed Automatic 7.3L V8 Pfi Sohc 16V Federal 385hp Odometer is 1230 miles below market average!",available,used,53546.00 USD,https://www.lewisfarmington.com/used/Ford/2021-Ford-F-250SD-c6300773ac1829354b5a14180856340c.htm,https://pictures.web.dealer.com/l/lewisfordfd/1917/9101dc8f7e127bf9dd690a7664be398ex.jpg,1FT7W2BN2MEC34540,2021,Ford,F-250SD,Lariat,TRUCK,77245,MI,White Metallic,Black,AUTOMATIC,4X4,GASOLINE,"{addr1: '323 E Main Street', city: 'Farmington', region: 'AR', postal_code: '72730', country: 'US'}"
1FT7W2B67LEE56918,2020 Ford F-250SD XL,"Home OF The Lewis Guarantee This 2020 Ford F-250SD XL Super Duty delivers outstanding capability and reliability in a well-maintained, crew cab configuration. With the powerful 6.2L V8 Efi Flex Fuel engine paired with a 6-speed automatic transmission and 4WD, this truck is built to handle demanding work and tough terrain. The black exterior and medium earth gray interior create a professional appearance, while the short box design offers practical versatility for both job sites and daily driving. **Key Features:** - Stx Appearance Package - Sync 3 Communications & Entertainment System - Power Equipment Group - Engine Block Heater - LED Roof Clearance Lights - Upfitter Switches (6) - Exterior Parking Camera Rear - Electronic Stability Control & Traction Control - Dual Front Impact & Side Impact Airbags - 3.73 Axle Ratio with Gvwr: 10,000 lb Payload Package **Condition & Certification:** This vehicle is Lewis Certified and backed by a 3-year/36,000-mile warranty. Additionally, you'll receive one year of free oil changes and one year of free tire rotation. Showing 78,247 miles, this F-250SD has been well cared for and remains ready for years of dependable service. Stop by today to experience this capable Super Duty truck firsthand and discover why it's the smart choice for work and life. Our team is ready to answer your questions and help you get behind the wheel.",available,used,36408.00 USD,https://www.lewisfarmington.com/used/Ford/2020-Ford-F-250SD-d538916cac185bc0410e180baa39f78b.htm,https://pictures.web.dealer.com/l/lewisfordfd/1703/06a37fb10190ae54d999f81c4abe6f2bx.jpg,1FT7W2B67LEE56918,2020,Ford,F-250SD,XL,TRUCK,77529,MI,Black Metallic,Medium Earth Gray,AUTOMATIC,4X4,FLEX,"{addr1: '323 E Main Street', city: 'Farmington', region: 'AR', postal_code: '72730', country: 'US'}"
3FTTW8R92RRB12288,2024 Ford Maverick Lariat,"Home OF The Lewis Guarantee This 2024 Ford Maverick Lariat SuperCrew delivers capable off-road performance paired with premium comfort in a compact, nimble package. Finished in striking green with a black onyx interior, this AWD truck combines practicality with modern style and genuine versatility for work or weekend adventure. Equipped with a turbocharged EcoBoost 2.0L engine and 8-speed automatic transmission, the Maverick returns an impressive 20 city and 24 highway MPG while delivering responsive power when you need it. Standard features include Sync 3 communications system, B&O Sound System by Bang & Olufsen with SiriusXM, and an integrated navigation system for seamless connectivity on the road. The Lariat trim excels in comfort and capability: - Heated front bucket seats and heated steering wheel - Power moonroof adding light and openness - Automatic climate control with dual-zone front A/C - Off-road tuned suspension with advanced 4WD and twin-clutch rear drive unit - Trail Control and electronic stability features for confident handling - Backup camera and rear parking sensors for visibility - 17"" and 18"" machined aluminum wheels - Tremor off-road package with distinctive orange accents and skid plates This vehicle is Lewis Certified, providing you with confidence in its quality and condition. As a Lewis Certified vehicle, this Maverick arrives with a 3-year/36,000-mile warranty plus one year of complimentary oil changes and tire rotations. Visit our showroom today to experience this impressive truck firsthand and discover why the 2024 Maverick Lariat is the smart choice for buyers seeking capability without compromise.",available,used,33564.00 USD,https://www.lewisfarmington.com/used/Ford/2024-Ford-Maverick-d5388fd4ac18230d1f9b854f7325bf81.htm,https://pictures.web.dealer.com/l/lewisfordfd/1252/9111f55069ec89468789d966b4c7e301x.jpg,3FTTW8R92RRB12288,2024,Ford,Maverick,Lariat,TRUCK,58484,MI,Cactus,Black Onyx,AUTOMATIC,AWD,GASOLINE,"{addr1: '323 E Main Street', city: 'Farmington', region: 'AR', postal_code: '72730', country: 'US'}"
1GKS2BKC7HR112246,2017 GMC Yukon SLT,"Recent Arrival! Slt, 4WD. Onyx Black 2017 Gmc Yukon Slt 4WD 6-Speed Automatic Electronic with Overdrive EcoTec3 5.3L V8 Awards: * 2017 KBB.com Brand Image Awards",available,used,24307.00 USD,https://www.lewisfarmington.com/used/GMC/2017-GMC-Yukon-ba980362ac180edf8db7c817cc59529b.htm,https://pictures.web.dealer.com/l/lewisfordfd/1867/fa54071d490732e9f81fde901c67b37cx.jpg,1GKS2BKC7HR112246,2017,GMC,Yukon,SLT,SUV,135889,MI,Onyx Black,Jet Black,AUTOMATIC,4X4,GASOLINE,"{addr1: '323 E Main Street', city: 'Farmington', region: 'AR', postal_code: '72730', country: 'US'}"
3C6RR6KG1MG705263,2021 Ram 1500 Classic Tradesman,"This 2021 Ram 1500 Classic Tradesman is a well-maintained, locally-owned truck built to deliver dependable performance and practicality. With its classic styling, capable 3.6L V6 engine, and spacious crew cab layout, this Ram offers the functionality and comfort truck buyers demand. The striking red exterior paired with diesel gray and black cloth interior creates an appealing, professional appearance. - 1 Year Free Oil Changes - 1 Year Free Tire Rotation - 3-Year/36,000-Mile Warranty - Chrome Plus Package with Bright Bumpers and Grille - Anti-Spin Differential Rear Axle - Rear Folding Seat with 40/20/40 Split Bench Seating - ParkView Rear Back-Up Camera - Uconnect 3 Infotainment System with 5"" Display - Remote Keyless Entry - Electronic Stability Control and Traction Control This truck carries Lewis Certified status, ensuring it has passed rigorous inspection standards and backing your purchase with confidence. Whether you're hauling equipment, tackling daily commutes, or managing weekend projects, this Ram 1500 Classic provides the reliability and features you need. Its fuel economy of 17 city and 25 highway MPG offers reasonable efficiency for its class. Stop by today to test drive this trusted performer and experience its commanding presence and smooth handling firsthand.",available,used,24500.00 USD,https://www.lewisfarmington.com/used/Ram/2021-Ram-1500-Classic-d0443c5eac18109a99ec7816d4f9a8ad.htm,https://pictures.web.dealer.com/l/lewischryslerdodgecllc/1718/afddf71115a8c06e4876dc40d123303fx.jpg,3C6RR6KG1MG705263,2021,Ram,1500 Classic,Tradesman,TRUCK,88563,MI,Flame Red Clearcoat,Diesel Gray/Black,AUTOMATIC,RWD,GASOLINE,"{addr1: '323 E Main Street', city: 'Farmington', region: 'AR', postal_code: '72730', country: 'US'}"
2CNDL53F996210831,2009 Chevrolet Equinox LT,Recent Arrival! Black 2009 Chevrolet Equinox LT 2LT FWD 5-Speed Automatic Electronic with Overdrive 3.4L V6 Odometer is 19476 miles below market average!,available,used,7000.00 USD,https://www.lewisfarmington.com/used/Chevrolet/2009-Chevrolet-Equinox-ca486840ac1851979897d88691382772.htm,https://images.dealer.com/autodata/us/large_stockphoto-color/2009/USB90CHS151B0/19U.jpg,2CNDL53F996210831,2009,Chevrolet,Equinox,LT,SUV,118276,MI,Black,Light Cashmere,AUTOMATIC,FWD,GASOLINE,"{addr1: '323 E Main Street', city: 'Farmington', region: 'AR', postal_code: '72730', country: 'US'}"
1FTFW5L54RFB65198,2024 Ford F-150 Lariat,"Home OF The Lewis Guarantee This 2024 Ford F-150 Lariat SuperCrew Extra Short Box combines capability with refined comfort. Finished in stunning white with black leather interior, this 4WD pickup delivers the power and versatility you expect from America's favorite truck. - 5.0L V8 engine with 10-speed automatic transmission - 1 year free oil changes and tire rotation - 5-year/60,000-mile warranty - Lariat Black Appearance Package - B&O Sound System by Bang & Olufsen with Sync 4 - Heated and ventilated leather front seats with memory - Electronic locking rear differential with 3.73 axle ratio - Bed utility package with 6"" extended running boards - LED box lighting and pro access tailgate - Auto-dimming mirrors and heated steering wheel This vehicle is Lewis Certified, giving you additional peace of mind with our rigorous inspection and quality standards. At just under 16,000 miles, this Lariat shows minimal wear and offers excellent value for a newer model year. Whether you're heading to the job site or the open road, the F-150 Lariat stands ready to perform. Visit us today to experience this exceptional truck firsthand.",available,used,63860.00 USD,https://www.lewisfarmington.com/used/Ford/2024-Ford-F-150-d38578eaac185f86f4ccc9eacff9d4d1.htm,https://pictures.web.dealer.com/l/lewisfordfd/1715/b2738771344bcea18ee47f1b72731b24x.jpg,1FTFW5L54RFB65198,2024,Ford,F-150,Lariat,TRUCK,19000,MI,Oxford White,Black,AUTOMATIC,4X4,GASOLINE,"{addr1: '323 E Main Street', city: 'Farmington', region: 'AR', postal_code: '72730', country: 'US'}"
KMHLS4DG3SU906012,2025 Hyundai Elantra SEL Convenience,Recent Arrival! Intense Blue 2025 Hyundai Elantra Sel Convenience FWD Cvt I4 30/39 City/Highway MPG,available,used,22467.00 USD,https://www.lewisfarmington.com/used/Hyundai/2025-Hyundai-Elantra-caaf1e25ac1822ed3b294cb0d97ae791.htm,https://pictures.web.dealer.com/l/lewischryslerdodgecllc/0124/b34f03a8ced88e62a77f10308d8f352ax.jpg,KMHLS4DG3SU906012,2025,Hyundai,Elantra,SEL Convenience,SEDAN,46293,MI,Intense Blue,Gray,AUTOMATIC,FWD,GASOLINE,"{addr1: '323 E Main Street', city: 'Farmington', region: 'AR', postal_code: '72730', country: 'US'}"
5NMJB3DE8SH466610,2025 Hyundai Tucson SEL,Recent Arrival! Ultimate Red 2025 Hyundai Tucson Sel FWD 8-Speed Automatic with Shiftronic 2.5L I4 Dgi Dohc 16V LEV3-SULEV30 187hp 25/33 City/Highway MPG,available,used,26500.00 USD,https://www.lewisfarmington.com/used/Hyundai/2025-Hyundai-Tucson-caaf2077ac1822ed3b294cb0c6263923.htm,https://pictures.web.dealer.com/l/lewischryslerdodgecllc/1824/cbbf76d1049362824f2d59e0093a3c11x.jpg,5NMJB3DE8SH466610,2025,Hyundai,Tucson,SEL,SUV,45917,MI,Ultimate Red,Black,AUTOMATIC,FWD,GASOLINE,"{addr1: '323 E Main Street', city: 'Farmington', region: 'AR', postal_code: '72730', country: 'US'}"
3GNAXHEG3TL208814,2026 Chevrolet Equinox LT,"Home OF The Lewis Guarantee Meet the 2026 Chevrolet Equinox LT, a modern Suv that combines practicality with contemporary comfort. This gray Suv with a black interior delivers reliable performance and everyday convenience wrapped in a sleek package designed for today's driver. - Chevrolet Infotainment 3 with 11.3"" advanced color touchscreen - SiriusXM satellite radio with 360L trial subscription - Dual-zone automatic climate control with heated front seats - Hands-free programmable power liftgate - Navigation system for confident travel - Heated steering wheel and power door mirrors - Wireless phone charging - Electronic stability control and four-wheel disc brakes - 17"" machined-face aluminum wheels - Speed-sensing steering and rear-view camera capability This vehicle arrives Lewis Certified, backed by our comprehensive quality assurance process. Every system has been thoroughly inspected to ensure your confidence on the road. The 1.5L Dohc engine with Cvt transmission delivers fuel efficiency ratings of 26 city and 29 highway miles per gallon, making this Equinox a smart choice for drivers who value both value and capability. With forward-wheel drive and all the modern conveniences you'd expect in the LT trim, this is a vehicle ready for your next adventure. Come see it in person and take the wheelâ""we look forward to your visit.",available,used,29761.00 USD,https://www.lewisfarmington.com/used/Chevrolet/2026-Chevrolet-Equinox-cb8af31aac185b5f61b2aa7966eae1f2.htm,https://pictures.web.dealer.com/l/lewisfordfd/0599/8df245dc2a7c8c1951f5b5ec701444efx.jpg,3GNAXHEG3TL208814,2026,Chevrolet,Equinox,LT,SUV,41758,MI,Sterling Gray Metallic,Black,AUTOMATIC,FWD,GASOLINE,"{addr1: '323 E Main Street', city: 'Farmington', region: 'AR', postal_code: '72730', country: 'US'}"
3GNAXPEG5SL178739,2025 Chevrolet Equinox LT,"Home OF The Lewis Guarantee This 2025 Chevrolet Equinox LT delivers practical capability wrapped in a sleek black exterior with a comfortable black interior. Powered by a 1.5L Dohc engine paired with an 8-speed automatic transmission and AWD, this Suv balances efficiency with confidence on any road. With an Epa rating of 24 city and 29 highway mpg, you'll enjoy responsive performance without compromising fuel economy. - 1 Year Free Oil Changes - 1 Year Free Tire Rotation - 5-Year/60,000-Mile Warranty - Safety and Technology Package - Convenience Package II - 11.3"" Advanced Color Lcd Display with SiriusXM - Dual-Zone Automatic Climate Control - Heated Steering Wheel and Driver/Passenger Seats - HD Surround Vision and Rear Pedestrian Alert - Navigation System with Traffic Sign Recognition The Equinox LT arrives Lewis Certified, giving you peace of mind with our comprehensive inspection and support program. The black-on-black color scheme creates a refined appearance that turns heads while maintaining a timeless appeal. Standard dual-zone climate control, wireless device charging, and the OnStar connected services package ensure modern convenience at every turn. With heated seats, a heated steering wheel, power programmable liftgate, and advanced safety features like four-wheel disc brakes and electronic stability control, this Equinox covers all the essentials. Stop by today to experience this well-equipped Suv firsthand.",available,used,29904.00 USD,https://www.lewisfarmington.com/used/Chevrolet/2025-Chevrolet-Equinox-cb1ca134ac185fa6e5f523fc1619cd7d.htm,https://pictures.web.dealer.com/l/lewisfordfd/0828/7c5fd27da39f569f6bc89917ab3ed759x.jpg,3GNAXPEG5SL178739,2025,Chevrolet,Equinox,LT,SUV,39779,MI,Mosaic Black Metallic,Black,AUTOMATIC,AWD,GASOLINE,"{addr1: '323 E Main Street', city: 'Farmington', region: 'AR', postal_code: '72730', country: 'US'}"
3GNAXPEG0SL172766,2025 Chevrolet Equinox LT,Recent Arrival! AWD. Mosaic Black Metallic 2025 Chevrolet Equinox LT AWD 8-Speed Automatic 1.5L Dohc 24/29 City/Highway MPG,available,used,30000.00 USD,https://www.lewisfarmington.com/used/Chevrolet/2025-Chevrolet-Equinox-cb1db840ac185bc0410e180bcddc3f8f.htm,https://pictures.web.dealer.com/l/lewischryslerdodgecllc/1896/17f7dc9efd70e76bd3877586093fa6bfx.jpg,3GNAXPEG0SL172766,2025,Chevrolet,Equinox,LT,SUV,46245,MI,Mosaic Black Metallic,Artemis Gray,AUTOMATIC,AWD,GASOLINE,"{addr1: '323 E Main Street', city: 'Farmington', region: 'AR', postal_code: '72730', country: 'US'}"
1G1ZD5ST0RF140259,2024 Chevrolet Malibu LT,"Home OF The Lewis Guarantee This 2024 Chevrolet Malibu LT 1LT sedan delivers reliable performance with a sleek black exterior and comfortable cloth interior. With approximately 60,630 miles, this used model maintains excellent value while offering practical features and strong fuel economy. The 1.5L Dohc engine paired with Cvt transmission provides smooth, efficient driving at 28 city and 36 highway MPG. - 1 Year Free Oil Changes - 1 Year Free Tire Rotation - 3Yr/36,000 Mile Warranty - Power Tilt-Sliding Sunroof - Chevrolet Infotainment 3 Plus with SiriusXM - Wireless Apple CarPlay/Android Auto - Heated Front Seats with Power Driver Lumbar Control - 8-Way Power Driver Seat Adjuster - Rear Backup Camera - 17"" Aluminum Wheels This Malibu is Lewis Certified, ensuring it has been thoroughly inspected and meets our quality standards. You can drive with confidence knowing your vehicle is backed by our certification and warranty coverage. Schedule your test drive today and experience the comfort and reliability of this well-equipped Chevrolet Malibu LT.",available,used,22481.00 USD,https://www.lewisfarmington.com/used/Chevrolet/2024-Chevrolet-Malibu-cb1c9fecac181a98f5666e53858ab645.htm,https://pictures.web.dealer.com/l/lewisfordfd/1423/72a53123f70ef9e99eda521263569c25x.jpg,1G1ZD5ST0RF140259,2024,Chevrolet,Malibu,LT,SEDAN,60639,MI,Mosaic Black Metallic,Black,AUTOMATIC,FWD,GASOLINE,"{addr1: '323 E Main Street', city: 'Farmington', region: 'AR', postal_code: '72730', country: 'US'}"
1G1ZD5ST0RF131139,2024 Chevrolet Malibu LT,Recent Arrival! Black Cloth. Summit White 2024 Chevrolet Malibu LT 1LT FWD Cvt 1.5L Dohc 28/36 City/Highway MPG,available,used,22500.00 USD,https://www.lewisfarmington.com/used/Chevrolet/2024-Chevrolet-Malibu-cb8aea34ac181a98f5666e53c6c7355f.htm,https://pictures.web.dealer.com/l/lewischryslerdodgecllc/1185/369e7855c1ac6e83d7a1d9f325e88a70x.jpg,1G1ZD5ST0RF131139,2024,Chevrolet,Malibu,LT,SEDAN,59533,MI,Summit White,Black,AUTOMATIC,FWD,GASOLINE,"{addr1: '323 E Main Street', city: 'Farmington', region: 'AR', postal_code: '72730', country: 'US'}"
1G1ZD5ST5RF134098,2024 Chevrolet Malibu LT,Recent Arrival! Black Cloth. Sterling Gray Metallic 2024 Chevrolet Malibu LT 1LT FWD Cvt 1.5L Dohc 28/36 City/Highway MPG,available,used,22500.00 USD,https://www.lewisfarmington.com/used/Chevrolet/2024-Chevrolet-Malibu-cb8aebb7ac185bc0410e180b2c39d471.htm,https://pictures.web.dealer.com/l/lewischryslerdodgecllc/0728/ac15bca6ed8388c4189de481e4c1648ex.jpg,1G1ZD5ST5RF134098,2024,Chevrolet,Malibu,LT,SEDAN,65259,MI,Sterling Gray Metallic,Black,AUTOMATIC,FWD,GASOLINE,"{addr1: '323 E Main Street', city: 'Farmington', region: 'AR', postal_code: '72730', country: 'US'}"
1C4RDJDG9RC212982,2024 Dodge Durango GT Plus,"Home OF The Lewis Guarantee This 2024 Dodge Durango GT Plus delivers excellent capability and comfort for families seeking a versatile Suv. With its 3.6L V6 engine, AWD drivetrain, and stylish silver exterior paired with black leather interior, this Durango is ready for your next adventure while turning heads on the road. - 1 Year Free Oil Changes - 1 Year Free Tire Rotation - 3Yr/36,000 Mile Warranty - Uconnect 5 Nav with 10.1"" Touchscreen Display - Advanced Safety: Full Speed Forward Collision Warning Plus & Blind Spot Detection with Trailer Detection - Heated and Ventilated Front Seats with Power 8-Way Driver Memory Seating - Power Sunroof - Apple CarPlay & Android Auto Integration - Adaptive Cruise Control with Stop - Premium Leather Trimmed Bucket Seats with Red Accent Stitching This vehicle is Lewis Certified, backed by our commitment to quality and customer satisfaction. Visit us today to experience the Durango GT Plus firsthand and discover why so many drivers trust us for their vehicle needs.",available,used,32469.00 USD,https://www.lewisfarmington.com/used/Dodge/2024-Dodge-Durango-cb8af1dbac18109a99ec7816a2c3e67f.htm,https://pictures.web.dealer.com/l/lewisfordfd/1715/b2738771344bcea18ee47f1b72731b24x.jpg,1C4RDJDG9RC212982,2024,Dodge,Durango,GT Plus,SUV,68505,MI,Triple Nickel,Black,AUTOMATIC,AWD,GASOLINE,"{addr1: '323 E Main Street', city: 'Farmington', region: 'AR', postal_code: '72730', country: 'US'}"
1FMCU0GN4SUB20779,2025 Ford Escape Active,"Home OF The Lewis Guarantee This 2025 Ford Escape Active delivers efficiency and practicality in a versatile Suv package. With its 1.5L EcoBoost engine and 8-speed automatic transmission, this silver crossover achieves an impressive 27 city and 34 highway mpg, making it an excellent choice for daily driving and weekend adventures. The Ebony Cloth interior provides a clean, comfortable environment for you and your passengers. - 1 Year Free Oil Changes - 1 Year Free Tire Rotation - 3-Year/36,000-Mile Warranty - Sync 4 infotainment with FordPass Connect - Dual-Zone Automatic Climate Control - Fully Automatic Headlights with Delay-Off - 17"" Shadow Silver-Painted Aluminum Wheels - Cruise Control - Remote Keyless Entry - Four-Wheel Independent Suspension This vehicle is Lewis Certified, backed by our commitment to quality and customer satisfaction. You can drive with confidence knowing this Escape has been thoroughly inspected and meets our rigorous standards. Visit us today to experience the reliability and value of this 2025 Ford Escape Active. Our team is ready to answer your questions and help you get behind the wheel.",available,used,23264.00 USD,https://www.lewisfarmington.com/used/Ford/2025-Ford-Escape-cb1ca297ac182e060860d9a86c492297.htm,https://pictures.web.dealer.com/l/lewisfordfd/0504/4237e07852a12b882d8409639f08582cx.jpg,1FMCU0GN4SUB20779,2025,Ford,Escape,Active,SUV,50347,MI,Silver Metallic,Ebony,AUTOMATIC,FWD,GASOLINE,"{addr1: '323 E Main Street', city: 'Farmington', region: 'AR', postal_code: '72730', country: 'US'}"
3FTTW8F9XNRA71813,2022 Ford Maverick XLT,"Meet this well-maintained 2022 Ford Maverick Xlt, a practical and efficient SuperCrew pickup finished in striking green with comfortable black onyx cloth seating. Powered by a 2.0L EcoBoost turbocharged engine paired with an 8-speed automatic transmission and AWD capability, this truck delivers dependable performance with an impressive 22 city and 29 highway mpg. With just over 40,000 miles, this locally owned vehicle represents an excellent value for buyers seeking a compact truck built for work and daily driving. - 1 Year Free Oil Changes - 1 Year Free Tire Rotation - 3 Year/36,000 Mile Warranty - Full Size Spare Tire - Trailer Hitch Receiver with 4-Pin Connector - Apple CarPlay and Android Auto Integration - Automatic Temperature Control - Electronic Stability Control and Traction Control - Exterior Parking Camera - Auto High-Beam Headlights This vehicle is Lewis Certified, giving you added confidence in its quality and condition. Don't miss the opportunity to own this reliable Maverick Xlt. Stop by our showroom today to experience its efficiency and capability firsthand.",available,used,29500.00 USD,https://www.lewisfarmington.com/used/Ford/2022-Ford-Maverick-d6103720ac185fa6e5f523fca52a0b0d.htm,https://pictures.web.dealer.com/l/lewischryslerdodgecllc/1148/f45e0082a3a9fab741bc4de6ee065067x.jpg,3FTTW8F9XNRA71813,2022,Ford,Maverick,XLT,TRUCK,40767,MI,Area 51,Black Onyx/Medium Dark Slate,AUTOMATIC,AWD,GASOLINE,"{addr1: '323 E Main Street', city: 'Farmington', region: 'AR', postal_code: '72730', country: 'US'}"
3GKALMEG8RL353292,2024 GMC Terrain SLE,Recent Arrival! Ebony Twilight Metallic 2024 Gmc Terrain Sle FWD 9-Speed Automatic 1.5L Dohc 24/29 City/Highway MPG,available,used,25000.00 USD,https://www.lewisfarmington.com/used/GMC/2024-GMC-Terrain-cb1db984ac181a98f5666e531cdc73f6.htm,https://pictures.web.dealer.com/l/lewischryslerdodgecllc/1290/7ed13a2d8a361a93c8d932361b56f31cx.jpg,3GKALMEG8RL353292,2024,GMC,Terrain,SLE,SUV,48320,MI,Ebony Twilight Metallic,Black,AUTOMATIC,FWD,GASOLINE,"{addr1: '323 E Main Street', city: 'Farmington', region: 'AR', postal_code: '72730', country: 'US'}"
3GKALPEG8RL232361,2024 GMC Terrain SLT,"Home OF The Lewis Guarantee This 2024 Gmc Terrain Slt delivers a refined driving experience with proven reliability and practical features for everyday and weekend adventures. With its sleek gray exterior, leather-appointed interior, and a 1.5L Dohc engine paired with a smooth 9-speed automatic transmission, this compact Suv offers excellent fuel efficiency at 24 city and 29 highway MPG while maintaining responsive handling on all road types. - 1 Year Free Oil Changes and 1 Year Free Tire Rotation - 3-Year/36,000-Mile Warranty - Leather interior with heated front seats - 8-way power driver seat with lumbar control - Wireless Apple CarPlay and Android Auto - Gmc Infotainment system with 8"" touchscreen and SiriusXM - Automatic dual-zone climate control with rear defroster - Auto high-beam headlights with fog lights - Power liftgate and roof rack - Four-wheel disc brakes with electronic stability control This vehicle is certified by Lewis Certified, backed by our commitment to quality inspection and customer confidence. Visit our showroom today to experience the Terrain's responsive handling, comfortable seating, and advanced safety features firsthand. This Slt delivers exceptional value for drivers seeking a well-equipped, dependable Suv.",available,used,26995.00 USD,https://www.lewisfarmington.com/used/GMC/2024-GMC-Terrain-cb1ca431ac1811ad7a6dbabb0e3cc47c.htm,https://pictures.web.dealer.com/l/lewisfordfd/0073/4d3d15953cdc7507636463495591313ax.jpg,3GKALPEG8RL232361,2024,GMC,Terrain,SLT,SUV,55317,MI,Sterling Metallic,Black,AUTOMATIC,FWD,GASOLINE,"{addr1: '323 E Main Street', city: 'Farmington', region: 'AR', postal_code: '72730', country: 'US'}"
5NMJBCDE8SH549258,2025 Hyundai Tucson SEL,"Home OF The Lewis Guarantee This 2025 Hyundai Tucson Sel brings together efficiency, capability, and modern comfort in a compelling silver Suv. With its 2.5L I4 engine delivering 187 horsepower paired with an 8-speed automatic transmission and all-wheel drive, you'll experience confident handling and responsive performance. The Tucson Sel balances fuel economyâ""24 city and 30 highway MPGâ""with the everyday practicality that compact Suv buyers demand. - 1 Year Free Oil Changes and Tire Rotation - 5 Year/60,000 Mile Warranty - Apple CarPlay & Android Auto Integration - Heated Front Bucket Seats with Power Driver Seat - All-Wheel Drive with Electronic Stability Control - SiriusXM Satellite Radio with AM/FM/HD Audio - Heated Door Mirrors with Power Adjustment - Rear Window Defroster and Full Power Liftgate - Dual Zone Front Automatic Climate Control - Steering Wheel Mounted Audio Controls Every detail of this vehicle has been inspected and certified to our standards. As a Lewis Certified vehicle, it carries the confidence and reliability you expect from our commitment to quality. Visit us to experience this well-equipped Tucson Sel firsthand and discover why it's the practical choice for your next adventure.",available,used,26464.00 USD,https://www.lewisfarmington.com/used/Hyundai/2025-Hyundai-Tucson-cb8af6eeac18109a99ec7816a81200bd.htm,https://pictures.web.dealer.com/l/lewisfordfd/1523/385af7e50d6945cc6da7bde794d0a12ex.jpg,5NMJBCDE8SH549258,2025,Hyundai,Tucson,SEL,SUV,46961,MI,Shimmering Silver,Black,AUTOMATIC,AWD,GASOLINE,"{addr1: '323 E Main Street', city: 'Farmington', region: 'AR', postal_code: '72730', country: 'US'}"
5NMJB3DE1RH429098,2024 Hyundai Tucson SEL,"Home OF The Lewis Guarantee This 2024 Hyundai Tucson Sel is a practical and stylish Suv finished in clean white with a black interior. With a capable 2.5L engine, 8-speed automatic transmission, and front-wheel drive, this vehicle delivers a smooth driving experience combined with solid fuel efficiency at 25 city and 32 highway MPG. At 59,162 miles, it represents excellent value as a lightly driven pre-owned option ready for its next owner. - 1 Year Free Oil Changes - 1 Year Free Tire Rotation - 3 Year/36,000 Mile Warranty - Apple CarPlay & Android Auto - SiriusXM Radio - Heated Front Seats - Backup Camera - Remote Keyless Entry - Power Liftgate - Alloy Wheels This Tucson is Lewis Certified, giving you confidence in its quality and reliability. Our comprehensive inspection process ensures this vehicle meets our high standards before it reaches you. Come see this well-equipped Tucson at our showroom today. With the Lewis Guarantee backing your purchase, you can drive home knowing you've made a smart choice.",available,used,23971.00 USD,https://www.lewisfarmington.com/used/Hyundai/2024-Hyundai-Tucson-cb1ca82bac184b985b31168a197993cb.htm,https://pictures.web.dealer.com/l/lewisfordfd/0129/8ea81492d6e18dbdf81e3a743f5c9c76x.jpg,5NMJB3DE1RH429098,2024,Hyundai,Tucson,SEL,SUV,59173,MI,White Pearl,Black,AUTOMATIC,FWD,GASOLINE,"{addr1: '323 E Main Street', city: 'Farmington', region: 'AR', postal_code: '72730', country: 'US'}"
1C4PJMBB7JD514410,2018 Jeep Cherokee Trailhawk,"Home OF The Lewis Guarantee This 2018 Jeep Cherokee Trailhawk delivers capable 4WD performance wrapped in a practical Suv package. With a 2.4L I4 MultiAir engine and 9-speed automatic transmission, this gray Suv pairs everyday versatility with genuine off-road credentials. The black cloth interior provides a clean, functional workspace, while the Trailhawk trim brings enhanced suspension and rugged capability to handle varied terrain. - 1 year free oil changes - 1 year free tire rotation - 3-year/36,000-mile warranty - Uconnect 3C with 8.4"" touchscreen display - SiriusXM satellite radio with integrated voice command - Bi-Xenon high-intensity discharge headlights with fog lights - ParkView rear backup camera - Off-road suspension with four-wheel independent suspension - Heated door mirrors with power adjustment - Dual front zone automatic climate control This vehicle carries Lewis Certified status, giving you the confidence of a professionally inspected, quality-assured pre-owned Jeep backed by our commitment to vehicle excellence. With approximately 94,172 miles on the odometer, this Cherokee Trailhawk remains a solid choice for buyers seeking proven 4WD capability and established reliability. Contact us today to schedule your test drive and experience the blend of rugged performance and daily convenience this Trailhawk offers.",available,used,19485.00 USD,https://www.lewisfarmington.com/used/Jeep/2018-Jeep-Cherokee-d97f4e39ac185bc0410e180baf00d235.htm,https://pictures.web.dealer.com/l/lewisfordfd/1267/f70e50fe957345665995f0d03acd4080x.jpg,1C4PJMBB7JD514410,2018,Jeep,Cherokee,Trailhawk,SUV,94193,MI,Granite Crystal Metallic Clearcoat,Black,AUTOMATIC,4X4,GASOLINE,"{addr1: '323 E Main Street', city: 'Farmington', region: 'AR', postal_code: '72730', country: 'US'}"
3C4NJDBN5RT605974,2024 Jeep Compass Latitude,Recent Arrival! 4WD. Diamond Black Crystal Pearlcoat 2024 Jeep Compass Latitude 4WD 8-Speed Automatic 2.0L I4 Dohc Odometer is 597 miles below market average! 24/32 City/Highway MPG,available,used,23500.00 USD,https://www.lewisfarmington.com/used/Jeep/2024-Jeep-Compass-cb1dbac2ac185bc0410e180b9f0c0feb.htm,https://pictures.web.dealer.com/l/lewischryslerdodgecllc/0305/0bc905451edd96c28f6cf38e021f74dcx.jpg,3C4NJDBN5RT605974,2024,Jeep,Compass,Latitude,SUV,60914,MI,Diamond Black Crystal Pearlcoat,Black,AUTOMATIC,4X4,GASOLINE,"{addr1: '323 E Main Street', city: 'Farmington', region: 'AR', postal_code: '72730', country: 'US'}"
3C4NJDBN0RT604540,2024 Jeep Compass Latitude,Recent Arrival! 4WD. Bright White Clearcoat 2024 Jeep Compass Latitude 4WD 8-Speed Automatic 2.0L I4 Dohc 24/32 City/Highway MPG,available,used,23500.00 USD,https://www.lewisfarmington.com/used/Jeep/2024-Jeep-Compass-cb1dbc1fac1822ed3b294cb0c0c9f6da.htm,https://pictures.web.dealer.com/l/lewischryslerdodgecllc/1658/849a38d6a71620c539482de36c982656x.jpg,3C4NJDBN0RT604540,2024,Jeep,Compass,Latitude,SUV,67520,MI,Bright White Clearcoat,Black,AUTOMATIC,4X4,GASOLINE,"{addr1: '323 E Main Street', city: 'Farmington', region: 'AR', postal_code: '72730', country: 'US'}"
3C4NJDDN7RT595414,2024 Jeep Compass Trailhawk,"Home OF The Lewis Guarantee This 2024 Jeep Compass Trailhawk delivers capable Suv performance wrapped in a fresh white exterior. With its rugged 4WD system, this Trailhawk is built to handle diverse terrain while maintaining highway-friendly efficiency at 32 MPG. At just over 57,000 miles, this used model offers an excellent value proposition for drivers seeking a dependable compact Suv. - 1 Year Free Oil Changes - 1 Year Free Tire Rotation - 3 Year/36,000 Mile Warranty - Uconnect 5 with 10.1"" Touchscreen Display and 4G Lte Wi-Fi - SiriusXM Satellite Radio - Four-Wheel Independent Suspension - ParkView Rear Back-Up Camera - Leather Steering Wheel and Shift Knob - Auto-Dimming Rear-View Mirror - Electronic Stability Control with Traction Control This Compass is Lewis Certified, backed by our commitment to quality and reliability. Every certified vehicle meets our rigorous standards for performance and condition, giving you confidence in your purchase. Don't miss this opportunity to own a capable Trailhawk with manufacturer warranty coverage and complimentary maintenance included. Visit us today to experience this versatile Suv firsthand.",available,used,25460.00 USD,https://www.lewisfarmington.com/used/Jeep/2024-Jeep-Compass-cb1ca6ccac18109aef8866d44e271b7c.htm,https://pictures.web.dealer.com/l/lewisfordfd/1908/9ff0297f471eb2b3ebc3f9c595abdadbx.jpg,3C4NJDDN7RT595414,2024,Jeep,Compass,Trailhawk,SUV,57903,MI,Bright White Clearcoat,Black,AUTOMATIC,4X4,GASOLINE,"{addr1: '323 E Main Street', city: 'Farmington', region: 'AR', postal_code: '72730', country: 'US'}"
JM3KFBBL0S0676758,2025 Mazda CX-5 2.5 S Select Package,Recent Arrival! Deep Crystal Blue Mica 2025 Mazda CX-5 2.5 S Select Package AWD 6-Speed Automatic SKYACTIVÂ®-G 2.5L 4-Cylinder Dohc 16V 23/29 City/Highway MPG,available,used,28500.00 USD,https://www.lewisfarmington.com/used/Mazda/2025-Mazda-CX-5-cb8aee7fac1804e508f25d877f20633c.htm,https://pictures.web.dealer.com/l/lewischryslerdodgecllc/1819/595f28354dbaa0b918be3ce2514a94e2x.jpg,JM3KFBBL0S0676758,2025,Mazda,CX-5,2.5 S Select Package,SUV,43298,MI,Deep Crystal Blue Mica,Black,AUTOMATIC,AWD,GASOLINE,"{addr1: '323 E Main Street', city: 'Farmington', region: 'AR', postal_code: '72730', country: 'US'}"
JM3KFBBL5S0700620,2025 Mazda CX-5 2.5 S Select Package,"Home OF The Lewis Guarantee This 2025 Mazda CX-5 2.5 S Select Package delivers refined Suv capability with a striking black exterior and matching black interior. Powered by the efficient SKYACTIVÂ®-G 2.5L 4-Cylinder engine paired with a 6-Speed Automatic transmission, this AWD model balances performance and fuel economy at 23 city and 29 highway MPG. With just over 43,000 miles, this well-appointed crossover offers the features and reliability you're looking for. Key Features: - SKYACTIVÂ®-G 2.5L 4-Cylinder Engine with 6-Speed Automatic - All-Wheel Drive for enhanced traction and control - AppLink with Apple CarPlay and Android Auto connectivity - Heated Front Bucket Seats with leatherette trim - Automatic temperature control with front dual-zone A/C - Rear backup camera and rain-sensing wipers - Leather-wrapped steering wheel and shift knob - Remote keyless entry and power windows - 17-inch aluminum alloy wheels This vehicle is Lewis Certified, ensuring it meets our rigorous quality standards. Your purchase includes complimentary benefits: 1 year of free oil changes, 1 year of free tire rotation, and a comprehensive 5-year/60,000-mile warranty for added peace of mind. Visit us today to experience this capable CX-5 for yourself and take advantage of the Lewis Guarantee on a vehicle built to deliver dependable performance and modern comfort.",available,used,28424.00 USD,https://www.lewisfarmington.com/used/Mazda/2025-Mazda-CX-5-cb8af05aac181130db090a683f720ccc.htm,https://pictures.web.dealer.com/l/lewisfordfd/1635/f113455d1006a413981abecf6317358ex.jpg,JM3KFBBL5S0700620,2025,Mazda,CX-5,2.5 S Select Package,SUV,43495,MI,Jet Black Mica,Black,AUTOMATIC,AWD,GASOLINE,"{addr1: '323 E Main Street', city: 'Farmington', region: 'AR', postal_code: '72730', country: 'US'}"
7MMVABBM4SN344807,2025 Mazda CX-50 2.5 S Preferred Package,"Home OF The Lewis Guarantee This 2025 Mazda CX-50 2.5 S Preferred Package delivers a refined driving experience wrapped in striking black exterior styling. Powered by a SKYACTIVÂ®-G 2.5L 4-cylinder engine paired with a 6-speed automatic transmission and AWD capability, this Suv offers responsive performance with excellent fuel efficiency at 25 city and 31 highway MPG. The gray cloth interior combines comfort with practicality, making every journey enjoyable. - 1 Year Free Oil Changes - 1 Year Free Tire Rotation - 5-Year/60,000 Mile Warranty - Heated Front Bucket Seats - Apple CarPlay and Android Auto Integration - Rear Parking Camera - Electronic Stability Control and Traction Control - Dual Zone Automatic Climate Control - Leather Steering Wheel and Shift Knob This vehicle is Lewis Certified, backed by our commitment to quality and your peace of mind. Visit us today to experience the CX-50's blend of style, comfort, and dependability firsthand. Our team is ready to help you find your perfect match.",available,used,28843.00 USD,https://www.lewisfarmington.com/used/Mazda/2025-Mazda-CX-50-cb8af465ac185bc0410e180b485cf3d3.htm,https://pictures.web.dealer.com/l/lewisfordfd/1269/5df88da08c244ec5c444ed6226a941c7x.jpg,7MMVABBM4SN344807,2025,Mazda,CX-50,2.5 S Preferred Package,SUV,43219,MI,Jet Black Mica,Gray,AUTOMATIC,AWD,GASOLINE,"{addr1: '323 E Main Street', city: 'Farmington', region: 'AR', postal_code: '72730', country: 'US'}"
JA4J4VA84SZ044294,2025 Mitsubishi Outlander SE,"Home OF The Lewis Guarantee This 2025 Mitsubishi Outlander SE crossover delivers capable all-wheel-drive performance with a refined driving experience. With just over 36,700 miles, this black exterior with black cloth interior presents a well-maintained vehicle ready for your next chapter. Powered by a 2.5L four-cylinder engine paired with a Cvt transmission, it balances efficiency with everyday practicality while achieving 24 city and 30 highway MPG. Key Features: - Active Cruise Control - Navigation System with smartphone integration - Heated front bucket seats - Power liftgate - Front dual zone A/C - Remote keyless entry - 20"" alloy wheels - Electronic Stability Control and Traction Control - Android Auto & Apple CarPlay compatibility - Four-wheel disc brakes with brake assist Every vehicle earns our Lewis Certified designation, reflecting our commitment to quality and customer confidence. This Outlander SE comes equipped with practical amenities and proven reliability. We're pleased to offer 1 year of free oil changes and tire rotations, plus a comprehensive 5-year/60,000-mile warranty to protect your investment. Visit us today to experience the Lewis Guarantee difference and take this capable crossover for a test drive.",available,used,29356.00 USD,https://www.lewisfarmington.com/used/Mitsubishi/2025-Mitsubishi-Outlander-cb8af59fac1811ad7a6dbabb5e8d59ee.htm,https://pictures.web.dealer.com/l/lewisfordfd/0402/db6009d694742f6824cb2d263fa51346x.jpg,JA4J4VA84SZ044294,2025,Mitsubishi,Outlander,SE,SUV,36719,MI,Black,Black,AUTOMATIC,4X4,GASOLINE,"{addr1: '323 E Main Street', city: 'Farmington', region: 'AR', postal_code: '72730', country: 'US'}"
1N4BL4DV5SN370109,2025 Nissan Altima 2.5 SV,"Discover this 2025 Nissan Altima 2.5 SV, a silver sedan that combines reliability with everyday practicality. With its efficient 2.5L 4-cylinder engine and smooth Cvt transmission, this front-wheel-drive model delivers an impressive 27 city and 39 highway MPG. One owner, well maintained, and ready for the road with just over 55,700 miles on the odometer. - 1 Year Free Oil Changes - 1 Year Free Tire Rotation - 3-Year / 36,000-Mile Warranty - NissanConnect featuring Apple CarPlay and Android Auto - Blind Spot Warning and Rear Parking Sensors - Dual Front and Side Impact Airbags - Electronic Stability Control and Traction Control - All-Wheel Independent Suspension - 17"" Machined Alloy Wheels - Power Driver Seat and Remote Keyless Entry This Altima carries the Lewis Certified seal of quality, assuring you it meets rigorous inspection standards and has been thoroughly evaluated for your confidence and peace of mind. The charcoal interior provides a clean, comfortable cabin paired with cloth seat trim and front bucket seats. Steering wheel-mounted audio controls and a full array of safety features including brake assist, auto high-beam headlights, and occupant-sensing airbags make every drive secure. Visit us today to experience this dependable sedan firsthand and see why it's the smart choice for your next vehicle.",available,used,23500.00 USD,https://www.lewisfarmington.com/used/Nissan/2025-Nissan-Altima-cb8aed47ac1844aa32c76a8a7ac03ab5.htm,https://pictures.web.dealer.com/l/lewischryslerdodgecllc/1432/e8140314d37e7b045477cc213ad69afcx.jpg,1N4BL4DV5SN370109,2025,Nissan,Altima,2.5 SV,SEDAN,55762,MI,Brilliant Silver Metallic,Charcoal,AUTOMATIC,FWD,GASOLINE,"{addr1: '323 E Main Street', city: 'Farmington', region: 'AR', postal_code: '72730', country: 'US'}"
1C6SRFFT1KN686145,2019 Ram 1500 Big Horn/Lone Star,"Home OF The Lewis Guarantee This 2019 Ram 1500 Big Horn/Lone Star delivers the capability and comfort you expect from a premium light-duty truck. With the legendary Hemi 5.7L V8 engine paired with an 8-speed automatic transmission, this 4WD crew cab combines power and efficiency, achieving 15 city and 21 highway MPG. The white exterior with black cloth bucket seats creates a clean, professional appearance, while the extra short box design provides maneuverability without compromising versatility. - 1 Year Free Oil Changes - 1 Year Free Tire Rotation - 3YR/36,000 Mile Warranty - Uconnect 4 w/8.4"" Display and remote start system - ParkView rear backup camera with ParkSense front/rear park assist - Heated power door mirrors and fully automatic headlights - Crew cab seating with 60/40 folding rear seat and center armrest - 18"" alloy wheels with dual front and side impact airbags - Electronic stability control and traction control - Remote keyless entry with air conditioning and power windows Lewis Certified gives you confidence in this truck's quality and dependability. We've backed it with comprehensive reconditioning and a warranty to match our commitment to your satisfaction. Get behind the wheel of real capability today. Contact us to schedule your test drive and experience why this Big Horn/Lone Star stands ready to handle whatever you demand from a premium work truck and weekend companion.",available,used,30851.00 USD,https://www.lewisfarmington.com/used/Ram/2019-Ram-1500-cfd93c41ac18109a99ec7816d3b3db18.htm,https://pictures.web.dealer.com/l/lewisfordfd/1494/aeccff5d394098b86f0f5534487ab59ax.jpg,1C6SRFFT1KN686145,2019,Ram,1500,Big Horn/Lone Star,TRUCK,91095,MI,Bright White Clearcoat,Black,AUTOMATIC,4X4,GASOLINE,"{addr1: '323 E Main Street', city: 'Farmington', region: 'AR', postal_code: '72730', country: 'US'}"
1GCUDJED6PZ200927,2023 Chevrolet Silverado 1500 High Country,"Home OF The Lewis Guarantee This 2023 Chevrolet Silverado 1500 High Country delivers premium truck capability with refined luxury. The striking Red exterior with Jet Black/Umber leather interior creates an upscale presence, while the 5.3L EcoTec3 V8 paired with a 10-speed automatic and 4WD ensures dependable power and traction. At 50,325 miles, this crew cab short bed combines fuel efficiency with robust performance. - Power sunroof with automatic opening - Technology Package with premium Bose 7-speaker audio system - Apple CarPlay and Android Auto connectivity - Heated and ventilated leather seats with power adjustments - Lane Keep Assist with Forward Collision Alert - HD Surround Vision and rear camera mirror - Adaptive Cruise Control and automatic emergency braking - Integrated trailer brake controller with hitch camera provisions - Wireless phone charging and power bed outlet - Remote vehicle starter system with keyless entry This vehicle is Lewis Certified, giving you the confidence of a fully inspected truck backed by our commitment to quality. Don't miss the opportunity to own this premium Silverado with the Lewis Guarantee behind it. Schedule your test drive today and experience the perfect blend of luxury and capability.",available,used,48119.00 USD,https://www.lewisfarmington.com/used/Chevrolet/2023-Chevrolet-Silverado-1500-d97f4697ac1844aa32c76a8aa17590bf.htm,https://pictures.web.dealer.com/l/lewisfordfd/0308/051ce5432f828ca1820739ef3d8808c3x.jpg,1GCUDJED6PZ200927,2023,Chevrolet,Silverado 1500,High Country,TRUCK,50353,MI,Radiant Red Tintcoat,Jet Black/Umber,AUTOMATIC,4X4,GASOLINE,"{addr1: '323 E Main Street', city: 'Farmington', region: 'AR', postal_code: '72730', country: 'US'}"
1GNSKTKL9PR512297,2023 Chevrolet Tahoe High Country,"Home OF The Lewis Guarantee This 2023 Chevrolet Tahoe High Country represents premium three-row capability with distinctive style and comprehensive equipment. The beige exterior paired with jet black and mocha leather seating creates an upscale presence, while the EcoTec3 6.2L V8 engine and 4WD drivetrain deliver commanding performance and confidence on any road. â"" Power panoramic dual-pane sunroof with tilt-sliding function â"" 22"" polished aluminum wheels on 4WD platform â"" Adaptive cruise control for enhanced highway comfort â"" Max Trailering Package with integrated brake controller â"" Advanced Technology Package including Super Cruise â"" Power-retractable assist steps for convenient entry â"" Rear seat media system for passenger entertainment â"" Heated and ventilated premium leather front seats This vehicle is Lewis Certified, reflecting our commitment to quality and value. We stand behind every vehicle in our inventory through thorough inspection and rigorous testing standards. Come experience this Tahoe's spacious three-row interior, commanding presence, and premium appointments in person. With included complimentary oil changes and tire rotations for one year, plus six months and 6,000 miles of warranty coverage, you'll drive home with confidence and peace of mind.",available,used,55555.00 USD,https://www.lewisfarmington.com/used/Chevrolet/2023-Chevrolet-Tahoe-d97f49d2ac1804e508f25d87bbb74413.htm,https://pictures.web.dealer.com/l/lewisfordfd/1356/1068db1264a9ce1ceae3a3e1540ecba4x.jpg,1GNSKTKL9PR512297,2023,Chevrolet,Tahoe,High Country,SUV,90357,MI,Iridescent Pearl Tricoat,Jet Black/Mocha,AUTOMATIC,4X4,GASOLINE,"{addr1: '323 E Main Street', city: 'Farmington', region: 'AR', postal_code: '72730', country: 'US'}"
2HGFC3A52KH754871,2019 Honda Civic Si,Recent Arrival! Cloth. Modern Steel 2019 Honda Civic Si FWD 6-Speed Manual 1.5L I-4 DI Dohc Turbocharged Odometer is 28485 miles below market average! 28/38 City/Highway MPG,available,used,27000.00 USD,https://www.lewisfarmington.com/used/Honda/2019-Honda-Civic-d987b45bac181a98f5666e53bec29a6d.htm,https://pictures.web.dealer.com/s/springdalefordfd/1996/9091742d1457fcae4b9fc2be0f56042fx.jpg,2HGFC3A52KH754871,2019,Honda,Civic,Si,COUPE,51963,MI,Modern Steel,,MANUAL,FWD,GASOLINE,"{addr1: '323 E Main Street', city: 'Farmington', region: 'AR', postal_code: '72730', country: 'US'}"
1C6SRFFPXSN563091,2025 Ram 1500 Big Horn/Lone Star,Recent Arrival! Bright White Clearcoat 2025 Ram 1500 Big Horn/Lone Star 4WD 8-Speed Automatic 3.0L I6,available,used,42500.00 USD,https://www.lewisfarmington.com/used/Ram/2025-Ram-1500-d9808358ac182e060860d9a8daa7f27d.htm,https://pictures.web.dealer.com/l/lewischryslerdodgecllc/0140/c3ffee874fddfec82688f35549bee799x.jpg,1C6SRFFPXSN563091,2025,Ram,1500,Big Horn/Lone Star,TRUCK,46010,MI,Bright White Clearcoat,Black,AUTOMATIC,4X4,GASOLINE,"{addr1: '323 E Main Street', city: 'Farmington', region: 'AR', postal_code: '72730', country: 'US'}"
5YFB4MDE5PP066828,2023 Toyota Corolla LE,Recent Arrival! Ice 2023 Toyota Corolla LE FWD Cvt 2.0L I4 Dohc 16V Odometer is 31592 miles below market average! 32/41 City/Highway MPG,available,used,24500.00 USD,https://www.lewisfarmington.com/used/Toyota/2023-Toyota-Corolla-d987b623ac183e1692c7be59d23ff945.htm,https://images.dealer.com/autodata/us/large_stockphoto/2023/USD30TOC041A0.jpg,5YFB4MDE5PP066828,2023,Toyota,Corolla,LE,SEDAN,27665,MI,Ice,Black,AUTOMATIC,FWD,GASOLINE,"{addr1: '323 E Main Street', city: 'Farmington', region: 'AR', postal_code: '72730', country: 'US'}"
JTDS4RCE2LJ044041,2020 Toyota Corolla SE,"Recent Arrival! Super White 2020 Toyota Corolla SE FWD Cvt 2.0L I4 Dohc 16V 31/40 City/Highway MPG Awards: * 2020 KBB.com 10 Coolest New Cars Under $20,000",available,used,19000.00 USD,https://www.lewisfarmington.com/used/Toyota/2020-Toyota-Corolla-caaf1f42ac182e060860d9a876a54969.htm,https://pictures.web.dealer.com/l/lewischryslerdodgecllc/1047/3f9985354570382f971010524120205dx.jpg,JTDS4RCE2LJ044041,2020,Toyota,Corolla,SE,SEDAN,100424,MI,Super White,Black,AUTOMATIC,FWD,GASOLINE,"{addr1: '323 E Main Street', city: 'Farmington', region: 'AR', postal_code: '72730', country: 'US'}"
1D7HU18D75S275323,2005 Dodge Ram 1500 SLT,"Home OF The Lewis Guarantee This 2005 Dodge Ram 1500 Slt Quad Cab delivers genuine capability backed by a proven Hemi Magnum 5.7L V8 engine and 4WD performance. With a muscular black exterior, Dark Slate Gray leather interior, and a robust feature set built for work and comfort, this truck offers the solid foundation you need. - Hemi Magnum 5.7L V8 engine with 5-speed automatic transmission - 4WD capability with electronic shift-on-the-fly transfer case - Dark Slate Gray leather seating with heated front seats and 6-way power adjustment - Dual zone temperature control air conditioning with HomeLink wireless control - Premium audio system with CD changer and steering wheel-mounted audio controls - Power steering, windows, mirrors, and adjustable pedals - Remote keyless entry and security alarm system - Fog lamps and auto-dimming rear-view mirror - Class IV receiver hitch with trailer tow group - 17"" chrome clad and machined aluminum wheels This Ram has character and substance. Whether you're hauling cargo or navigating tough terrain, the 4WD system and durable construction make this truck a dependable choice. Stop by to take it for a drive and see why this Slt continues to earn its reputation.",available,used,12000.00 USD,https://www.lewisfarmington.com/used/Dodge/2005-Dodge-Ram-1500-e8847267ac183c263799cdd1cd44bb6a.htm,https://pictures.web.dealer.com/l/lewisfordfd/1969/1b7b53a942285143c5deec1ba500fbbfx.jpg,1D7HU18D75S275323,2005,Dodge,Ram 1500,SLT,TRUCK,138743,MI,Black Clearcoat,Dark Slate Gray,AUTOMATIC,4X4,GASOLINE,"{addr1: '323 E Main Street', city: 'Farmington', region: 'AR', postal_code: '72730', country: 'US'}"
1FTEW1EP4KKF32326,2019 Ford F-150 Lariat,Recent Arrival! 4WD. Ruby Red Metallic 2019 Ford F-150 Lariat 4WD 10-Speed Automatic 2.7L V6 EcoBoost Odometer is 7496 miles below market average!,available,used,32000.00 USD,https://www.lewisfarmington.com/used/Ford/2019-Ford-F-150-e8f24784ac183e1692c7be591ec3a3c1.htm,https://pictures.web.dealer.com/l/lewischryslerdodgecllc/1457/d507381527d92c119576bff02f5568d5x.jpg,1FTEW1EP4KKF32326,2019,Ford,F-150,Lariat,TRUCK,98083,MI,Ruby Red Metallic,Black,AUTOMATIC,4X4,GASOLINE,"{addr1: '323 E Main Street', city: 'Farmington', region: 'AR', postal_code: '72730', country: 'US'}"
1FTFW1ED6NFC20533,2022 Ford F-150 XL,"Recent Arrival! 3.5L PowerBoost Full-Hybrid V6, 4WD. Stone Gray Metallic 2022 Ford F-150 XL 4WD 10-Speed Automatic 3.5L PowerBoost Full-Hybrid V6",available,used,27000.00 USD,https://www.lewisfarmington.com/used/Ford/2022-Ford-F-150-d9ed34e0ac185bc0410e180bdb1aba40.htm,https://pictures.web.dealer.com/l/lewischryslerdodgecllc/1153/2015caa74723407d0ffd613efac4fb08x.jpg,1FTFW1ED6NFC20533,2022,Ford,F-150,XL,TRUCK,139381,MI,Stone Gray Metallic,Black W/Medium Dark Slate,AUTOMATIC,4X4,HYBRID,"{addr1: '323 E Main Street', city: 'Farmington', region: 'AR', postal_code: '72730', country: 'US'}"
3GTUUFELXSG294971,2025 GMC Sierra 1500 AT4X,"Recent Arrival! 10-Speed Automatic, 4WD, Obsidian Rush Leather. Sterling Metallic 2025 Gmc Sierra 1500 AT4X 4WD 10-Speed Automatic EcoTec3 6.2L V8 Odometer is 6170 miles below market average!",available,used,69500.00 USD,https://www.lewisfarmington.com/used/GMC/2025-GMC-Sierra-1500-db371416ac185bc0410e180bddb42ba5.htm,https://pictures.web.dealer.com/l/lewischryslerdodgecllc/1260/8db075ad34be3419c5c60c42e9ce582bx.jpg,3GTUUFELXSG294971,2025,GMC,Sierra 1500,AT4X,TRUCK,13445,MI,Sterling Metallic,Obsidian Rush,AUTOMATIC,4X4,GASOLINE,"{addr1: '323 E Main Street', city: 'Farmington', region: 'AR', postal_code: '72730', country: 'US'}"
1C6HJTFG2LL176130,2020 Jeep Gladiator Overland,"This 2020 Jeep Gladiator Overland in Black delivers capability wrapped in premium styling. Built on the legendary Jeep platform, this crew cab short box combines the rugged dependability of the Gladiator nameplate with refined comfort for both work and weekend adventures. The 3.6L V6 engine paired with an 8-speed automatic transmission provides responsive power, while 4WD ensures confident traction in any condition. - Trailer Tow Package with Class IV Hitch Receiver - LED Lighting Group including fog lamps, daytime running lights, and reflector headlamps - Cold Weather Group with heated front seats and steering wheel - Premium Alpine Audio System with Uconnect 4C Navigation on 8.4"" display - Advanced Safety Group with Forward Collision Warning Plus and Blind Spot Detection - Black 3-Piece Hard Top with Remote Start System - Spray-In Bedliner and Anti-Spin Differential Rear Axle - 255/70R18 All-Terrain Tires on 18"" Granite Crystal Aluminum Wheels - Black Leather-Trimmed Bucket Seats with heated fronts - ParkView Rear Back-Up Camera with ParkSense Rear Park Assist This vehicle is Lewis Certified, backed by comprehensive warranty coverage and complimentary maintenance to give you peace of mind on the road. This Overland comes equipped with 1 year of free oil changes and tire rotations, plus a 6-month/6,000-mile warranty for added security. With approximately 121,828 miles and a strong service history, it's primed for the next owner. Visit our showroom to experience the commanding presence and versatility that make this Gladiator a standout choice for truck enthusiasts seeking premium features and genuine performance.",available,used,27000.00 USD,https://www.lewisfarmington.com/used/Jeep/2020-Jeep-Gladiator-da600cb9ac185bc0410e180b3e57d222.htm,https://pictures.web.dealer.com/l/lewischryslerdodgecllc/0285/272abea383cac24afa2c01d513009c20x.jpg,1C6HJTFG2LL176130,2020,Jeep,Gladiator,Overland,TRUCK,121828,MI,Black Clearcoat,Black,AUTOMATIC,4X4,GASOLINE,"{addr1: '323 E Main Street', city: 'Farmington', region: 'AR', postal_code: '72730', country: 'US'}"
JA4APVAU7MU011746,2021 Mitsubishi Outlander Sport 2.0 SE,Recent Arrival! 2021 Mitsubishi Outlander Sport 2.0 SE FWD Cvt 2.0L I4 Smpi Dohc 16V LEV3-ULEV70 148hp 24/30 City/Highway MPG,available,used,11750.00 USD,https://www.lewisfarmington.com/used/Mitsubishi/2021-Mitsubishi-Outlander-Sport-d9f07703ac181a98f5666e53e0708c2b.htm,https://images.dealer.com/autodata/us/color/2021/USD10MIS051C0/U25.jpg,JA4APVAU7MU011746,2021,Mitsubishi,Outlander Sport,2.0 SE,OTHER,136961,MI,Alloy Silver Metallic,,AUTOMATIC,FWD,GASOLINE,"{addr1: '323 E Main Street', city: 'Farmington', region: 'AR', postal_code: '72730', country: 'US'}"
1C6SRFJT1MN751263,2021 Ram 1500 Laramie,"Home OF The Lewis Guarantee This 2021 Ram 1500 Laramie Crew Cab delivers the capability and comfort Ram is known for. With its powerful Hemi 5.7L V8 engine paired with an 8-speed automatic transmission and 4WD, you'll have the performance and control you need. The stunning white exterior and black leather interior create a commanding presence both on and off the road. - 1 Year Free Oil Changes - 1 Year Free Tire Rotation - 3-Year/36,000-Mile Warranty - Hemi 5.7L V8 with Multi Displacement Vvt - 8-Speed Automatic Transmission - 4WD with Electronic Stability Control - Heated Leather Front Seats with Power Adjustment - Uconnect 4C Navigation with 8.4"" Touchscreen - ParkView Rear Backup Camera with Park Assist - Premium Harman/Kardon 19-Speaker Sound System This vehicle is Lewis Certified, giving you added peace of mind with every mile. Our certification process ensures quality and reliability you can trust. With 83,371 miles on the odometer, this 1500 Laramie remains a capable work truck and refined daily driver. Visit our showroom today to experience this outstanding Ram and discover why it's the right choice for your next vehicle.",available,used,37531.00 USD,https://www.lewisfarmington.com/used/Ram/2021-Ram-1500-da5d12b5ac18109a99ec7816ab18ef2a.htm,https://pictures.web.dealer.com/l/lewisfordfd/0820/933bf9348e85a816799e6de453c97061x.jpg,1C6SRFJT1MN751263,2021,Ram,1500,Laramie,TRUCK,83382,MI,Bright White Clearcoat,Black,AUTOMATIC,4X4,GASOLINE,"{addr1: '323 E Main Street', city: 'Farmington', region: 'AR', postal_code: '72730', country: 'US'}"
3C6UR5CJ3NG356106,2022 Ram 2500 Tradesman,"Home OF The Lewis Guarantee This 2022 Ram 2500 Tradesman Crew Cab Short Box delivers genuine work-truck capability with proven reliability. Finished in Silver with a Black Cloth interior, this 4WD powerhouse features a robust 6.4L V8 engine paired with an 8-Speed Automatic transmission, ready to handle demanding jobs and towing with confidence. With just over 42,000 miles, this truck is well-maintained and backed by comprehensive coverage. - 1 Year Free Oil Changes - 1 Year Free Tire Rotation - 5 Year / 60,000 Mile Warranty - Uconnect 5 Navigation with 8.4"" Touchscreen Display - Electric Shift-on-the-Fly Transfer Case - Power Adjust & Heated Black Tow Mirrors - Trailer Brake Control - ParkView Rear Back-Up Camera - Apple CarPlay and Google Android Auto - SiriusXM Satellite Radio This truck is Lewis Certified, giving you the confidence that it has been thoroughly inspected and meets our high standards for quality and performance. Stop by and experience this Ram 2500 in personâ""it's built tough and priced fair. Our team is ready to answer your questions and get you behind the wheel.",available,used,41500.00 USD,https://www.lewisfarmington.com/used/Ram/2022-Ram-2500-dea77db9ac183e1692c7be5969bfe94b.htm,https://pictures.web.dealer.com/l/lewisfordfd/1151/0ca55713377a37b25bccddc752653042x.jpg,3C6UR5CJ3NG356106,2022,Ram,2500,Tradesman,TRUCK,43210,MI,Billet Silver Metallic Clearcoat,Black,AUTOMATIC,4X4,GASOLINE,"{addr1: '323 E Main Street', city: 'Farmington', region: 'AR', postal_code: '72730', country: 'US'}"
2FMPK4J90JBB07557,2018 Ford Edge SEL,"Home OF The Lewis Guarantee This 2018 Ford Edge Sel in silver delivers versatile Suv capability with refined comfort and proven reliability. With its turbocharged EcoBoost engine, all-wheel drive, and well-appointed Sel trim, this three-row crossover offers an excellent balance of performance and practicality for families and commuters alike. - 1 Year Free Oil Changes - 1 Year Free Tire Rotation - 6 Month/6,000 Mile Warranty - Equipment Group 201A - Black Roof Rack Side Rails - Sync 3 Communications & Entertainment System - Leather-Trimmed Heated Bucket Seats - Rear Parking Sensors with Exterior Parking Camera - 18"" Sparkle Silver Painted Aluminum Wheels - All-Wheel Drive with Electronic Stability Control This Edge is Lewis Certified, backed by our comprehensive pre-purchase inspection and warranty coverage to give you confidence in your investment. With 145,335 miles on the odometer, this vehicle has proven durability through real-world use. The ebony leather interior provides a premium feel, while the turbocharged 2.0L EcoBoost engine delivers 20 city and 27 highway MPG for respectable efficiency. The six-speed automatic transmission handles both daily commuting and longer highway drives smoothly, and the available SiriusXM satellite radio keeps you entertained on every trip. Come experience the Edge for yourself and discover why so many drivers trust this capable Suv for their families. Visit us today to take it for a test drive and explore ownership options that work for you.",available,used,13500.00 USD,https://www.lewisfarmington.com/used/Ford/2018-Ford-Edge-e8f485deac180e9912b4aee8faf1f240.htm,https://pictures.web.dealer.com/l/lewisfordfd/0310/2e765f1cb1fd7c225409d9e1759f78cex.jpg,2FMPK4J90JBB07557,2018,Ford,Edge,SEL,SUV,145335,MI,Ingot Silver,Ebony,AUTOMATIC,AWD,GASOLINE,"{addr1: '323 E Main Street', city: 'Farmington', region: 'AR', postal_code: '72730', country: 'US'}"
1FT8W2BT4PED38471,2023 Ford F-250SD XLT,"Recent Arrival! 3YR/36,000 Mile Warranty, 4WD. Stone Gray Metallic 2023 Ford F-250SD Xlt 4WD 10-Speed Automatic Power Stroke 6.7L V8 DI 32V Ohv Turbodiesel",available,used,55500.00 USD,https://www.lewisfarmington.com/used/Ford/2023-Ford-F-250SD-d0c7bc76ac183e1692c7be592f6e41da.htm,https://pictures.web.dealer.com/s/springdalefordfd/1309/866b2386576e1b86091ed5ef7ffa7f1bx.jpg,1FT8W2BT4PED38471,2023,Ford,F-250SD,XLT,TRUCK,83712,MI,Stone Gray Metallic,Medium Dark Slate,AUTOMATIC,4X4,DIESEL,"{addr1: '323 E Main Street', city: 'Farmington', region: 'AR', postal_code: '72730', country: 'US'}"
1GKS2CKL4NR298166,2022 GMC Yukon AT4,"Recent Arrival! EcoTec3 6.2L V8, 4WD, Satin Steel Metallic. Satin Steel Metallic 2022 Gmc Yukon AT4 4WD 10-Speed Automatic with Overdrive EcoTec3 6.2L V8 Odometer is 17407 miles below market average!",available,used,57500.00 USD,https://www.lewisfarmington.com/used/GMC/2022-GMC-Yukon-df81e22eac183e1692c7be596455cff8.htm,https://pictures.web.dealer.com/l/lewisfordfd/1417/87f3c7aa87a6cbdb11d93a1655c6609fx.jpg,1GKS2CKL4NR298166,2022,GMC,Yukon,AT4,SUV,64998,MI,Satin Steel Metallic,Jet Black,AUTOMATIC,4X4,GASOLINE,"{addr1: '323 E Main Street', city: 'Farmington', region: 'AR', postal_code: '72730', country: 'US'}"
3N6CM0KN3LK709199,2020 Nissan NV200 S,"Recent Arrival! S, Fresh Powder, Passenger door bin, Radio: NissanConnect AM/FM Audio System, Variably intermittent wipers. Fresh Powder 2020 Nissan NV200 S FWD Cvt with Xtronic 2.0L 4-Cylinder Dohc 16V 24/26 City/Highway MPG",available,used,16453.00 USD,https://www.lewisfarmington.com/used/Nissan/2020-Nissan-NV200-6459677fac1811b6affbc9b7bb0cefd1.htm,https://pictures.web.dealer.com/l/lewisfordfd/1643/f484ac15eea9ff341f6b4a27820c8375x.jpg,3N6CM0KN3LK709199,2020,Nissan,NV200,S,VAN,109445,MI,Fresh Powder,Grey,AUTOMATIC,FWD,GASOLINE,"{addr1: '323 E Main Street', city: 'Farmington', region: 'AR', postal_code: '72730', country: 'US'}"
JF2SJAECXJH573443,2018 Subaru Forester 2.5i Premium,"Home OF The Lewis Guarantee This 2018 Subaru Forester 2.5i Premium Suv delivers reliable all-wheel drive performance with a fuel-efficient 2.5L 4-cylinder engine paired with Lineartronic Cvt transmission. With 106,358 miles on the odometer, this green exterior with gray interior offers a compelling balance of capability and value. The Premium trim brings comfort and convenience features perfect for daily driving and weekend adventures. - 1 year free oil changes - 1 year free tire rotation - 6-month/6,000-mile warranty - Subaru Starlink 7.0"" multimedia system with SiriusXM - All-wheel drive with standard stability and traction control - Power moonroof with rear window wiper - Automatic temperature control with rear window defroster - Remote keyless entry and security system - Four-wheel independent suspension with disc brakes - Front and rear parking camera assistance This vehicle is Lewis Certified, backed by our commitment to quality and your complete peace of mind on every drive. Whether you're looking for a practical Suv with proven durability or seeking a certified used vehicle you can trust, this Forester delivers on both fronts. Schedule your visit today and experience the Lewis difference.",available,used,19000.00 USD,https://www.lewisfarmington.com/used/Subaru/2018-Subaru-Forester-dfef91caac182e060860d9a860fd7f22.htm,https://pictures.web.dealer.com/l/lewisfordfd/0150/b9561b433f053e36a4b92f002a0033afx.jpg,JF2SJAECXJH573443,2018,Subaru,Forester,2.5i Premium,SUV,106369,MI,Jasmine Green Metallic,Gray,AUTOMATIC,AWD,GASOLINE,"{addr1: '323 E Main Street', city: 'Farmington', region: 'AR', postal_code: '72730', country: 'US'}"
WA1DKAFP6CA127155,2012 Audi Q5 3.2 Premium Plus,Recent Arrival! Leather. Black 2012 Audi Q5 3.2 Premium Plus quattro quattro 6-Speed Automatic with Tiptronic 3.2L V6 Fsi Dohc Odometer is 39872 miles below market average! Awards: * 2012 Iihs Top Safety Pick * 2012 KBB.com Total Cost of Ownership Awards,available,used,13000.00 USD,https://www.lewisfarmington.com/used/Audi/2012-Audi-Q5-e963520aac1831917a09badaaeb961b8.htm,https://pictures.web.dealer.com/l/lewischryslerdodgecllc/1514/bcc56ba29e59aa849bab8d36b2f7d77dx.jpg,WA1DKAFP6CA127155,2012,Audi,Q5,3.2 Premium Plus,SUV,89265,MI,Black,,AUTOMATIC,OTHER,GASOLINE,"{addr1: '323 E Main Street', city: 'Farmington', region: 'AR', postal_code: '72730', country: 'US'}"
KL77LHEP1SC337706,2025 Chevrolet Trax LT,"Home OF The Lewis Guarantee This 2025 Chevrolet Trax LT delivers efficient, practical transportation in a compact Suv with modern convenience features. With low mileage and a sharp black exterior paired with jet black cloth interior accented in blue, this Trax combines style with everyday functionality. The turbocharged 1.2L engine paired with a 6-speed automatic transmission achieves an impressive 28 city and 32 highway mpg, while the front-wheel-drive setup provides confident handling. Key Features: - LT Convenience Package - Driver Confidence Package - All-weather floor liners, front and rear - Heated steering wheel and heated driver/passenger seats - Chevrolet Infotainment 3 with SiriusXM trial subscription - Rear camera and rear park assist - Lane change alert with side blind zone alert - Rear cross-traffic alert - Remote keyless entry and automatic headlights - 17-inch alloy wheels This Trax is Lewis Certified, backed by our reputation for quality and reliability. Don't miss the opportunity to drive home in this well-equipped, fuel-efficient Suv. With complimentary oil changes and tire rotation for one year, plus our five-year, 60,000-mile warranty, you'll enjoy peace of mind from day one. Visit us today to experience the Trax difference.",available,used,26500.00 USD,https://www.lewisfarmington.com/used/Chevrolet/2025-Chevrolet-Trax-eb17b6bfac183c26c8308c6b07241e1a.htm,https://pictures.web.dealer.com/l/lewisfordfd/0382/2276ff58fab081bb81647f5dfd9e2067x.jpg,KL77LHEP1SC337706,2025,Chevrolet,Trax,LT,SUV,7280,MI,Mosaic Black Metallic,Jet Black With Blue Accents,AUTOMATIC,FWD,GASOLINE,"{addr1: '323 E Main Street', city: 'Farmington', region: 'AR', postal_code: '72730', country: 'US'}"
1FTFW1E52PKD86972,2023 Ford F-150 XL,"Home OF The Lewis Guarantee This well-maintained 2023 Ford F-150 XL SuperCrew delivers versatility and capability with a powerful 5.0L V8 engine, 10-speed automatic transmission, and 4WD. With just under 90,000 miles, this truck has been locally owned and carefully serviced, combining work-ready performance with dependable everyday driving. - 1 Year Free Oil Changes - 1 Year Free Tire Rotation - 3 Year/36,000 Mile Warranty - Stx Appearance Package - Trailer Tow Package - 20"" 6-Spoke Machined-Aluminum Wheels - Extended Range 36-Gallon Fuel Tank - Sport Cloth 40/Console/40 Front Seats - Sync 4 with Enhanced Voice Recognition - Pre-Collision Assist with Automatic Emergency Braking This truck is Lewis Certified, giving you confidence in its condition and performance. The F-150 XL brings everything truck owners value: responsive steering, responsive braking performance, and a suite of modern convenience features. With its blue exterior, black interior, and solid fuel efficiency at 16 city/22 highway MPG, this 4WD workhorse is ready for whatever comes next. Visit us today to experience the quality and reliability that make this F-150 an excellent choice.",available,used,37500.00 USD,https://www.lewisfarmington.com/used/Ford/2023-Ford-F-150-eb17b57cac183f99147218d1e808ecd4.htm,https://pictures.web.dealer.com/l/lewisfordfd/0796/a79039c48e13e09d45cd921dff072074x.jpg,1FTFW1E52PKD86972,2023,Ford,F-150,XL,TRUCK,89692,MI,Area 51 Blue,Black,AUTOMATIC,4X4,FLEX,"{addr1: '323 E Main Street', city: 'Farmington', region: 'AR', postal_code: '72730', country: 'US'}"
1FTMF1CB7KKE68253,2019 Ford F-150 XL,"This 2019 Ford F-150 XL is a locally owned, one-owner truck that's been well maintained and is ready for work or weekend adventures. With a 3.3L V6 engine delivering 19 city and 25 highway mpg, this regular cab short box offers practical efficiency paired with proven Ford durability. The gray exterior with chrome bumpers and 17"" aluminum wheels presents a clean, professional appearance. - 1 Year Free Oil Changes - 1 Year Free Tire Rotation - 6 Month/6,000 Mile Warranty - Class IV Trailer Hitch Receiver - XL Chrome Appearance Package - SiriusXM Radio - Power Front Windows - Cruise Control - Sync - Fog Lamps This F-150 XL is Lewis Certified, giving you added confidence in its condition and reliability. Inside, you'll find a comfortable cloth interior with power door locks, power windows, and illuminated entry for convenience. The truck features Sync connectivity, a 4.2"" productivity screen, and SiriusXM satellite radio to keep you connected on every drive. Practical touches include power door locks, cruise control, and a perimeter alarm system. Safety is covered with dual front airbags, electronic stability control, traction control, and an exterior parking camera. Come see this well-maintained F-150 XL in person and discover why it's the right truck for your needs.",available,used,19500.00 USD,https://www.lewisfarmington.com/used/Ford/2019-Ford-F-150-f167ef3eac18436083e27fb685930d16.htm,https://pictures.web.dealer.com/l/lewischryslerdodgecllc/1979/c2443cc76a1c031092dd6fc6d41c63ccx.jpg,1FTMF1CB7KKE68253,2019,Ford,F-150,XL,TRUCK,102552,MI,Stone Gray Metallic,Gray,AUTOMATIC,RWD,FLEX,"{addr1: '323 E Main Street', city: 'Farmington', region: 'AR', postal_code: '72730', country: 'US'}"
1FT8W3BT2LEC85382,2020 Ford F-350SD Lariat,"Home OF The Lewis Guarantee This 2020 Ford F-350SD Lariat Crew Cab combines capability and luxury in a workhorse designed to handle any job. Finished in striking Red with a black interior, this 4WD diesel pickup is built to perform with the legendary Power Stroke 6.7L V8 turbodiesel engine paired to a smooth 10-speed automatic transmission. - Chrome Package and FX4 Off-Road Package for enhanced styling and capability - Voice-Activated Touchscreen Navigation System with Sync 3 Communications - Twin Panel Power Moonroof and LED roof clearance lights - 20"" chrome aluminum wheels with adaptive steering - Tough bed spray-in bedliner and tailgate step with handle - Electronic-locking rear axle with 3.55 ratio - Power heated and ventilated driver and passenger seats with memory - Universal garage door opener and 6 upfitter switches - Engine block heater for cold-weather reliability - Rear backup camera with parking sensors This vehicle is Lewis Certified, providing peace of mind with our comprehensive certification process and support. With 111,854 miles on the odometer, this F-350SD has been well-maintained and is ready for its next chapter. We're offering 1 year of free oil changes, 1 year of free tire rotations, and a 6-month/6,000-mile warranty to back your purchase. Visit us today to experience this premium work truck firsthand.",available,used,56000.00 USD,https://www.lewisfarmington.com/used/Ford/2020-Ford-F-350SD-eed5422dac182cbaa017e7e093be442d.htm,https://pictures.web.dealer.com/l/lewisfordfd/1715/b2738771344bcea18ee47f1b72731b24x.jpg,1FT8W3BT2LEC85382,2020,Ford,F-350SD,Lariat,TRUCK,111854,MI,Red Metallic,Black,AUTOMATIC,4X4,DIESEL,"{addr1: '323 E Main Street', city: 'Farmington', region: 'AR', postal_code: '72730', country: 'US'}"
1FTWX31P86EB18828,2006 Ford F-350SD Lariat,"Recent Arrival! Power Stroke 6.0L V8 DI 32V Ohv Turbodiesel, 4WD. 2006 Ford F-350SD 4WD Power Stroke 6.0L V8 DI 32V Ohv Turbodiesel",available,used,17500.00 USD,https://www.lewisfarmington.com/used/Ford/2006-Ford-F-350SD-eb17a408ac183f99147218d18c021388.htm,https://pictures.web.dealer.com/l/lewischryslerdodgecllc/1966/c08e4fc32d187d6d28a6b43468adc124x.jpg,1FTWX31P86EB18828,2006,Ford,F-350SD,Lariat,TRUCK,106384,MI,Arizona Beige Clearcoat Metallic,,AUTOMATIC,4X4,DIESEL,"{addr1: '323 E Main Street', city: 'Farmington', region: 'AR', postal_code: '72730', country: 'US'}"
1FA6P8THXL5120777,2020 Ford Mustang Ecoboost Premium,"Home OF The Lewis Guarantee This 2020 Ford Mustang EcoBoost Premium fastback delivers the iconic styling and performance you crave in a sleek gray exterior paired with ebony interior. With a 2.3L High Performance EcoBoost engine and smooth 10-speed automatic transmission, this RWD coupe balances everyday drivability with genuine fun, achieving 21 city and 32 highway MPG. At 77,858 miles, this locally owned Mustang represents an excellent opportunity to own American muscle with proven reliability. - 1 Year Free Oil Changes - 1 Year Free Tire Rotation - 3-Year/36,000-Mile Warranty - Sync 3 Communications & Entertainment System - SiriusXM Radio - Leather Shift Knob - 18"" Machined-Face Aluminum Wheels - Rear Parking Camera - Dual Front Impact Airbags - Front Bucket Seats Don't miss your chance to experience this Mustang's responsive steering, confident handling, and modern comfort features. Visit our showroom today to take it for a test drive and discover why this premium EcoBoost deserves your attention.",available,used,24000.00 USD,https://www.lewisfarmington.com/used/Ford/2020-Ford-Mustang-eaaa018cac183762c988d36dd4456078.htm,https://pictures.web.dealer.com/l/lewisfordfd/1887/7ba668ed891d69d81ee5a77f594d3114x.jpg,1FA6P8THXL5120777,2020,Ford,Mustang,Ecoboost Premium,COUPE,77858,MI,Magnetic,Ebony,AUTOMATIC,RWD,GASOLINE,"{addr1: '323 E Main Street', city: 'Farmington', region: 'AR', postal_code: '72730', country: 'US'}"
3FMTK3SU6MMA03492,2021 Ford Mustang Mach-E Premium,"Home OF The Lewis Guarantee This 2021 Ford Mustang Mach-E Premium is an all-electric Suv that combines striking style with impressive performance. With its sleek black exterior and black onyx interior, this AWD Mach-E delivers the driving experience you're looking for with efficient, responsive power and modern connectivity at every turn. - Dual Electric Motor with Extended Range - 96 city / 84 highway MPGe efficiency - Sync 4A with Enhanced Voice Recognition and Connected Navigation - Apple CarPlay and Android Auto compatibility - Heated perforated ActiveX bucket seats with heated steering wheel - Heated front seats and memory seat with power adjustment - 19"" machined-face aluminum wheels - Four-wheel independent suspension with electronic stability control - Dual front and rear side impact airbags with comprehensive safety suite This vehicle is Lewis Certified, giving you confidence in its quality and condition. Experience the future of driving in this premium electric Suv. Visit us today to test drive the Mustang Mach-E and discover why its blend of performance, technology, and sustainable driving makes it an exceptional choice.",available,used,27000.00 USD,https://www.lewisfarmington.com/used/Ford/2021-Ford-Mustang-Mach-E-dfef902fac180e99e8df50972595d1dc.htm,https://pictures.web.dealer.com/l/lewisfordfd/0493/2124002fa4b123f1b57af81e9310a434x.jpg,3FMTK3SU6MMA03492,2021,Ford,Mustang Mach-E,Premium,SUV,61211,MI,Shadow Black,Black Onyx,AUTOMATIC,AWD,ELECTRIC,"{addr1: '323 E Main Street', city: 'Farmington', region: 'AR', postal_code: '72730', country: 'US'}"
1GTUUHEL5PZ284898,2023 GMC Sierra 1500 Denali Ultimate,"Home OF The Lewis Guarantee This 2023 Gmc Sierra 1500 Denali Ultimate Crew Cab represents premium truck capability with sophisticated styling and commanding performance. Finished in striking Onyx Black with a richly appointed Atmosphere Brownstone leather interior, this 4WD powerhouse delivers the refinement and functionality you expect from the Denali Ultimate trim. - EcoTec3 6.2L V8 engine with 10-speed automatic transmission - Super Cruise advanced driver assistance technology - 22-inch ultra-bright machined 7-spoke alloy wheels - Heated and ventilated leather front seats with 16-way power adjustment - Premium Bose audio system with 12 speakers and SiriusXM connectivity - Integrated trailer brake controller with hitch guidance and in-vehicle trailering app - Power moonroof, power rear window, and multi-camera surround vision system - Wireless phone projection and wireless charging with navigation system - Adaptive suspension with hill descent control and electronic locking rear differential - Ultrasonic front and rear park assist with rear cross traffic braking This vehicle is Lewis Certified, backed by our commitment to quality and customer satisfaction. With just over 37,000 miles on the odometer, this Sierra delivers the confidence of a newer truck with proven reliability. The combination of advanced safety features, premium comfort appointments, and capable 4WD capability makes this an exceptional choice for buyers seeking luxury and performance. We invite you to visit our showroom to experience the power, comfort, and innovation this Denali Ultimate offers.",available,used,61500.00 USD,https://www.lewisfarmington.com/used/GMC/2023-GMC-Sierra-1500-df1372e2ac18109a99ec7816ca2197f2.htm,https://pictures.web.dealer.com/l/lewisfordfd/1743/9143e24a28a195025a772cdf00542b6ex.jpg,1GTUUHEL5PZ284898,2023,GMC,Sierra 1500,Denali Ultimate,TRUCK,37061,MI,Onyx Black,Atmosphere/Brownstone,AUTOMATIC,4X4,GASOLINE,"{addr1: '323 E Main Street', city: 'Farmington', region: 'AR', postal_code: '72730', country: 'US'}"
5FNYF8H6XPB019563,2023 Honda Passport TrailSport,"Home OF The Lewis Guarantee This 2023 Honda Passport TrailSport in white delivers premium capability and refined comfort for adventurers seeking a sophisticated Suv experience. Finished with leather-trimmed seats and powered by a robust 3.5L V6 engine paired with a 9-speed automatic transmission, this AWD model combines trail-ready performance with everyday refinement. With just over 41,000 miles, it remains well-maintained and ready for your next journey. - 1 Year Free Oil Changes - 1 Year Free Tire Rotation - 5Yr/60,000 Mile Warranty - Honda Satellite-Linked Navigation System - Apple CarPlay/Android Auto - Heated Front Bucket Seats with Leather Trim - Blind Spot Information System - Lane Keeping Assist System - Rear Camera with Parking Assist - Power Moonroof This vehicle is Lewis Certified, backed by our commitment to quality and reliability. Every detail has been inspected to ensure you're investing in a vehicle you can trust. Discover the perfect balance of capability and luxury. Visit us today to experience the Passport TrailSport and explore how it can elevate your driving adventures.",available,used,37500.00 USD,https://www.lewisfarmington.com/used/Honda/2023-Honda-Passport-eed543abac180048e88f6d7e0f2ceb87.htm,https://pictures.web.dealer.com/l/lewisfordfd/0414/29585b15cc9ec36af2d2a9293adeb2b8x.jpg,5FNYF8H6XPB019563,2023,Honda,Passport,TrailSport,SUV,41175,MI,Platinum White Pearl,Gray,AUTOMATIC,AWD,GASOLINE,"{addr1: '323 E Main Street', city: 'Farmington', region: 'AR', postal_code: '72730', country: 'US'}"
1C6JJTBG3PL510775,2023 Jeep Gladiator Rubicon,Recent Arrival! Firecracker Red Clearcoat 2023 Jeep Gladiator Rubicon 4WD 8-Speed Automatic 3.6L V6 24V Vvt,available,used,40000.00 USD,https://www.lewisfarmington.com/used/Jeep/2023-Jeep-Gladiator-eb17a73eac183762c988d36ddb432e70.htm,https://pictures.web.dealer.com/l/lewischryslerdodgecllc/1148/f45e0082a3a9fab741bc4de6ee065067x.jpg,1C6JJTBG3PL510775,2023,Jeep,Gladiator,Rubicon,TRUCK,47800,MI,Firecracker Red Clearcoat,Black,AUTOMATIC,4X4,GASOLINE,"{addr1: '323 E Main Street', city: 'Farmington', region: 'AR', postal_code: '72730', country: 'US'}"
1C4RJXSJ6RW130149,2024 Jeep Wrangler Rubicon 392,"This 2024 Jeep Wrangler Rubicon 392 delivers an exceptional combination of raw power and iconic design. Finished in striking Black with a Leather interior, this Suv pairs the legendary Srt Hemi 6.4L V8 engine with an 8-Speed Automatic transmission and full-time 4WD capability. With just over 21,000 miles, this well-maintained example offers years of performance ahead. - Srt Hemi 6.4L V8 engine with 8-speed automatic transmission - Convertible HardTop with Freedom Panel Storage Bag - Navigation system with Uconnect 5 display and Apple CarPlay/Android Auto - Warn winch for serious off-road capability - Heated leather seats with power adjustments and heated steering wheel - Full suite of safety features including electronic stability control, traction control, and emergency communication - Mopar all-weather floor mats and doors-off mirror kit - 35"" Tire Rubicon 392 suspension package with 17"" Mach/Bronze beadlock wheels - ParkView rear backup camera and auto high-beam headlights - Dual-zone front and rear climate control with automatic temperature adjustment This Wrangler is Lewis Certified, giving you confidence in its condition and reliability. You'll also receive one year of complimentary oil changes and tire rotations, backed by a comprehensive 5-year/60,000-mile warranty. Experience the thrill of genuine Jeep capability in a meticulously maintained Rubicon 392. Visit us today to test drive this exceptional machine and see why it stands apart.",available,used,75000.00 USD,https://www.lewisfarmington.com/used/Jeep/2024-Jeep-Wrangler-eb17a602ac1822ed3b294cb0a9c79c21.htm,https://pictures.web.dealer.com/l/lewischryslerdodgecllc/1248/56d83ab4a61c896c013d0b9220d4eb14x.jpg,1C4RJXSJ6RW130149,2024,Jeep,Wrangler,Rubicon 392,SUV,23349,MI,Black Clearcoat,Black,AUTOMATIC,4X4,GASOLINE,"{addr1: '323 E Main Street', city: 'Farmington', region: 'AR', postal_code: '72730', country: 'US'}"
1C4HJWFG5EL325983,2014 Jeep Wrangler Unlimited Rubicon,"Home OF The Lewis Guarantee This 2014 Jeep Wrangler Unlimited Rubicon delivers authentic off-road capability paired with everyday usability. With its 3.6L V6 engine, 4WD system, and durable construction, this gray Suv is built to tackle any terrain while maintaining the versatility Wrangler owners demand. Well-maintained and ready for adventure, it combines practicality with the legendary ruggedness you expect from this iconic model. - 1 Year Free Oil Changes - 1 Year Free Tire Rotation - 6-Month/6,000-Mile Warranty - Black 3-Piece Hard Top - UConnect 430N CD/DVD/MP3/HDD Navigation - Leather-Trimmed Bucket Seats - Supplemental Front Seat Side Air Bags - Air Conditioning with Auto Temperature Control - Electronic Stability Control - Connectivity Group This vehicle is Lewis Certified, backed by our commitment to quality and reliability. Our comprehensive inspection and certification process ensures you're purchasing a vehicle you can trust. Visit us today to experience this Wrangler Unlimited Rubicon firsthand. Whether you're seeking weekend adventures or dependable daily transportation, this Jeep is ready to serve you well.",available,used,25000.00 USD,https://www.lewisfarmington.com/used/Jeep/2014-Jeep-Wrangler-e9d6ac0aac1811ad1dcb562397eb8c9c.htm,https://pictures.web.dealer.com/l/lewisfordfd/0003/8b70724dfb6b2ae345e2b9d4dc3dafb7x.jpg,1C4HJWFG5EL325983,2014,Jeep,Wrangler,Unlimited Rubicon,SUV,79287,MI,Anvil Clear Coat,Black,AUTOMATIC,4X4,GASOLINE,"{addr1: '323 E Main Street', city: 'Farmington', region: 'AR', postal_code: '72730', country: 'US'}"
1C4BJWDG7EL245223,2014 Jeep Wrangler Unlimited Sport,"This 2014 Jeep Wrangler Unlimited Sport combines rugged capability with practical everyday comfort. Finished in white with black cloth interior, this four-wheel-drive Suv delivers authentic Jeep performance backed by a well-maintained history from a single, local owner. The 3.6L V6 engine and 5-speed automatic transmission provide responsive power for both highway cruising and off-road exploration. - One owner, locally owned, and well maintained - 1 year free oil changes and tire rotation - 6-month/6,000-mile warranty included - Black 3-piece hard top with tubular side steps - Alpine premium audio system with SiriusXM satellite radio - Uconnect voice command with Bluetooth connectivity - Class II receiver hitch with 4-pin trailer tow wiring - Leather-wrapped steering wheel and shift knob - Deep tint sunscreen windows - Auto-dimming mirror with reading lamp This vehicle is Lewis Certified, giving you confidence in its quality and condition. Ready to experience the versatility and proven durability of a Wrangler Unlimited? Visit us today to take this capable Suv for a test drive and discover why Jeep owners choose the legendary combination of adventure and reliability this model delivers.",available,used,22000.00 USD,https://www.lewisfarmington.com/used/Jeep/2014-Jeep-Wrangler-f94265e8ac1800a960af84737364675f.htm,https://pictures.web.dealer.com/l/lewischryslerdodgecllc/0989/e5be60d545cd122253d208d13ad184ebx.jpg,1C4BJWDG7EL245223,2014,Jeep,Wrangler,Unlimited Sport,SUV,128461,MI,Bright White Clearcoat,Black,AUTOMATIC,4X4,GASOLINE,"{addr1: '323 E Main Street', city: 'Farmington', region: 'AR', postal_code: '72730', country: 'US'}"
1C6SRFLT3MN835548,2021 Ram 1500 Rebel,"Home OF The Lewis Guarantee This 2021 Ram 1500 Rebel combines rugged capability with premium truck features. Finished in gray with a black cloth interior, this crew cab delivers the power and technology serious truck owners demand. With the legendary 5.7L Hemi V8 and 4WD capability, you get a truck built to handle any job. - Hemi 5.7L V8 Multi Displacement Vvt Engine - 4WD with Electric Shift-On-Demand Transfer Case - Uconnect 12 Navigation System with 9 Amplified Speakers - Rebel Level 2 Equipment Group & Technology Group - Mopar Spray-In Bedliner - Trailer Tow Group with power mirrors and brake control - 1 Year Free Oil Changes - 1 Year Free Tire Rotation - 6 Month/6,000 Mile Warranty - 33-Gallon Fuel Tank This vehicle comes Lewis Certified, giving you confidence in its quality and condition. The 1500 Rebel is ready to work and ready to impress. Contact us today to schedule your test drive and experience what this capable Ram can do for you.",available,used,36000.00 USD,https://www.lewisfarmington.com/used/Ram/2021-Ram-1500-eaa9fec1ac180e9912b4aee86bfe0420.htm,https://pictures.web.dealer.com/l/lewisfordfd/0361/76aa9cd743d30df37641f23a35c9e9bbx.jpg,1C6SRFLT3MN835548,2021,Ram,1500,Rebel,TRUCK,142196,MI,Granite Crystal Metallic Clearcoat,Black,AUTOMATIC,4X4,GASOLINE,"{addr1: '323 E Main Street', city: 'Farmington', region: 'AR', postal_code: '72730', country: 'US'}"
3C63RRNL1NG385105,2022 Ram 3500 Limited Longhorn,Recent Arrival! Patriot Blue Pearlcoat 2022 Ram 3500 Limited Longhorn 4WD 6-Speed Automatic Cummins 6.7L I6 Turbodiesel Odometer is 29190 miles below market average!,available,used,77000.00 USD,https://www.lewisfarmington.com/used/Ram/2022-Ram-3500-e9635072ac183e1692c7be59df1eda56.htm,https://pictures.web.dealer.com/l/lewischryslerdodgecllc/1293/b71815fe2e7bb5f5aa7db541d2f4477fx.jpg,3C63RRNL1NG385105,2022,Ram,3500,Limited Longhorn,TRUCK,39699,MI,Patriot Blue Pearlcoat,Lt Mountain Brown/Brown,AUTOMATIC,4X4,DIESEL,"{addr1: '323 E Main Street', city: 'Farmington', region: 'AR', postal_code: '72730', country: 'US'}"
5TFDW5F12HX640145,2017 Toyota Tundra SR5,"This 2017 Toyota Tundra SR5 is a well-maintained CrewMax with 79,039 miles on the odometer. The silver exterior and graphite cloth interior are in excellent condition, backed by the dealer's commitment to local service and vehicle care. Powered by a 5.7L V8 Flex Fuel engine with six-speed automatic transmission and 4WD capability, this truck delivers the performance and reliability Tundra owners expect. - 1 year free oil changes - 1 year free tire rotation - 3-year/36,000-mile warranty - HomeLink Universal Transceiver - Auto-dimming rear-view mirror - Front bucket seats with center armrest storage - Urethane tilt/telescopic steering wheel - Entune AM/FM/HD audio with CD player - Electronic stability control and traction control - Rear backup camera This truck is Lewis Certified, giving you added confidence in its quality and condition. This Tundra combines a proven four-wheel-drive platform with the SR5 Upgrade Package and modern convenience features to keep you comfortable on any job or adventure. We invite you to visit our showroom to see this truck in person and take it for a test drive.",available,used,37500.00 USD,https://www.lewisfarmington.com/used/Toyota/2017-Toyota-Tundra-e9ce518fac1844aa370ddd9ea73cb5bc.htm,https://pictures.web.dealer.com/l/lewischryslerdodgecllc/1234/b5d5c7e0cf17e11b8613ce2a099a4817x.jpg,5TFDW5F12HX640145,2017,Toyota,Tundra,SR5,TRUCK,79039,MI,Silver Sky Metallic,Graphite,AUTOMATIC,4X4,FLEX,"{addr1: '323 E Main Street', city: 'Farmington', region: 'AR', postal_code: '72730', country: 'US'}"
1GCVKREC3GZ356083,2016 Chevrolet Silverado 1500 LT,"Recent Arrival! 6-Speed Automatic Electronic with Overdrive, 4WD, Dark Ash With Jet Black Interior Accents Cloth. Summit White 2016 Chevrolet Silverado 1500 LT LT2 4WD 6-Speed Automatic Electronic with Overdrive EcoTec3 5.3L V8",available,used,22000.00 USD,https://www.lewisfarmington.com/used/Chevrolet/2016-Chevrolet-Silverado-1500-eed54591ac180048e88f6d7eb5ffd3d7.htm,https://pictures.web.dealer.com/l/lewisfordfd/1775/0ee1b9876dd9735e2b1d63308914c229x.jpg,1GCVKREC3GZ356083,2016,Chevrolet,Silverado 1500,LT,TRUCK,122717,MI,Summit White,Dark Ash With Jet Black Interior Accents,AUTOMATIC,4X4,GASOLINE,"{addr1: '323 E Main Street', city: 'Farmington', region: 'AR', postal_code: '72730', country: 'US'}"
1GCGTCEN6L1108178,2020 Chevrolet Colorado LT,"Home OF The Lewis Guarantee This 2020 Chevrolet Colorado LT Crew Cab delivers the capability and comfort you need in a dependable mid-size truck. With its powerful V6 engine, 4WD system, and 8-speed automatic transmission, this Colorado handles both daily drives and weekend adventures with confidence. The gray exterior with Jet Black/Dark Ash cloth interior creates a professional, modern appearance that works in any setting. - 1 Year Free Oil Changes & Tire Rotation - 6 Month/6,000 Mile Warranty - Safety Package with Lane Departure Warning & Forward Collision Alert - Power Driver Seat & Power Windows - Chevrolet Infotainment 3 Plus with Apple CarPlay - SiriusXM Radio & HD Radio - Rear Park Assist Camera - 17"" Alloy Wheels with Spray-On Bedliner - Electronic Stability & Traction Control - Remote Keyless Entry & Illuminated Entry This Colorado is Lewis Certified, reflecting our commitment to quality and reliability on every vehicle we offer. The truck offers excellent fuel efficiency at 17 city and 24 highway MPG, while features like Tow/Haul Mode and a rear step bumper make it as practical as it is capable. With over 129,000 miles, this Colorado has proven itself on the road and continues to deliver the performance you expect. We invite you to visit our showroom to experience this truck firsthand and discover why the Lewis Guarantee gives you confidence in your purchase.",available,used,24000.00 USD,https://www.lewisfarmington.com/used/Chevrolet/2020-Chevrolet-Colorado-f940bdaeac180c6d02a6c272edfd7980.htm,https://pictures.web.dealer.com/l/lewisfordfd/1715/b2738771344bcea18ee47f1b72731b24x.jpg,1GCGTCEN6L1108178,2020,Chevrolet,Colorado,LT,TRUCK,129474,MI,Satin Steel Metallic,Jet Black/Dark Ash,AUTOMATIC,4X4,GASOLINE,"{addr1: '323 E Main Street', city: 'Farmington', region: 'AR', postal_code: '72730', country: 'US'}"
1FMWK8HC4SGB49681,2025 Ford Explorer Platinum,"Home OF The Lewis Guarantee This stunning 2025 Ford Explorer Platinum is a premium three-row Suv that delivers sophistication, capability, and advanced technology. Finished in striking black with luxurious salt crystal and onyx leather seating, this Platinum trim offers the elevated comfort and refinement you expect from Ford's flagship Explorer. Powered by a 3.0L EcoBoost V6 engine paired with a 10-speed automatic transmission and 4WD, this Explorer commands the road with confidence. It achieves an estimated 18 city and 25 highway MPG, balancing performance with efficiency across all driving conditions. With just over 26,000 miles, this vehicle is well-maintained and ready for years of dependable service. Key features include: - B&O Sound System by Bang & Olufsen with 14 speakers and SiriusXM 360L - Navigation system and Ford BlueCruise equipped - Apple CarPlay and Android Auto connectivity - Heated and ventilated front seats with heated rear seats - Power moonroof and power liftgate - Premium leather seating with sport captain's chairs - Advanced safety suite with multiple airbags and stability control - Rear-view camera and parking assistance This vehicle is Lewis Certified, ensuring you receive a thoroughly inspected and well-maintained Suv backed by professional standards. Your purchase includes one year of complimentary oil changes and tire rotations, plus a five-year, 60,000-mile warranty for added peace of mind. Visit us today to experience the commanding presence, refined interior, and capable performance this Explorer Platinum delivers.",available,used,54000.00 USD,https://www.lewisfarmington.com/used/Ford/2025-Ford-Explorer-c3819f75ac1815acf5a3493455332822.htm,https://pictures.web.dealer.com/l/lewisfordfd/1715/b2738771344bcea18ee47f1b72731b24x.jpg,1FMWK8HC4SGB49681,2025,Ford,Explorer,Platinum,SUV,26659,MI,Black Metallic,Salt Crystal/Onyx,AUTOMATIC,4X4,GASOLINE,"{addr1: '323 E Main Street', city: 'Farmington', region: 'AR', postal_code: '72730', country: 'US'}"
1FT7W2BT2LED05474,2020 Ford F-250SD XLT,Recent Arrival! 4WD. Gray 2020 Ford F-250SD Xlt 4WD 10-Speed Automatic Power Stroke 6.7L V8 DI 32V Ohv Turbodiesel,available,used,34850.00 USD,https://www.lewisfarmington.com/used/Ford/2020-Ford-F-250SD-f49a4a49ac1831a9b524f53a94476718.htm,https://images.dealer.com/autodata/us/color/2020/USD00FOT128A0/J7.jpg,1FT7W2BT2LED05474,2020,Ford,F-250SD,XLT,TRUCK,216592,MI,Gray,Gray,AUTOMATIC,4X4,DIESEL,"{addr1: '323 E Main Street', city: 'Farmington', region: 'AR', postal_code: '72730', country: 'US'}"
1GKKNXLSXPZ248430,2023 GMC Acadia Denali,"Recent Arrival! AWD, Jet Black Leather. Ebony Twilight Metallic 2023 Gmc Acadia Denali AWD 9-Speed Automatic 3.6L V6 Sidi Odometer is 27012 miles below market average! 19/26 City/Highway MPG",available,used,42500.00 USD,https://www.lewisfarmington.com/used/GMC/2023-GMC-Acadia-f49a4d0dac180b5a8d6e7471ac501e17.htm,https://images.dealer.com/ddc/vehicles/2023/GMC/Acadia/SUV/trim_Denali_555882/color/Ebony%20Twilight%20Metallic-GB8-5%2C5%2C7-640-en_US.jpg,1GKKNXLSXPZ248430,2023,GMC,Acadia,Denali,SUV,22864,MI,Ebony Twilight Metallic,Jet Black,AUTOMATIC,AWD,GASOLINE,"{addr1: '323 E Main Street', city: 'Farmington', region: 'AR', postal_code: '72730', country: 'US'}"
5FNRL6H7XLB039493,2020 Honda Odyssey EX-L,"Home OF The Lewis Guarantee This 2020 Honda Odyssey EX-L offers the practical elegance and refined comfort that family minivans are known for. With its 3.5L V6 Sohc i-VTEC engine paired with a smooth 10-speed automatic transmission, this white minivan delivers dependable performance and an estimated 19 city and 28 highway MPG. Inside, you'll find premium gray leather seat trim throughout a thoughtfully designed interior built for both daily drives and longer journeys. - Heated front bucket seats with power adjustment and driver memory function - Premium audio system with 160-Watt AM/FM/HD/SiriusXM and Apple CarPlay/Android Auto integration - Advanced safety suite including Collision Mitigation Braking System, Lane Keeping Assist, and Blind Spot Information - Power liftgate and rear window defroster for added convenience - Dual-zone automatic climate control with front and rear air conditioning - 18-inch silver-painted alloy wheels with speed-sensitive wipers - Rear backup camera and exterior parking assistance - Reclining third-row seats with split-folding configuration for flexible cargo space - Power moonroof and heated side mirrors with power adjustment - HomeLink garage door transmitter and auto-dimming rearview mirror This Odyssey has been well-maintained and offers the space, comfort, and features that make family travel effortless. Visit us today to experience how this EX-L trim combines practicality with premium appointments.",available,used,21000.00 USD,https://www.lewisfarmington.com/used/Honda/2020-Honda-Odyssey-f8677f2dac180b5a8d6e7471532e9496.htm,https://pictures.web.dealer.com/l/lewisfordfd/1715/b2738771344bcea18ee47f1b72731b24x.jpg,5FNRL6H7XLB039493,2020,Honda,Odyssey,EX-L,VAN,215025,MI,Platinum White,Gray,AUTOMATIC,FWD,GASOLINE,"{addr1: '323 E Main Street', city: 'Farmington', region: 'AR', postal_code: '72730', country: 'US'}"
KM8R3DGE4PU540974,2023 Hyundai Palisade XRT,"Home OF The Lewis Guarantee This 2023 Hyundai Palisade Xrt is a premium three-row Suv that combines capability with sophisticated comfort. Finished in striking black with a matching black interior, this well-appointed vehicle is powered by a 3.6L V6 engine paired with an 8-speed automatic transmission and all-wheel drive, delivering balanced performance and all-weather confidence on the road. - 1 Year Free Oil Changes - 1 Year Free Tire Rotation - 3-Year/36,000-Mile Warranty - Apple CarPlay & Android Auto Integration - Navigation System with Backup Camera - Premium Leatherette Seating with Heated Front Seats - Power Moonroof - 20"" Dark Alloy Wheels - Three-Row Seating with Split Folding Configuration - Dual-Zone Climate Control This Palisade carries Lewis Certified status, backed by our rigorous inspection and quality assurance process. You can shop with confidence knowing this vehicle meets our exacting standards and comes protected. Visit our showroom today to experience the Palisade Xrt firsthand. Our team is ready to answer your questions and help you take this impressive Suv home.",available,used,34000.00 USD,https://www.lewisfarmington.com/used/Hyundai/2023-Hyundai-Palisade-f33ef916ac185289c130f4e683a7c927.htm,https://pictures.web.dealer.com/l/lewisfordfd/0922/794d8f01e4e19585a1d935fec30246dex.jpg,KM8R3DGE4PU540974,2023,Hyundai,Palisade,XRT,SUV,57425,MI,Abyss Black Pearl,Black,AUTOMATIC,AWD,GASOLINE,"{addr1: '323 E Main Street', city: 'Farmington', region: 'AR', postal_code: '72730', country: 'US'}"
ZACCJBCB0HPE86544,2017 Jeep Renegade Trailhawk,"This 2017 Jeep Renegade Trailhawk combines capable 4WD performance with everyday practicality. Finished in black with black cloth interior, this compact Suv is built for adventure and delivers solid efficiency with 21 city and 29 highway mpg. The 2.4L I4 MultiAir engine paired with a 9-speed automatic provides responsive power for both on-road comfort and off-road readiness. - 1 Year Free Oil Changes - 1 Year Free Tire Rotation - 6-Month/6,000-Mile Warranty - Passive Entry with Remote Start - Uconnect 3 Infotainment System with 5"" Display - ParkView Rear Backup Camera - Heated Door Mirrors - Bluetooth Audio Controls - Dual Front Airbags with Occupant Sensing - Alloy Wheels with All-Terrain Capability This vehicle is Lewis Certified, giving you confidence in its quality and reliability. The Trailhawk trim is known for its rugged capability and this example is ready to serve you well. Contact us to schedule a test drive and discover why this Renegade is a smart choice for buyers seeking versatile Suv performance at a great value.",available,used,14000.00 USD,https://www.lewisfarmington.com/used/Jeep/2017-Jeep-Renegade-f6ac8db9ac184161c3469b75338ff244.htm,https://pictures.web.dealer.com/l/lewischryslerdodgecllc/1148/f45e0082a3a9fab741bc4de6ee065067x.jpg,ZACCJBCB0HPE86544,2017,Jeep,Renegade,Trailhawk,SUV,101630,MI,Black,Black,AUTOMATIC,4X4,GASOLINE,"{addr1: '323 E Main Street', city: 'Farmington', region: 'AR', postal_code: '72730', country: 'US'}"
JM3KFADMXJ0393489,2018 Mazda CX-5 Grand Touring,"Recent Arrival! 3YR/36,000 Mile Warranty, Grand Touring, Parchment Leather, 19 x 7J Aluminum Alloy Wheels, Alloy wheels, Bose 10-Speaker Audio Sound System, Navigation System, Power moonroof. Jet Black Mica 2018 Mazda CX-5 Grand Touring FWD 6-Speed Automatic SKYACTIVÂ®-G 2.5L 4-Cylinder Dohc 16V Odometer is 4289 miles below market average! 25/31 City/Highway MPG Awards: * 2018 KBB.com Brand Image Awards",available,used,21000.00 USD,https://www.lewisfarmington.com/used/Mazda/2018-Mazda-CX-5-f4f5201cac184161c3469b754843e401.htm,https://pictures.web.dealer.com/l/lewisfordfd/1715/b2738771344bcea18ee47f1b72731b24x.jpg,JM3KFADMXJ0393489,2018,Mazda,CX-5,Grand Touring,SUV,89843,MI,Jet Black Mica,Parchment,AUTOMATIC,FWD,GASOLINE,"{addr1: '323 E Main Street', city: 'Farmington', region: 'AR', postal_code: '72730', country: 'US'}"
5N1AT3BB7MC844063,2021 Nissan Rogue SV,"Home OF The Lewis Guarantee This 2021 Nissan Rogue SV combines practical design with everyday reliability. With 75,409 miles, this gray crossover delivers dependable performance in an AWD configuration, making it an excellent choice for drivers seeking versatility and safety on any road condition. The Rogue SV is powered by a 2.5L four-cylinder engine paired with a Cvt transmission, delivering 25 city and 32 highway MPG. Key features include: - NissanConnect with Apple CarPlay and Android Auto - Power panoramic moonroof - Heated driver and front passenger seats - Automatic temperature control with dual front zone A/C - 18"" aluminum alloy wheels - Rear parking sensors - Electronic stability control and traction control - Roof rails - Heated leather-wrapped steering wheel - Remote keyless entry - Four-wheel independent suspension This vehicle is Lewis Certified, offering peace of mind with a 3-year/36,000-mile warranty plus one year of free oil changes and tire rotations. Visit us today to experience the quality and value that the Lewis Guarantee represents. We're confident this Rogue SV will exceed your expectations.",available,used,22500.00 USD,https://www.lewisfarmington.com/used/Nissan/2021-Nissan-Rogue-f4f51ac9ac18126d7bdb382d98713962.htm,https://pictures.web.dealer.com/l/lewisfordfd/1183/37b1b04279d70ee3d684872e208f84e4x.jpg,5N1AT3BB7MC844063,2021,Nissan,Rogue,SV,SUV,75409,MI,Gun Metallic,Charcoal,AUTOMATIC,AWD,GASOLINE,"{addr1: '323 E Main Street', city: 'Farmington', region: 'AR', postal_code: '72730', country: 'US'}"
1C6SRFHT9KN910839,2019 Ram 1500 Limited,"Recent Arrival! 6MO/6,000 Mile Warranty, Limited, 4WD. Delmonico Red Pearlcoat 2019 Ram 1500 Limited 4WD 8-Speed Automatic Hemi 5.7L V8 Multi Displacement Vvt Awards: * Motor Trend Automobiles of the year * 2019 KBB.com Best Auto Tech Awards * 2019 KBB.com 10 Best Road Trip Cars * Nactoy 2019 North American Truck of the Year * 2019 KBB.com 10 Favorite New-for-2019 Cars",available,used,32500.00 USD,https://www.lewisfarmington.com/used/Ram/2019-Ram-1500-f4f51c82ac185176b72bbf84cbeecd90.htm,https://pictures.web.dealer.com/l/lewisfordfd/0863/4c199bc0a0db13bac742e22ce62347c9x.jpg,1C6SRFHT9KN910839,2019,Ram,1500,Limited,TRUCK,126881,MI,Delmonico Red Pearlcoat,Indigo/Frost,AUTOMATIC,4X4,GASOLINE,"{addr1: '323 E Main Street', city: 'Farmington', region: 'AR', postal_code: '72730', country: 'US'}"
1C6SRFLT4PN539278,2023 Ram 1500 Rebel,"This stunning 2023 Ram 1500 Rebel delivers premium power and capability wrapped in a sharp white exterior with sophisticated black leather interior. With the legendary Hemi 5.7L V8 engine paired to an 8-speed automatic transmission and aggressive 4WD capability, this crew cab offers serious performance for work or weekend adventure. At just over 100,000 miles, this one-owner truck has been well maintained and remains a commanding presence on the road. - 1 Year Free Tire Rotation - 6 Months/6,000 Mile Warranty - Hemi 5.7L V8 with eTorque - Dual-Pane Panoramic Sunroof - Uconnect 5 Navigation with 12.0"" Touchscreen - Harman/Kardon 19-Speaker Premium Sound System - SiriusXM 360L Satellite Radio - Heated & Power Adjustable Seats with Lumbar Support - ParkSense Front/Rear Park Assist with Stop - Class IV Receiver Hitch with Trailer Brake Control The Rebel trim brings distinctive styling cues including the black accent mirrors, black grille badge, and black front bumper that set this truck apart. Inside, you'll appreciate the wireless charging pad, heated steering wheel, and remote start for those cold mornings. The 33-gallon fuel tank and electric shift-on-demand transfer case make this rig equally at home on the highway or off the beaten path. Visit us today to experience the commanding drive and premium features that make the Ram 1500 Rebel the choice for those who demand more from their truck.",available,used,45000.00 USD,https://www.lewisfarmington.com/used/Ram/2023-Ram-1500-f6ac8b7bac184360841f2b562c071df7.htm,https://pictures.web.dealer.com/l/lewischryslerdodgecllc/0806/6230b23bbcd06b8149d90cd04e28571fx.jpg,1C6SRFLT4PN539278,2023,Ram,1500,Rebel,TRUCK,100022,MI,Bright White Clearcoat,Black,AUTOMATIC,4X4,GASOLINE,"{addr1: '323 E Main Street', city: 'Farmington', region: 'AR', postal_code: '72730', country: 'US'}"
3GCUKTEC0EG292977,2014 Chevrolet Silverado 1500 High Country,"Recent Arrival! Priced below KBB Fair Purchase Price! 6-Speed Automatic Electronic with Overdrive, 4WD, Saddle Leather. Tungsten Metallic 2014 Chevrolet Silverado 1500 High Country 4WD 6-Speed Automatic Electronic with Overdrive EcoTec3 5.3L V8 Flex Fuel Odometer is 109591 miles below market average! Awards: * Nactoy 2014 North American Truck of the Year * 2014 KBB.com Brand Image Awards",available,used,29500.00 USD,https://www.lewisfarmington.com/used/Chevrolet/2014-Chevrolet-Silverado-1500-fd1d8ee3ac182086a01a5166bab3eb3a.htm,https://pictures.web.dealer.com/l/lewischryslerdodgecllc/1148/f45e0082a3a9fab741bc4de6ee065067x.jpg,3GCUKTEC0EG292977,2014,Chevrolet,Silverado 1500,High Country,TRUCK,41174,MI,Tungsten Metallic,Saddle,AUTOMATIC,4X4,FLEX,"{addr1: '323 E Main Street', city: 'Farmington', region: 'AR', postal_code: '72730', country: 'US'}"
1FTFW1ED1NFB22882,2022 Ford F-150 XL,"Recent Arrival! 3.5L PowerBoost Full-Hybrid V6, 4WD. Oxford White 2022 Ford F-150 XL 4WD 10-Speed Automatic 3.5L PowerBoost Full-Hybrid V6",available,used,31700.00 USD,https://www.lewisfarmington.com/used/Ford/2022-Ford-F-150-f49a4bc4ac18126d7bdb382da36d6d57.htm,https://images.dealer.com/autodata/us/color/2022/USD20FOT11AA0/YZ.jpg,1FTFW1ED1NFB22882,2022,Ford,F-150,XL,TRUCK,106785,MI,Oxford White,Black W/Medium Dark Slate,AUTOMATIC,4X4,HYBRID,"{addr1: '323 E Main Street', city: 'Farmington', region: 'AR', postal_code: '72730', country: 'US'}"
1FTEW1EF0HKD38540,2017 Ford F-150 XLT,Recent Arrival! 4WD. Magnetic 2017 Ford F-150 Xlt 4WD 6-Speed Automatic Electronic 5.0L V8 Ffv Odometer is 36963 miles below market average! Awards: * 2017 KBB.com 10 Most Awarded Brands * 2017 KBB.com Brand Image Awards,available,used,27000.00 USD,https://www.lewisfarmington.com/used/Ford/2017-Ford-F-150-f4f71a4fac184161c3469b750d4c3669.htm,https://images.dealer.com/autodata/us/large_stockphoto-color/2017/USC70FOT11AA0/J7.jpg,1FTEW1EF0HKD38540,2017,Ford,F-150,XLT,TRUCK,90538,MI,Magnetic,Black,AUTOMATIC,4X4,FLEX,"{addr1: '323 E Main Street', city: 'Farmington', region: 'AR', postal_code: '72730', country: 'US'}"
3GTUUGEL3RG420328,2024 GMC Sierra 1500 Denali,"Home OF The Lewis Guarantee This 2024 Gmc Sierra 1500 Denali Crew Cab delivers commanding presence and premium capability in a stunning White Frost Tricoat finish. With a potent EcoTec3 6.2L V8 engine, active sport-mode exhaust, and confident 4WD handling, this truck combines performance with the refined luxury of Jet Black Leather seating and Denali Reserve Package appointments. At 42,862 miles, it remains fresh and ready for both work and weekend adventures. - Premium Bose 7-speaker audio system with SiriusXM 360L satellite radio - Wireless Apple CarPlay and Android Auto connectivity - 12-way power driver and passenger seat adjusters with lumbar support and ventilation - Heated and ventilated front seats with heated rear outboard seating - Multicolor 15-inch head-up display with forward collision alert and lane keep assist - HD Surround Vision, rear camera mirror, and integrated trailer brake controller - Dual active exhaust with sport-mode capability and distinctive Denali chrome grille - Power sunroof and MultiPro power running boards - Console-mounted safe and rear underseat composite storage - 20-inch multi-dimensional polished aluminum wheels Every detail reflects Denali's commitment to excellence, from the chrome recovery hooks and trailer tire pressure monitoring to the spray-on bedliner with Denali logo. Enjoy confidence on the road with advanced safety technologies including automatic emergency braking, rear cross-traffic braking, and OnStar connectivity. Visit us today to experience the capability and sophistication this Sierra 1500 Denali offers. We're here to help you drive home in a truck that truly stands apart.",available,used,57000.00 USD,https://www.lewisfarmington.com/used/GMC/2024-GMC-Sierra-1500-fa1e5931ac184769a7e647636101660e.htm,https://pictures.web.dealer.com/l/lewisfordfd/1633/20a2ccdee9171fa7db6d74f7ca603f37x.jpg,3GTUUGEL3RG420328,2024,GMC,Sierra 1500,Denali,TRUCK,42862,MI,White Frost Tricoat,Jet Black,AUTOMATIC,4X4,GASOLINE,"{addr1: '323 E Main Street', city: 'Farmington', region: 'AR', postal_code: '72730', country: 'US'}"
MAJ3P1VE4JC242413,2018 Ford EcoSport Titanium,"Home OF The Lewis Guarantee This 2018 Ford EcoSport Titanium delivers practical compact Suv performance in an attractive silver exterior with a refined medium light stone interior. With just over 73,000 miles, this FWD model combines fuel efficiency and everyday capability, backed by genuine Ford engineering and an impressive array of comfort and convenience features. - 1 Year Free Oil Changes - 1 Year Free Tire Rotation - 3Yr/36,000 Mile Warranty - Sync 3 Communications & Entertainment System with AppLink/Apple CarPlay and Android Auto - Remote Start System (Dealer Installed) - Power Moonroof - Heated Front Seats with Perforated Leather-Trimmed Bucket Seats - Navigation System - Exterior Parking Camera with Rear Parking Sensors - Fully Automatic Headlights with Front Fog Lights This vehicle is Lewis Certified, ensuring you're purchasing a vehicle that meets our rigorous quality and safety standards. You can buy with confidence knowing this EcoSport has been thoroughly inspected and approved. The EcoBoost 1.0L turbocharged engine delivers responsive performance while returning a solid 27 city/29 highway MPG. Stop by our showroom today to experience this well-equipped Titanium trim and discover why the Lewis Guarantee matters to drivers like you.",available,used,15000.00 USD,https://www.lewisfarmington.com/used/Ford/2018-Ford-EcoSport-00fa41edac185c43e2a374eca6ea5291.htm,https://pictures.web.dealer.com/l/lewisfordfd/1715/b2738771344bcea18ee47f1b72731b24x.jpg,MAJ3P1VE4JC242413,2018,Ford,EcoSport,Titanium,SUV,73457,MI,Silver Metallic,Medium Light Stone,AUTOMATIC,FWD,GASOLINE,"{addr1: '323 E Main Street', city: 'Farmington', region: 'AR', postal_code: '72730', country: 'US'}"
2FMPK4G96PBA10914,2023 Ford Edge SE,"Home OF The Lewis Guarantee This 2023 Ford Edge SE delivers dependable performance and versatile capability in a stylish black Suv. With an EcoBoost 2.0L turbocharged engine paired with an 8-speed automatic transmission and AWD, you get confident handling and solid fuel efficiency at 21 city and 28 highway miles per gallon. The ebony interior provides a refined backdrop to a well-equipped cabin designed for comfort and connectivity. Features: - 1 Year Free Oil Changes - 1 Year Free Tire Rotation - 3-Year/36,000-Mile Warranty - Sync 4A with Enhanced Voice Recognition - SiriusXM with 360L Satellite Radio - Automatic Temperature Control with Dual-Zone Front A/C - 18"" Sparkle Silver-Painted Aluminum Wheels - Telescoping Tilt Steering Wheel with Audio Controls - Rear Window Defroster and Wiper - Full Suite of Airbags Including Knee and Overhead Protection This Edge is Lewis Certified, giving you added peace of mind and confidence in your purchase. Every detail on this Edge has been carefully maintained. At 72,000 miles, it represents an excellent value with plenty of life ahead. We invite you to visit our showroom today to experience the quality and reliability this 2023 Ford Edge SE has to offer.",available,used,23500.00 USD,https://www.lewisfarmington.com/used/Ford/2023-Ford-Edge-ff4427a6ac185314b2d6ad0832eb849d.htm,https://pictures.web.dealer.com/l/lewisfordfd/1715/b2738771344bcea18ee47f1b72731b24x.jpg,2FMPK4G96PBA10914,2023,Ford,Edge,SE,SUV,72000,MI,Agate Black Metallic,Ebony,AUTOMATIC,AWD,GASOLINE,"{addr1: '323 E Main Street', city: 'Farmington', region: 'AR', postal_code: '72730', country: 'US'}"
3FTTW8E39NRA99969,2022 Ford Maverick XLT,"Meet this capable 2022 Ford Maverick Xlt, finished in striking blue with a navy pier and medium slate interior. This fuel-efficient hybrid delivers impressive 42 city and 33 highway mpg, making it an ideal choice for drivers seeking smart performance without sacrificing capability. The SuperCrew Extra Short Box configuration provides comfortable seating and a practical bed for both work and weekend adventures. - Xlt Luxury Package - 2.5L Hybrid Engine with Cvt Transmission - Apple CarPlay and Android Auto Integration - Heated Front Seats with Leather-Wrapped Heated Steering Wheel - Rear View Camera - Remote Start System - LED Box Lighting - Spray-In Bedliner - 4G Lte Wi-Fi Hotspot - Trailer Hitch Receiver with 4-Pin Connector This Maverick delivers excellent fuel economy combined with standard hybrid efficiency, ensuring you'll spend more time driving and less time at the pump. The thoughtfully appointed cabin features automatic climate control, power windows and steering, and convenient steering wheel-mounted audio controls. Don't miss the opportunity to own this practical, efficient truckâ""stop by today to take it for a test drive.",available,used,15000.00 USD,https://www.lewisfarmington.com/used/Ford/2022-Ford-Maverick-fe00ef0dac182bbe2d998cdff53fabb1.htm,https://pictures.web.dealer.com/l/lewisfordfd/1715/b2738771344bcea18ee47f1b72731b24x.jpg,3FTTW8E39NRA99969,2022,Ford,Maverick,XLT,TRUCK,209128,MI,Alto Blue Tinted Clearcoat Metallic,Navy Pier / Medium Slate,AUTOMATIC,FWD,HYBRID,"{addr1: '323 E Main Street', city: 'Farmington', region: 'AR', postal_code: '72730', country: 'US'}"
1FTER4FH7NLD14864,2022 Ford Ranger Lariat,Recent Arrival! 4WD. Chili Pepper Red 2022 Ford Ranger Lariat 4WD 10-Speed Automatic EcoBoost 2.3L I4 GTDi Dohc Turbocharged Vct Odometer is 25988 miles below market average!,available,used,37500.00 USD,https://www.lewisfarmington.com/used/Ford/2022-Ford-Ranger-fd1d8d13ac180947ed7468083f72392d.htm,https://pictures.web.dealer.com/l/lewischryslerdodgecllc/1148/f45e0082a3a9fab741bc4de6ee065067x.jpg,1FTER4FH7NLD14864,2022,Ford,Ranger,Lariat,TRUCK,35534,MI,Chili Pepper Red,Ebony,AUTOMATIC,4X4,GASOLINE,"{addr1: '323 E Main Street', city: 'Farmington', region: 'AR', postal_code: '72730', country: 'US'}"
1HGFA16568L032396,2008 Honda Civic LX,"Home OF The Lewis Guarantee This 2008 Honda Civic LX sedan combines practicality with Honda's reputation for reliability. With over 116,000 miles, this silver four-door has been well-maintained and remains a solid choice for drivers seeking an efficient, everyday vehicle. The responsive 1.8L four-cylinder engine pairs with a smooth five-speed automatic transmission for dependable performance on city streets and highways alike. - 1 Year Free Oil Changes - 1 Year Free Tire Rotation - 6-Month/6,000-Mile Warranty - AM/FM/CD Audio System - Air Conditioning - Remote Keyless Entry - Power Windows and Steering - ABS Brakes - Dual Front Airbags - Telescoping Steering Wheel This Civic is Lewis Certified, giving you added confidence in its condition and history. Rated at 25 city and 36 highway MPG, this Civic delivers the fuel efficiency you expect from Honda. The cloth interior is clean and straightforward, with comfortable front bucket seats and a user-friendly layout. Stop by to test drive this reliable sedan and experience why the Civic remains a favorite among practical buyers.",available,used,10000.00 USD,https://www.lewisfarmington.com/used/Honda/2008-Honda-Civic-fe673d48ac185314b2d6ad0801077ef0.htm,https://pictures.web.dealer.com/l/lewisfordfd/1715/b2738771344bcea18ee47f1b72731b24x.jpg,1HGFA16568L032396,2008,Honda,Civic,LX,SEDAN,116245,MI,Silver,Gray,AUTOMATIC,FWD,GASOLINE,"{addr1: '323 E Main Street', city: 'Farmington', region: 'AR', postal_code: '72730', country: 'US'}"
1G1YB2D41M5105363,2021 Chevrolet Corvette Stingray,"Recent Arrival! Torch Red 2021 Chevrolet Corvette Stingray 2LT RWD 8 Speed Dual Clutch 6.2L V8 15/27 City/Highway MPG Awards: * JD Power Automotive Performance, Execution and Layout (Apeal) Study, Initial Quality Study * Car and Driver 10 Best * Alg Residual Value Car and Driver, January 2017.",available,used,68000.00 USD,https://www.lewisfarmington.com/used/Chevrolet/2021-Chevrolet-Corvette-a643fbefac1852eb1ff181cc5e7f0672.htm,https://pictures.web.dealer.com/l/lewischryslerdodgecllc/1069/b2738771344bcea18ee47f1b72731b24x.jpg,1G1YB2D41M5105363,2021,Chevrolet,Corvette,Stingray,COUPE,22420,MI,Torch Red,Red,AUTOMATIC,RWD,GASOLINE,"{addr1: '323 E Main Street', city: 'Farmington', region: 'AR', postal_code: '72730', country: 'US'}"
1GNALBEK2EZ103657,2014 Chevrolet Equinox LT,"Home OF The Lewis Guarantee This 2014 Chevrolet Equinox LT 1LT delivers practical performance in an easy-to-drive midsize Suv package. Finished in striking Crystal Red Tintcoat with a cloth interior, this FWD model combines everyday reliability with comfortable accommodations for families and commuters alike. - 2.4L 4-Cylinder Sidi Dohc Engine with 6-Speed Automatic Transmission - Chevrolet MyLink Audio System with SiriusXM Satellite Radio and CD Player - Remote Vehicle Starter System with Remote Keyless Entry - 8-Way Power Driver Seat with Front Bucket Seats and Center Armrest - Rear-View Camera and Cargo Convenience Package - Black Roof Rack Cross Bars with Integrated Rails - Premium Cloth Seat Trim with Split-Folding Rear Seat - Electronic Stability Control and Four-Wheel Disc Brakes - Dual Front and Side Impact Airbags with Overhead Airbags - 17-Inch Aluminum Alloy Wheels This vehicle is Lewis Certified, reflecting our commitment to quality and customer confidence. With 22 city and 32 highway MPG, this Equinox provides efficient transportation for your daily needs. The spacious interior, practical cargo solutions, and intuitive controls make it an excellent choice for active families. We invite you to visit our showroom for a test drive and experience the value this reliable Suv offers.",available,used,10000.00 USD,https://www.lewisfarmington.com/used/Chevrolet/2014-Chevrolet-Equinox-e8f482dfac181130db090a685707c08c.htm,https://pictures.web.dealer.com/l/lewisfordfd/0532/b31b2e3ad8a9a943e9d92a6784f001fex.jpg,1GNALBEK2EZ103657,2014,Chevrolet,Equinox,LT,SUV,181597,MI,Crystal Red Tintcoat,Black,AUTOMATIC,FWD,GASOLINE,"{addr1: '323 E Main Street', city: 'Farmington', region: 'AR', postal_code: '72730', country: 'US'}"
1FMEE9BP7RLA70446,2024 Ford Bronco Badlands,"Home OF The Lewis Guarantee This 2024 Ford Bronco Badlands is a bold 4-door Suv built for adventure. With its gray exterior and black onyx leather interior, this 4WD machine delivers rugged capability paired with modern comfort. The 2.7L EcoBoost V6 paired with a 10-speed automatic transmission provides responsive power on any terrain. - 1 Year Free Tire Rotation - 5 Year/60,000 Mile Warranty - Sync 4 Infotainment System - B&O Sound System by Bang & Olufsen with SiriusXM Radio - 360-Degree Camera with Front/Rear Parking Sensors - Heated Steering Wheel and Heated Door Mirrors - Leather-Trimmed Bucket Seats with Wireless Charging Pad - Carbonized Gray Molded-In-Color Hard Top - Evasive Steering Assist and Electronic Stability Control - 17"" Machined Carbonized Aluminum Wheels This vehicle comes Lewis Certified, providing you with confidence and peace of mind in your purchase. Built for those who demand both capability and quality, this Badlands is ready for your next journey. Visit us today to experience the confidence that comes from owning a fully certified Bronco.",available,used,54500.00 USD,https://www.lewisfarmington.com/used/Ford/2024-Ford-Bronco-03fb194bac182bbee63c6cf30d73247b.htm,https://pictures.web.dealer.com/l/lewisfordfd/1715/b2738771344bcea18ee47f1b72731b24x.jpg,1FMEE9BP7RLA70446,2024,Ford,Bronco,Badlands,SUV,39382,MI,Gray Metallic,Black Onyx,AUTOMATIC,4X4,GASOLINE,"{addr1: '323 E Main Street', city: 'Farmington', region: 'AR', postal_code: '72730', country: 'US'}"
1C6JJTBG0NL106605,2022 Jeep Gladiator Rubicon,"Home OF The Lewis Guarantee This 2022 Jeep Gladiator Rubicon delivers the distinctive capability and craftsmanship you expect from Jeep's legendary truck platform. With a 3.6L V6 engine, 8-speed automatic transmission, and genuine 4WD performance, this locally owned crew cab short box combines rugged off-road engineering with refined daily driving comfort. The striking black exterior with black leather interior and mopar hardtop provide that iconic Gladiator presence, while low mileage at just over 31,000 miles demonstrates careful ownership. Key Features: - Trailer Tow Package for hauling capability - LED Lighting Group with premium reflector headlamps and taillamps - Cold Weather Group with heated mirrors and rear window defroster - Black leather-trimmed bucket seats - Body color 3-piece hard top - Integrated off-road camera and remote start system - Uconnect 4C Nav with 8.4"" touchscreen and Apple CarPlay/Android Auto - ParkView rear back-up camera - Performance suspension with 4.10 rear axle ratio This vehicle is Lewis Certified, backed by comprehensive inspection and quality assurance standards that give you confidence in your purchase. We include one year of free oil changes and tire rotations, plus a five-year, 60,000-mile warranty for added peace of mind. Visit us today to experience this capable Rubicon in person and discover why the Gladiator remains the leader in modern truck design.",available,used,42000.00 USD,https://www.lewisfarmington.com/used/Jeep/2022-Jeep-Gladiator-04d712eeac184769a7e6476352c512fc.htm,https://pictures.web.dealer.com/l/lewisfordfd/1715/b2738771344bcea18ee47f1b72731b24x.jpg,1C6JJTBG0NL106605,2022,Jeep,Gladiator,Rubicon,TRUCK,31125,MI,Black Clearcoat,Black,AUTOMATIC,4X4,GASOLINE,"{addr1: '323 E Main Street', city: 'Farmington', region: 'AR', postal_code: '72730', country: 'US'}"
JA4J4TA81NZ064155,2022 Mitsubishi Outlander ES,"Home OF The Lewis Guarantee This 2022 Mitsubishi Outlander ES delivers practical three-row seating and capable all-wheel drive in a well-equipped package. With a 2.5L 4-cylinder engine and Cvt transmission, this black 4D sport utility offers a comfortable ride for families and commuters alike. - 4WD with electronic stability control and traction control - 8.0"" smartphone link display audio with Android Auto and Apple CarPlay - Front dual zone automatic climate control - Three-row seating with split folding rear seat and reclining third row - Rear parking camera and sensors - Leather seat trim with front bucket seats - 18"" alloy wheels - Dual front and side impact airbags with knee and overhead airbags - Power windows, locks, and steering with tilt and telescope adjustment - SiriusXM satellite radio This well-maintained Outlander is ready for your next adventure. Come see it today and experience the difference quality and reliability can make.",available,used,17000.00 USD,https://www.lewisfarmington.com/used/Mitsubishi/2022-Mitsubishi-Outlander-046ebfbaac184769a7e64763d1da72c0.htm,https://pictures.web.dealer.com/l/lewisfordfd/1715/b2738771344bcea18ee47f1b72731b24x.jpg,JA4J4TA81NZ064155,2022,Mitsubishi,Outlander,ES,OTHER,153074,MI,Black,Black,AUTOMATIC,4X4,GASOLINE,"{addr1: '323 E Main Street', city: 'Farmington', region: 'AR', postal_code: '72730', country: 'US'}"
